-- MySQL dump 10.13  Distrib 8.0.28, for Win64 (x86_64)
--
-- Host: 3.36.69.192    Database: educolab
-- ------------------------------------------------------
-- Server version	8.0.30-0ubuntu0.20.04.2

/*!40101 SET @OLD_CHARACTER_SET_CLIENT=@@CHARACTER_SET_CLIENT */;
/*!40101 SET @OLD_CHARACTER_SET_RESULTS=@@CHARACTER_SET_RESULTS */;
/*!40101 SET @OLD_COLLATION_CONNECTION=@@COLLATION_CONNECTION */;
/*!50503 SET NAMES utf8 */;
/*!40103 SET @OLD_TIME_ZONE=@@TIME_ZONE */;
/*!40103 SET TIME_ZONE='+00:00' */;
/*!40014 SET @OLD_UNIQUE_CHECKS=@@UNIQUE_CHECKS, UNIQUE_CHECKS=0 */;
/*!40014 SET @OLD_FOREIGN_KEY_CHECKS=@@FOREIGN_KEY_CHECKS, FOREIGN_KEY_CHECKS=0 */;
/*!40101 SET @OLD_SQL_MODE=@@SQL_MODE, SQL_MODE='NO_AUTO_VALUE_ON_ZERO' */;
/*!40111 SET @OLD_SQL_NOTES=@@SQL_NOTES, SQL_NOTES=0 */;

--
-- Table structure for table `account_emailaddress`
--

DROP TABLE IF EXISTS `account_emailaddress`;
/*!40101 SET @saved_cs_client     = @@character_set_client */;
/*!50503 SET character_set_client = utf8mb4 */;
CREATE TABLE `account_emailaddress` (
  `id` int NOT NULL AUTO_INCREMENT,
  `email` varchar(254) NOT NULL,
  `verified` tinyint(1) NOT NULL,
  `primary` tinyint(1) NOT NULL,
  `user_id` varchar(20) NOT NULL,
  PRIMARY KEY (`id`),
  UNIQUE KEY `email` (`email`),
  KEY `account_emailaddress_user_id_2c513194_fk_accounts_` (`user_id`),
  CONSTRAINT `account_emailaddress_user_id_2c513194_fk_accounts_` FOREIGN KEY (`user_id`) REFERENCES `accounts_userinfo` (`username`)
) ENGINE=InnoDB AUTO_INCREMENT=34 DEFAULT CHARSET=utf8mb4 COLLATE=utf8mb4_0900_ai_ci;
/*!40101 SET character_set_client = @saved_cs_client */;

--
-- Dumping data for table `account_emailaddress`
--

LOCK TABLES `account_emailaddress` WRITE;
/*!40000 ALTER TABLE `account_emailaddress` DISABLE KEYS */;
INSERT INTO `account_emailaddress` VALUES (16,'stu07@stu.com',0,1,'stu07'),(17,'stu08@stu.com',0,1,'stu08'),(18,'ehddb2252@gmail.com',0,1,'ehddb2252'),(19,'ehddb2252@naver.com',0,1,'Ejddb2252'),(20,'h5282000@naver.com',0,1,'h5282000'),(21,'test@test.com',0,1,'sal0203'),(22,'h5282001@naver.com',0,1,'teacher00'),(23,'coach_teach@gmail.com',0,1,'coach_teach'),(24,'consultant_teach@gmail.com',0,1,'consultant_teach'),(25,'consultant_stu@gmail.com',0,1,'consultant_stu'),(26,'test2@test.com',0,1,'onethreeone'),(27,'test52@gmail.com',0,1,'onethreetwo'),(28,'testi82@test.com',0,1,'onethreeth'),(29,'tekjhs8@teha.com',0,1,'onefourone'),(30,'teas2@test.com',0,1,'onefourtwo'),(31,'test523@test.com',0,1,'coach_stu'),(32,'codepark21@gmail.com',0,1,'tontonyufriendjyp'),(33,'gkswlstjdwkd@naver.com',0,1,'h5282001');
/*!40000 ALTER TABLE `account_emailaddress` ENABLE KEYS */;
UNLOCK TABLES;
/*!40103 SET TIME_ZONE=@OLD_TIME_ZONE */;

/*!40101 SET SQL_MODE=@OLD_SQL_MODE */;
/*!40014 SET FOREIGN_KEY_CHECKS=@OLD_FOREIGN_KEY_CHECKS */;
/*!40014 SET UNIQUE_CHECKS=@OLD_UNIQUE_CHECKS */;
/*!40101 SET CHARACTER_SET_CLIENT=@OLD_CHARACTER_SET_CLIENT */;
/*!40101 SET CHARACTER_SET_RESULTS=@OLD_CHARACTER_SET_RESULTS */;
/*!40101 SET COLLATION_CONNECTION=@OLD_COLLATION_CONNECTION */;
/*!40111 SET SQL_NOTES=@OLD_SQL_NOTES */;

-- Dump completed on 2022-08-19 10:03:16

-- MySQL dump 10.13  Distrib 8.0.28, for Win64 (x86_64)
--
-- Host: 3.36.69.192    Database: educolab
-- ------------------------------------------------------
-- Server version	8.0.30-0ubuntu0.20.04.2

/*!40101 SET @OLD_CHARACTER_SET_CLIENT=@@CHARACTER_SET_CLIENT */;
/*!40101 SET @OLD_CHARACTER_SET_RESULTS=@@CHARACTER_SET_RESULTS */;
/*!40101 SET @OLD_COLLATION_CONNECTION=@@COLLATION_CONNECTION */;
/*!50503 SET NAMES utf8 */;
/*!40103 SET @OLD_TIME_ZONE=@@TIME_ZONE */;
/*!40103 SET TIME_ZONE='+00:00' */;
/*!40014 SET @OLD_UNIQUE_CHECKS=@@UNIQUE_CHECKS, UNIQUE_CHECKS=0 */;
/*!40014 SET @OLD_FOREIGN_KEY_CHECKS=@@FOREIGN_KEY_CHECKS, FOREIGN_KEY_CHECKS=0 */;
/*!40101 SET @OLD_SQL_MODE=@@SQL_MODE, SQL_MODE='NO_AUTO_VALUE_ON_ZERO' */;
/*!40111 SET @OLD_SQL_NOTES=@@SQL_NOTES, SQL_NOTES=0 */;

--
-- Table structure for table `account_emailconfirmation`
--

DROP TABLE IF EXISTS `account_emailconfirmation`;
/*!40101 SET @saved_cs_client     = @@character_set_client */;
/*!50503 SET character_set_client = utf8mb4 */;
CREATE TABLE `account_emailconfirmation` (
  `id` int NOT NULL AUTO_INCREMENT,
  `created` datetime(6) NOT NULL,
  `sent` datetime(6) DEFAULT NULL,
  `key` varchar(64) NOT NULL,
  `email_address_id` int NOT NULL,
  PRIMARY KEY (`id`),
  UNIQUE KEY `key` (`key`),
  KEY `account_emailconfirm_email_address_id_5b7f8c58_fk_account_e` (`email_address_id`),
  CONSTRAINT `account_emailconfirm_email_address_id_5b7f8c58_fk_account_e` FOREIGN KEY (`email_address_id`) REFERENCES `account_emailaddress` (`id`)
) ENGINE=InnoDB DEFAULT CHARSET=utf8mb4 COLLATE=utf8mb4_0900_ai_ci;
/*!40101 SET character_set_client = @saved_cs_client */;

--
-- Dumping data for table `account_emailconfirmation`
--

LOCK TABLES `account_emailconfirmation` WRITE;
/*!40000 ALTER TABLE `account_emailconfirmation` DISABLE KEYS */;
/*!40000 ALTER TABLE `account_emailconfirmation` ENABLE KEYS */;
UNLOCK TABLES;
/*!40103 SET TIME_ZONE=@OLD_TIME_ZONE */;

/*!40101 SET SQL_MODE=@OLD_SQL_MODE */;
/*!40014 SET FOREIGN_KEY_CHECKS=@OLD_FOREIGN_KEY_CHECKS */;
/*!40014 SET UNIQUE_CHECKS=@OLD_UNIQUE_CHECKS */;
/*!40101 SET CHARACTER_SET_CLIENT=@OLD_CHARACTER_SET_CLIENT */;
/*!40101 SET CHARACTER_SET_RESULTS=@OLD_CHARACTER_SET_RESULTS */;
/*!40101 SET COLLATION_CONNECTION=@OLD_COLLATION_CONNECTION */;
/*!40111 SET SQL_NOTES=@OLD_SQL_NOTES */;

-- Dump completed on 2022-08-19 10:03:19
-- MySQL dump 10.13  Distrib 8.0.28, for Win64 (x86_64)
--
-- Host: 3.36.69.192    Database: educolab
-- ------------------------------------------------------
-- Server version	8.0.30-0ubuntu0.20.04.2

/*!40101 SET @OLD_CHARACTER_SET_CLIENT=@@CHARACTER_SET_CLIENT */;
/*!40101 SET @OLD_CHARACTER_SET_RESULTS=@@CHARACTER_SET_RESULTS */;
/*!40101 SET @OLD_COLLATION_CONNECTION=@@COLLATION_CONNECTION */;
/*!50503 SET NAMES utf8 */;
/*!40103 SET @OLD_TIME_ZONE=@@TIME_ZONE */;
/*!40103 SET TIME_ZONE='+00:00' */;
/*!40014 SET @OLD_UNIQUE_CHECKS=@@UNIQUE_CHECKS, UNIQUE_CHECKS=0 */;
/*!40014 SET @OLD_FOREIGN_KEY_CHECKS=@@FOREIGN_KEY_CHECKS, FOREIGN_KEY_CHECKS=0 */;
/*!40101 SET @OLD_SQL_MODE=@@SQL_MODE, SQL_MODE='NO_AUTO_VALUE_ON_ZERO' */;
/*!40111 SET @OLD_SQL_NOTES=@@SQL_NOTES, SQL_NOTES=0 */;

--
-- Table structure for table `accounts_pointlog`
--

DROP TABLE IF EXISTS `accounts_pointlog`;
/*!40101 SET @saved_cs_client     = @@character_set_client */;
/*!50503 SET character_set_client = utf8mb4 */;
CREATE TABLE `accounts_pointlog` (
  `id` bigint NOT NULL AUTO_INCREMENT,
  `content` varchar(45) NOT NULL,
  `point` int NOT NULL,
  `student_id` varchar(20) DEFAULT NULL,
  `created_at` date NOT NULL,
  `teacher_id` varchar(20) DEFAULT NULL,
  `acc_minus` int DEFAULT NULL,
  `acc_point` int DEFAULT NULL,
  `school_id` varchar(7) DEFAULT NULL,
  PRIMARY KEY (`id`),
  KEY `accounts_pointlog_student_id_a60a2aed_fk_accounts_` (`student_id`),
  KEY `accounts_pointlog_teacher_id_ef3ff890_fk_accounts_` (`teacher_id`),
  KEY `accounts_pointlog_school_id_96f65df0_fk_accounts_schoolinfo_code` (`school_id`),
  CONSTRAINT `accounts_pointlog_school_id_96f65df0_fk_accounts_schoolinfo_code` FOREIGN KEY (`school_id`) REFERENCES `accounts_schoolinfo` (`code`),
  CONSTRAINT `accounts_pointlog_student_id_a60a2aed_fk_accounts_` FOREIGN KEY (`student_id`) REFERENCES `accounts_userinfo` (`username`),
  CONSTRAINT `accounts_pointlog_teacher_id_ef3ff890_fk_accounts_` FOREIGN KEY (`teacher_id`) REFERENCES `accounts_userinfo` (`username`)
) ENGINE=InnoDB AUTO_INCREMENT=78 DEFAULT CHARSET=utf8mb4 COLLATE=utf8mb4_0900_ai_ci;
/*!40101 SET character_set_client = @saved_cs_client */;

--
-- Dumping data for table `accounts_pointlog`
--

LOCK TABLES `accounts_pointlog` WRITE;
/*!40000 ALTER TABLE `accounts_pointlog` DISABLE KEYS */;
INSERT INTO `accounts_pointlog` VALUES (1,'수업참여',10,'stu01','2022-08-05','teacher01',NULL,NULL,NULL),(2,'수업참여',10,'stu02','2022-08-05','teacher01',NULL,NULL,NULL),(3,'과제 점수',3,'stu01','2022-08-09','teacher01',NULL,NULL,NULL),(4,'과제 점수',0,'stu01','2022-08-10','teacher01',NULL,NULL,NULL),(5,'과제 점수',0,'stu01','2022-08-10','teacher01',NULL,NULL,NULL),(6,'과제 점수',-1,'stu02','2022-08-10','teacher01',NULL,NULL,NULL),(7,'과제 점수',-1,'stu03','2022-08-10','teacher01',NULL,NULL,NULL),(8,'과제 점수',0,'stu01','2022-08-10','teacher01',NULL,NULL,NULL),(9,'과제 점수',1,'stu01','2022-08-10','teacher01',NULL,NULL,NULL),(10,'과제 점수',2,'stu01','2022-08-10','teacher01',NULL,NULL,NULL),(11,'과제 점수',3,'stu01','2022-08-10','teacher01',NULL,NULL,NULL),(12,'과제 점수',3,'stu01','2022-08-10','teacher01',NULL,NULL,NULL),(13,'과제 점수',3,'stu01','2022-08-10','teacher01',NULL,NULL,NULL),(14,'과제 점수',0,'stu01','2022-08-10','teacher01',NULL,NULL,NULL),(15,'과제 점수',0,'stu01','2022-08-11','teacher01',NULL,NULL,NULL),(16,'과제 점수',0,'stu01','2022-08-11','teacher01',NULL,NULL,NULL),(17,'과제 점수',0,'stu02','2022-08-11','teacher01',NULL,NULL,NULL),(18,'과제 점수',1,'stu01','2022-08-11','teacher01',NULL,NULL,NULL),(19,'불성실한 청소',-1,'stu05','2022-08-12','teacher01',NULL,NULL,NULL),(20,'수업 시간 참여율 우수',5,'stu03','2022-08-12','teacher01',NULL,NULL,NULL),(21,'수업 시간 발표',2,'stu01','2022-08-12','teacher01',NULL,NULL,NULL),(22,'수업 시간 참여율 우수',3,'stu01','2022-08-12','teacher01',NULL,NULL,NULL),(23,'수업시간 참여율 우수',2,'stu08','2022-08-12','teacher01',NULL,NULL,NULL),(24,'상점 부여',5,'stu01','2022-08-14','teacher01',0,49,NULL),(25,'상점 부여',5,'stu01','2022-08-14','teacher01',0,54,NULL),(26,'벌점 부여',-5,'stu01','2022-08-14','teacher01',5,54,NULL),(27,'벌점 부여',-5,'stu01','2022-08-14','teacher01',0,54,NULL),(28,'벌점 부여',-5,'stu01','2022-08-14','teacher01',-5,54,NULL),(29,'과제 점수',-1,'stu03','2022-08-15','teacher01',NULL,NULL,NULL),(30,'과제 점수',-1,'stu01','2022-08-15','teacher01',NULL,NULL,NULL),(31,'과제 점수',-1,'stu02','2022-08-15','teacher01',NULL,NULL,NULL),(32,'과제 점수',-1,'stu03','2022-08-15','teacher01',NULL,NULL,NULL),(33,'과제 점수',-1,'stu02','2022-08-15','teacher01',NULL,NULL,NULL),(34,'과제 점수',5,'stu01','2022-08-15','teacher01',NULL,NULL,NULL),(35,'과제 점수',5,'stu01','2022-08-15','teacher01',NULL,NULL,NULL),(36,'점수부여 테스트',300,'stu01','2022-08-15','teacher01',-6,634,NULL),(37,'과제 점수',3,'stu01','2022-08-16','teacher01',0,0,NULL),(38,'과제 점수',3,'stu01','2022-08-16','teacher01',0,0,NULL),(39,'과제 점수',4,'stu01','2022-08-16','teacher01',0,0,NULL),(40,'학업우수',3,'stu01','2022-08-16','teacher01',-6,217,NULL),(41,'과제 점수',3,'stu01','2022-08-17','teacher01',0,0,NULL),(42,'상점 부여',3,'stu01','2022-08-17','teacher01',-6,23,NULL),(43,'과제 점수',3,'stu01','2022-08-17','teacher01',0,0,NULL),(44,'과제 점수',3,'stu01','2022-08-17','teacher01',-6,29,NULL),(45,'과제 점수',3,'stu01','2022-08-17','teacher01',-6,32,NULL),(46,'착한 행동',10,'stu01','2022-08-18','teacher01',-6,42,'7003850'),(47,'착한 행동',3,'stu02','2022-08-18','teacher01',-3,13,'7003850'),(48,'과제 점수',5,'stu01','2022-08-18','teacher01',-6,47,'7003850'),(49,'과제 점수',5,'stu02','2022-08-18','teacher01',-3,18,'7003850'),(50,'학업우수',10,'stu03','2022-08-18','teacher01',-3,15,'7003850'),(51,'태도우수',10,'stu03','2022-08-18','teacher01',-3,25,'7003850'),(52,'봉사활동',10,'stu03','2022-08-18','teacher01',-3,35,'7003850'),(53,'태도우수',10,'stu02','2022-08-18','teacher01',-3,28,'7003850'),(54,'봉사활동',10,'stu02','2022-08-18','teacher01',-3,38,'7003850'),(55,'과제 점수',3,'stu02','2022-08-18','teacher01',-3,11,'7003850'),(56,'태도 우수',5,'stu01','2022-08-18','teacher01',-6,52,'7003850'),(57,'과제 점수',3,'stu02','2022-08-18','teacher01',-3,14,'7003850'),(58,'그냥 모범생임',10,'coach_stu','2022-08-18','coach_teach',0,10,'7003850'),(59,'1',-10,'coach_stu','2022-08-18','coach_teach',-10,10,'7003850'),(60,'템구매하게 해줄려고',10,'coach_stu','2022-08-18','ehddb2252',-10,20,'7003850'),(61,'템구매 희망',10,'coach_stu','2022-08-18','ehddb2252',-10,30,'7003850'),(62,'템구매',10,'coach_stu','2022-08-18','ehddb2252',-10,40,'7003850'),(63,'ㅁㅁ',10,'coach_stu','2022-08-18','ehddb2252',-10,20,'7003850'),(64,'ㅁㅁ',10,'coach_stu','2022-08-18','ehddb2252',-10,30,'7003850'),(65,'ㅁㅁ',10,'coach_stu','2022-08-18','ehddb2252',-10,40,'7003850'),(66,'ㅁㅁ',10,'coach_stu','2022-08-18','ehddb2252',-10,50,'7003850'),(67,'모쌩김',-10,'Ejddb2252','2022-08-18','tontonyufriendjyp',-10,0,'7003850'),(68,'과제 점수',3,'stu01','2022-08-19','teacher01',-6,55,'7003850'),(69,'과제 점수',-1,'stu08','2022-08-19','teacher01',-1,2,'7003850'),(70,'과제 점수',-1,'stu07','2022-08-19','teacher01',-1,0,'7003850'),(71,'과제 점수',-1,'stu06','2022-08-19','teacher01',-1,0,'7003850'),(72,'과제 점수',3,'stu02','2022-08-19','teacher01',-3,17,'7003850'),(73,'학업 우수',10,'consultant_stu','2022-08-19','consultant_teach',0,10,'7003850'),(74,'봉사활동',10,'consultant_stu','2022-08-19','consultant_teach',0,20,'7003850'),(75,'태도 우수',10,'consultant_stu','2022-08-19','consultant_teach',0,30,'7003850'),(76,'성적 우수',10,'consultant_stu','2022-08-19','consultant_teach',0,40,'7003850'),(77,'과제 점수',10,'consultant_stu','2022-08-19','consultant_teach',0,10,'7003850');
/*!40000 ALTER TABLE `accounts_pointlog` ENABLE KEYS */;
UNLOCK TABLES;
/*!40103 SET TIME_ZONE=@OLD_TIME_ZONE */;

/*!40101 SET SQL_MODE=@OLD_SQL_MODE */;
/*!40014 SET FOREIGN_KEY_CHECKS=@OLD_FOREIGN_KEY_CHECKS */;
/*!40014 SET UNIQUE_CHECKS=@OLD_UNIQUE_CHECKS */;
/*!40101 SET CHARACTER_SET_CLIENT=@OLD_CHARACTER_SET_CLIENT */;
/*!40101 SET CHARACTER_SET_RESULTS=@OLD_CHARACTER_SET_RESULTS */;
/*!40101 SET COLLATION_CONNECTION=@OLD_COLLATION_CONNECTION */;
/*!40111 SET SQL_NOTES=@OLD_SQL_NOTES */;

-- Dump completed on 2022-08-19 10:03:15

-- MySQL dump 10.13  Distrib 8.0.28, for Win64 (x86_64)
--
-- Host: 3.36.69.192    Database: educolab
-- ------------------------------------------------------
-- Server version	8.0.30-0ubuntu0.20.04.2

/*!40101 SET @OLD_CHARACTER_SET_CLIENT=@@CHARACTER_SET_CLIENT */;
/*!40101 SET @OLD_CHARACTER_SET_RESULTS=@@CHARACTER_SET_RESULTS */;
/*!40101 SET @OLD_COLLATION_CONNECTION=@@COLLATION_CONNECTION */;
/*!50503 SET NAMES utf8 */;
/*!40103 SET @OLD_TIME_ZONE=@@TIME_ZONE */;
/*!40103 SET TIME_ZONE='+00:00' */;
/*!40014 SET @OLD_UNIQUE_CHECKS=@@UNIQUE_CHECKS, UNIQUE_CHECKS=0 */;
/*!40014 SET @OLD_FOREIGN_KEY_CHECKS=@@FOREIGN_KEY_CHECKS, FOREIGN_KEY_CHECKS=0 */;
/*!40101 SET @OLD_SQL_MODE=@@SQL_MODE, SQL_MODE='NO_AUTO_VALUE_ON_ZERO' */;
/*!40111 SET @OLD_SQL_NOTES=@@SQL_NOTES, SQL_NOTES=0 */;

--
-- Table structure for table `accounts_schoolinfo`
--

DROP TABLE IF EXISTS `accounts_schoolinfo`;
/*!40101 SET @saved_cs_client     = @@character_set_client */;
/*!50503 SET character_set_client = utf8mb4 */;
CREATE TABLE `accounts_schoolinfo` (
  `code` varchar(7) NOT NULL,
  `name` varchar(100) NOT NULL,
  `address` varchar(100) NOT NULL,
  PRIMARY KEY (`code`)
) ENGINE=InnoDB DEFAULT CHARSET=utf8mb4 COLLATE=utf8mb4_0900_ai_ci;
/*!40101 SET character_set_client = @saved_cs_client */;

--
-- Dumping data for table `accounts_schoolinfo`
--

LOCK TABLES `accounts_schoolinfo` WRITE;
/*!40000 ALTER TABLE `accounts_schoolinfo` DISABLE KEYS */;
INSERT INTO `accounts_schoolinfo` VALUES ('','경상국립대학교사범대학부설중학교','경상남도 진주시 가좌길29번길 63'),('7003714','제주대학교사범대학부설중학교','제주특별자치도 제주시 용담로7길 33'),('7003850','한국교원대학교부설미호중학교','충청북도 청주시 흥덕구 강내면 가로수로 602'),('7003891','충북대학교사범대학부설중학교','충청북도 청주시 흥덕구 장구봉로41번길 12'),('7004179','경북대학교사범대학부설중학교','대구광역시 중구 달구벌대로 2178'),('7004628','공주대학교사범대학부설중학교','충청남도 공주시 봉황로 75'),('7021122','경희여자중학교','서울특별시 동대문구 경희대로 26'),('7021123','경희중학교','서울특별시 동대문구 경희대로 26'),('7021124','대광중학교','서울특별시 동대문구 안암로 6'),('7021125','동국대학교사범대학부속중학교','서울특별시 동대문구 장안벚꽃로 201'),('7021126','동대문중학교','서울특별시 동대문구 사가정로 59'),('7021127','동원중학교','서울특별시 중랑구 양원역로 32'),('7021128','면목중학교','서울특별시 중랑구 용마산로70길 37'),('7021129','봉화중학교','서울특별시 중랑구 망우로70길 89'),('7021130','상봉중학교','서울특별시 중랑구 상봉중앙로8나길 28'),('7021131','성일중학교','서울특별시 동대문구 왕산로23길 55'),('7021132','송곡여자중학교','서울특별시 중랑구 양원역로 67'),('7021133','숭인중학교','서울특별시 동대문구 천호대로47길 34'),('7021134','신현중학교','서울특별시 중랑구 봉화산로 162'),('7021135','영란여자중학교','서울특별시 중랑구 망우로73길 56'),('7021136','용마중학교','서울특별시 중랑구 면목로28길 18'),('7021137','원묵중학교','서울특별시 중랑구 신내로23길 57'),('7021138','장안중학교','서울특별시 중랑구 동일로 780'),('7021139','장평중학교','서울특별시 동대문구 답십리로72길 158'),('7021140','전농중학교','서울특별시 동대문구 사가정로13길 71'),('7021141','전동중학교','서울특별시 동대문구 장안벚꽃로 291'),('7021142','전일중학교','서울특별시 동대문구 사가정로13길 67'),('7021143','정화여자중학교','서울특별시 동대문구 홍릉로15길 50'),('7021144','중랑중학교','서울특별시 중랑구 동일로140길 33'),('7021145','중화중학교','서울특별시 중랑구 용마산로 364'),('7021146','청량중학교','서울특별시 동대문구 왕산로 301'),('7021147','태릉중학교','서울특별시 중랑구 공릉로2길 60-25'),('7021148','혜원여자중학교','서울특별시 중랑구 봉우재로58길 39'),('7021149','휘경여자중학교','서울특별시 동대문구 한천로 247'),('7021150','휘경중학교','서울특별시 동대문구 망우로18나길 20'),('7031179','경성중학교','서울특별시 마포구 성미산로 111'),('7031180','광성중학교','서울 마포구 신수로8길 20'),('7031181','구산중학교','서울특별시 은평구 갈현로15길 20-23'),('7031182','대성중학교','서울특별시 은평구 갈현로29길 51-24'),('7031183','덕산중학교','서울특별시 은평구 가좌로 400'),('7031184','동도중학교','서울특별시 마포구 백범로 139'),('7031185','동명여자중학교','서울특별시 서대문구 독립문로 49'),('7031186','명지중학교','서울특별시 서대문구 명지2길 56'),('7031187','불광중학교','서울특별시 은평구 불광로 180'),('7031188','상신중학교','서울특별시 은평구 증산로15길 61'),('7031189','상암중학교','서울특별시 마포구 상암산로1길 26'),('7031190','서연중학교','서울특별시 서대문구 연희로11마길 9-6'),('7031191','서울여자중학교','서울특별시 마포구 백범로25길 34'),('7031192','선일여자중학교','서울특별시 은평구 갈현로29길 27'),('7031193','선정중학교','서울특별시 은평구 서오릉로20길 19'),('7031194','성사중학교','서울특별시 마포구 모래내로9길 16'),('7031195','성산중학교','서울특별시 마포구 성지1길 32-13'),('7031196','성서중학교','서울특별시 마포구 성산로4길 42'),('7031197','숭문중학교','서울특별시 마포구 숭문길 99'),('7031198','숭실중학교','서울특별시 은평구 은평터널로7길 6'),('7031199','신도중학교','서울특별시 은평구 진관1로 77-30'),('7031200','신수중학교','서울특별시 마포구 신수로 49'),('7031201','신연중학교','서울특별시 서대문구 모래내로 408'),('7031202','아현중학교','서울특별시 마포구 마포대로 247'),('7031203','연북중학교','서울특별시 서대문구 연희로36길 32'),('7031204','연서중학교','서울특별시 은평구 증산서길 125-6'),('7031205','연신중학교','서울특별시 은평구 연서로33길 16-32'),('7031206','연천중학교','서울특별시 은평구 연서로41길 30'),('7031207','연희중학교','서울특별시 서대문구 증가로 170'),('7031208','영락중학교','서울특별시 은평구 백련산로 134-6'),('7031209','예일여자중학교','서울특별시 은평구 연서로 117'),('7031210','은평중학교','서울특별시 은평구 갈현로17나길 12-1'),('7031211','이화여자대학교사범대학부속이화?금란중학교','서울특별시 서대문구 성산로 520'),('7031212','인왕중학교','서울특별시 서대문구 세검정로4길'),('7031213','인창중학교','서울특별시 서대문구 경기대로 65'),('7031214','정원여자중학교','서울특별시 서대문구 연희로37안길 51'),('7031215','중암중학교','서울특별시 마포구 월드컵북로38길 25'),('7031216','중앙여자중학교','서울특별시 서대문구 북아현로11가길 7'),('7031217','증산중학교','서울특별시 은평구 증산로5길 27-30'),('7031218','진관중학교','서울특별시 은평구 진관4로 36'),('7031219','창천중학교','서울특별시 마포구 백범로1길 56'),('7031220','충암중학교','서울특별시 은평구 가좌로5길 5'),('7031221','한성중학교','서울특별시 서대문구 북아현로1길 24'),('7031222','홍은중학교','서울특별시 서대문구 연희로41길 94'),('7031223','홍익대학교사범대학부속여자중학교','서울특별시 마포구 성미산로 51'),('7031261','가재울중학교','서울특별시 서대문구 수색로 100-75'),('7041164','가산중학교','서울특별시 금천구 시흥대로115길 48'),('7041165','개봉중학교','서울특별시 구로구 고척로21나길 68'),('7041166','개웅중학교','서울특별시 구로구 개봉로11길 81'),('7041167','경인중학교','서울특별시 구로구 경인로 301'),('7041168','고척중학교','서울특별시 구로구 중앙로3길 20'),('7041169','구로중학교','서울특별시 구로구 구로중앙로 48'),('7041170','구일중학교','서울특별시 구로구 구일로 90-133'),('7041171','난곡중학교','서울특별시 금천구 문성로 67'),('7041172','당산서중학교','서울특별시 영등포구 당산로41길 12'),('7041173','당산중학교','서울특별시 영등포구 버드나루로 160'),('7041174','대림중학교','서울특별시 영등포구 시흥대로185길 6'),('7041175','대영중학교','서울특별시 영등포구 도림로80가길 14'),('7041176','동일중학교','서울특별시 금천구 탑골로10길 45'),('7041177','문래중학교','서울특별시 영등포구 선유서로13길 6'),('7041178','문성중학교','서울특별시 금천구 독산로102길 78'),('7041179','문일중학교','서울특별시 금천구 시흥대로47길 45'),('7041180','선유중학교','서울특별시 영등포구 선유로 213'),('7041181','세일중학교','서울특별시 금천구 시흥대로147길 34'),('7041182','시흥중학교','서울특별시 금천구 시흥대로38길 60'),('7041183','신도림중학교','서울특별시 구로구 경인로63길 74'),('7041184','안천중학교','서울특별시 금천구 한내로 69-44'),('7041185','양화중학교','서울특별시 영등포구 당산로 56'),('7041186','여의도중학교','서울특별시 영등포구 국제금융로7길 46'),('7041187','영남중학교','서울특별시 영등포구 대림로31나길 17'),('7041188','영림중학교','서울특별시 구로구 가마산로27길 17'),('7041189','영서중학교','서울특별시 구로구 도림로20길 35'),('7041190','영원중학교','서울특별시 영등포구 영등포로62길 31'),('7041191','오남중학교','서울특별시 구로구 오리로9길 25'),('7041192','오류중학교','서울특별시 구로구 고척로27바길 19'),('7041193','우신중학교','서울특별시 구로구 부일로 917'),('7041194','윤중중학교','서울특별시 영등포구 여의동로3길 3'),('7041195','한울중학교','서울특별시 금천구 독산로50길 60'),('7041238','천왕중학교','서울특별시 구로구 천왕로 63'),('7041262','항동중학교','서울특별시 구로구 연동로 239-2'),('7041263','신길중학교','서울특별시 영등포구 신길로28길 43'),('7051174','공릉중학교','서울특별시 노원구 노원로1길 42'),('7051175','광운중학교','서울특별시 노원구 광운로1길 24'),('7051176','노곡중학교','서울특별시 도봉구 노해로70길 95'),('7051177','노원중학교','서울특별시 노원구 동일로213길 26'),('7051178','노일중학교','서울특별시 노원구 동일로231길 24'),('7051179','녹천중학교','서울특별시 노원구 월계로 376'),('7051180','도봉중학교','서울특별시 도봉구 마들로 671'),('7051181','방학중학교','서울특별시 도봉구 시루봉로 188'),('7051182','백운중학교','서울특별시 도봉구 도봉로129길 50'),('7051183','북서울중학교','서울특별시 도봉구 도봉로169가길 33'),('7051184','불암중학교','서울특별시 노원구 한글비석로5길 45'),('7051185','상경중학교','서울특별시 노원구 동일로227길 61'),('7051186','상계제일중학교','서울특별시 노원구 덕릉로86길 29-15'),('7051187','상계중학교','서울특별시 노원구 노원로 398'),('7051188','상명중학교','서울특별시 노원구 덕릉로 553'),('7051189','상원중학교','서울특별시 노원구 수락산로 182'),('7051190','선덕중학교','서울특별시 도봉구 시루봉로 53'),('7051191','수락중학교','서울특별시 노원구 동일로 1729'),('7051192','신도봉중학교','서울특별시 도봉구 도봉로115길 16'),('7051193','신방학중학교','서울특별시 도봉구 시루봉로 156'),('7051194','신상중학교','서울특별시 노원구 동일로216길 42'),('7051195','신창중학교','서울 노원구 월계로45길 92'),('7051196','염광중학교','서울특별시 노원구 월계로45가길 9'),('7051197','온곡중학교','서울특별시 노원구 노원로 492'),('7051198','월계중학교','서울특별시 노원구 월계로45가길 54'),('7051199','을지중학교','서울특별시 노원구 덕릉로 580'),('7051200','재현중학교','서울특별시 노원구 덕릉로82길 64'),('7051201','정의여자중학교','서울특별시 도봉구 노해로49길 69'),('7051202','중계중학교','서울특별시 노원구 덕릉로76길 23'),('7051203','중원중학교','서울특별시 노원구 공릉로 420'),('7051204','중평중학교','서울특별시 노원구 동일로203길 87'),('7051205','창동중학교','서울특별시 도봉구 방학로 32'),('7051206','창북중학교','서울특별시 도봉구 노해로62길 33'),('7051207','창일중학교','서울특별시 도봉구 노해로66길 60'),('7051208','청원중학교','서울특별시 노원구 한글비석로 506'),('7051209','태랑중학교','서울특별시 노원구 화랑로51나길 51'),('7051210','하계중학교','서울특별시 노원구 노원로 261-8'),('7051212','한천중학교','서울특별시 노원구 공릉로 265'),('7051213','효문중학교','서울특별시 도봉구 우이천로 432'),('7061094','경신중학교','서울특별시 종로구 혜화로 74'),('7061095','금호여자중학교','서울특별시 중구 청구로 6'),('7061096','대경중학교','서울특별시 중구 매봉18길 111'),('7061097','대신중학교','서울특별시 종로구 사직로 9'),('7061098','덕성여자중학교','서울특별시 종로구 율곡로3길 49'),('7061099','덕수중학교','서울 중구 마른내로9길 10'),('7061100','동성중학교','서울특별시 종로구 대학로 156'),('7061101','배문중학교','서울특별시 용산구 효창원로 258'),('7061102','배화여자중학교','서울특별시 종로구 필운대로1길 34'),('7061103','보성여자중학교','서울특별시 용산구 신흥로3가길 66'),('7061104','상명대학교사범대학부속여자중학교','서울특별시 종로구 홍지문2길 20'),('7061105','선린중학교','서울특별시 용산구 원효로97길 33-4'),('7061106','성심여자중학교','서울특별시 용산구 원효로19길 49'),('7061108','신광여자중학교','서울특별시 용산구 청파로 263'),('7061110','오산중학교','서울특별시 용산구 보광로7길 17'),('7061111','용강중학교','서울특별시 용산구 이촌로65가길 91'),('7061112','용산중학교','서울특별시 용산구 두텁바위로 74'),('7061113','장원중학교','서울특별시 중구 동호로15길 93-34'),('7061114','장충중학교','서울특별시 중구 동호로15길 93'),('7061115','중앙중학교','서울특별시 종로구 창덕궁길 164'),('7061116','창덕여자중학교','서울특별시 중구 정동길 22'),('7061117','청운중학교','서울특별시 종로구 창의문로 51'),('7061118','한강중학교','서울특별시 용산구 녹사평대로 73'),('7061119','한양중학교','서울특별시 중구 을지로 299'),('7061120','환일중학교','서울특별시 중구 환일길 47'),('7061129','서울대학교사범대학부설여자중학교','서울특별시 종로구 대학로 64'),('7081484','강신중학교','서울특별시 양천구 남부순환로 604'),('7081485','경서중학교','서울특별시 강서구 양천로59길 31'),('7081487','공항중학교','서울특별시 강서구 방화대로 241'),('7081488','금옥중학교','서울특별시 양천구 신정로 213'),('7081489','등명중학교','서울특별시 강서구 공항대로39길 39'),('7081490','등원중학교','서울특별시 강서구 화곡로65길 50'),('7081491','목동중학교','서울특별시 양천구 목동동로 172'),('7081492','목운중학교','서울특별시 양천구 목동동로 235'),('7081493','목일중학교','서울특별시 양천구 목동동로8길 70'),('7081494','방원중학교','서울특별시 강서구 금낭화로 268'),('7081495','방화중학교','서울특별시 강서구 개화동로27길 9'),('7081496','백석중학교','서울특별시 강서구 등촌로51나길 35'),('7081497','삼정중학교','서울특별시 강서구 금낭화로 210'),('7081498','성재중학교','서울특별시 강서구 허준로 36'),('7081499','송정중학교','서울특별시 강서구 남부순환로 121'),('7081500','수명중학교','서울특별시 강서구 수명로2길 16'),('7081501','신남중학교','서울특별시 양천구 중앙로29길 109'),('7081502','신목중학교','서울특별시 양천구 목동중앙로 88'),('7081503','신서중학교','서울특별시 양천구 중앙로 206'),('7081504','신원중학교','서울특별시 양천구 가로공원로55길 19'),('7081505','신월중학교','서울특별시 양천구 남부순환로29길 25'),('7081506','신화중학교','서울특별시 양천구 남부순환로29길 35'),('7081507','양강중학교','서울특별시 양천구 중앙로 319'),('7081508','양동중학교','서울특별시 양천구 목동중앙북로 49'),('7081509','양서중학교','서울특별시 양천구 남부순환로 380'),('7081510','양천중학교','서울특별시 양천구 지양로7길 32'),('7081511','염경중학교','서울특별시 강서구 양천로69길 35'),('7081512','염창중학교','서울특별시 강서구 양천로67가길 83'),('7081513','월촌중학교','서울특별시 양천구 목동서로 31'),('7081514','화원중학교','서울특별시 강서구 강서로17나길 86'),('7081515','마곡중학교','서울특별시 강서구 마곡중앙5로 58'),('7081516','덕원중학교','서울특별시 강서구 강서로45길 91-44'),('7081517','등촌중학교','서울특별시 강서구 공항대로 484-12'),('7081518','마포중학교','서울특별시 강서구 화곡로 403'),('7081519','명덕여자중학교','서울특별시 강서구 강서로47길 34-10'),('7081520','봉영여자중학교','서울특별시 양천구 목동동로2길 68'),('7081521','신정여자중학교','서울특별시 강서구 등촌로13아길 20'),('7081522','양정중학교','서울특별시 양천구 안양천로 1039'),('7081523','영도중학교','서울특별시 양천구 목동중앙남로 27'),('7081524','화곡중학교','서울특별시 강서구 강서로45길 70'),('7081540','마곡하늬중학교','서울특별시 강서구 마곡서1로 16'),('7091420','개원중학교','서울특별시 강남구 영동대로 101'),('7091421','개포중학교','서울특별시 강남구 선릉로 9'),('7091422','경원중학교','서울특별시 서초구 신반포로33길 39'),('7091423','구룡중학교','서울특별시 강남구 선릉로 103'),('7091424','대명중학교','서울특별시 강남구 역삼로87길 26'),('7091425','대왕중학교','서울특별시 강남구 광평로20길 7'),('7091426','대청중학교','서울특별시 강남구 양재천로 321'),('7091427','대치중학교','서울특별시 강남구 남부순환로378길 39'),('7091428','도곡중학교','서울특별시 강남구 언주로57길 31'),('7091429','반포중학교','서울특별시 서초구 신반포로 67'),('7091430','방배중학교','서울특별시 서초구 동광로 144'),('7091431','봉은중학교','서울특별시 강남구 영동대로128길 59'),('7091432','서운중학교','서울특별시 서초구 서운로 115'),('7091433','서일중학교','서울특별시 서초구 서운로21길 2'),('7091434','서초중학교','서울특별시 서초구 반포대로13길 48'),('7091435','수서중학교','서울특별시 강남구 광평로59길 57'),('7091436','신구중학교','서울특별시 강남구 압구정로36길 17'),('7091437','신동중학교','서울특별시 서초구 나루터로 27'),('7091438','신반포중학교','서울특별시 서초구 신반포로19길 26'),('7091439','신사중학교','서울특별시 강남구 압구정로 123'),('7091440','압구정중학교','서울특별시 강남구 압구정로 225'),('7091441','언남중학교','서울특별시 서초구 동산로 55'),('7091442','언북중학교','서울특별시 강남구 도산대로38길 27'),('7091443','언주중학교','서울특별시 강남구 선릉로116길 57'),('7091444','역삼중학교','서울특별시 강남구 도곡로43길 10'),('7091445','영동중학교','서울특별시 서초구 성촌길 14'),('7091446','원촌중학교','서울특별시 서초구 사평대로45길 10'),('7091447','이수중학교','서울특별시 서초구 방배중앙로3길 32'),('7091448','청담중학교','서울특별시 강남구 압구정로61길 36'),('7091449','단국대학교사범대학부속중학교','서울특별시 강남구 도곡로64길 21'),('7091450','동덕여자중학교','서울특별시 서초구 효령로2길 123-5'),('7091451','서문여자중학교','서울특별시 서초구 동광로12길 84'),('7091452','세화여자중학교','서울특별시 서초구 신반포로 56-7'),('7091453','숙명여자중학교','서울특별시 강남구 남부순환로 2807'),('7091454','은성중학교','서울특별시 강남구 남부순환로359길 36'),('7091455','중동중학교','서울특별시 강남구 일원로8길 37'),('7091456','진선여자중학교','서울특별시 강남구 선릉로85길 27'),('7091457','휘문중학교','서울특별시 강남구 역삼로 541'),('7091461','세곡중학교','서울특별시 강남구 자곡로 81'),('7091486','내곡중학교','서울특별시 서초구 청계산로7길 9-20'),('7121341','강북중학교','서울특별시 강북구 한천로150길 67'),('7121342','개운중학교','서울특별시 성북구 북악산로 935'),('7121343','미양중학교','서울특별시 강북구 인수봉로 39'),('7121344','번동중학교','서울특별시 강북구 오현로35길 87'),('7121345','북악중학교','서울특별시 성북구 정릉로12길 41'),('7121346','삼각산중학교','서울특별시 강북구 삼양로19길 141'),('7121347','삼선중학교','서울특별시 성북구 동소문로3길 69'),('7121348','석관중학교','서울특별시 성북구 한천로 526'),('7121349','수송중학교','서울특별시 강북구 한천로122길 21'),('7121350','수유중학교','서울특별시 강북구 인수봉로37길 40'),('7121351','용문중학교','서울특별시 성북구 고려대로17가길 46'),('7121352','월곡중학교','서울특별시 성북구 장월로 6'),('7121353','인수중학교','서울특별시 강북구 인수봉로75길 10'),('7121354','장위중학교','서울특별시 성북구 장위로4길 70'),('7121355','종암중학교','서울특별시 성북구 종암로5길 80-17'),('7121356','화계중학교','서울특별시 강북구 화계사길 63'),('7121357','길음중학교','서울특별시 성북구 길음로 144 '),('7121358','고려대학교사범대학부속중학교','서울특별시 성북구 정릉로 161'),('7121359','고명중학교','서울특별시 성북구 북악산로 870'),('7121360','남대문중학교','서울특별시 성북구 한천로 660-30'),('7121361','동구여자중학교','서울특별시 성북구 성북로8길 71'),('7121362','서라벌중학교','서울특별시 강북구 삼양로155길 37-9'),('7121363','성신여자중학교','서울특별시 성북구 북악산로 918'),('7121364','성암여자중학교','서울특별시 강북구 도봉로29길 52'),('7121365','신일중학교','서울특별시 강북구 솔매로49길 20'),('7121366','창문여자중학교','서울특별시 강북구 월계로 61'),('7121367','한성여자중학교','서울특별시 성북구 삼선교로16길 118'),('7121368','홍익대학교사범대학부속중학교','서울특별시 성북구 성북로14가길 23'),('7121369','영훈국제중학교','서울특별시 강북구 도봉로13가길 19'),('7121370','숭곡중학교','서울특별시 성북구 종암로 208'),('7121371','서울대학교사범대학부설중학교','서울특별시 성북구 월곡로 36'),('7130165','가락중학교','서울특별시 송파구 송이로 45'),('7130166','가원중학교','서울특별시 송파구 중대로10길 40-18'),('7130167','강동중학교','서울특별시 강동구 풍산로 237'),('7130168','강명중학교','서울특별시 강동구 상일로12길 56'),('7130169','강일중학교','서울특별시 강동구 고덕로27길 12'),('7130170','거원중학교','서울특별시 송파구 양산로2길 30'),('7130171','고덕중학교','서울특별시 강동구 동남로82길 94'),('7130172','동북중학교','서울특별시 강동구 강동대로 305'),('7130173','동신중학교','서울특별시 강동구 진황도로 72'),('7130174','둔촌중학교','서울특별시 강동구 진황도로61길 25-30'),('7130175','명일중학교','서울특별시 강동구 양재대로156길 57'),('7130176','문정중학교','서울특별시 송파구 문정로 73'),('7130177','문현중학교','서울특별시 송파구 충민로 99'),('7130178','방산중학교','서울특별시 송파구 오금로29길 31'),('7130179','방이중학교','서울특별시 송파구 오금로11길 64'),('7130180','배명중학교','서울특별시 송파구 삼학사로 11'),('7130181','배재중학교','서울특별시 강동구 고덕로 227'),('7130182','보성중학교','서울특별시 송파구 양재대로 1278'),('7130183','보인중학교','서울특별시 송파구 오금로49길 18'),('7130184','상일여자중학교','서울특별시 강동구 천호대로219길 61'),('7130185','서울체육중학교','서울특별시 송파구 강동대로 232'),('7130186','석촌중학교','서울특별시 송파구 송이로15길 13'),('7130187','성내중학교','서울특별시 강동구 성안로7길 36'),('7130188','성덕여자중학교','서울특별시 강동구 구천면로 396'),('7130189','세륜중학교','서울특별시 송파구 양재대로72길 41'),('7130190','송례중학교','서울특별시 송파구 위례순환로 429 '),('7130191','송파중학교','서울특별시 송파구 동남로 203'),('7130192','신명중학교','서울특별시 강동구 명일로24길 25'),('7130193','신암중학교','서울특별시 강동구 고덕로 65'),('7130194','신천중학교','서울특별시 송파구 백제고분로 11'),('7130195','아주중학교','서울특별시 송파구 올림픽로4길 69'),('7130196','영파여자중학교','서울특별시 송파구 올림픽로 565'),('7130197','오금중학교','서울특별시 송파구 오금로35길 20'),('7130198','오륜중학교','서울특별시 송파구 양재대로 1242'),('7130199','오주중학교','서울특별시 송파구 동남로 281'),('7130200','일신여자중학교','서울특별시 송파구 송파대로38길 8'),('7130201','잠신중학교','서울특별시 송파구 잠실로 12'),('7130202','잠실중학교','서울특별시 송파구 올림픽로35길 130'),('7130203','정신여자중학교','서울특별시 송파구 올림픽로4길 16'),('7130204','천일중학교','서울특별시 강동구 천중로 57'),('7130205','천호중학교','서울특별시 강동구 상암로 153'),('7130206','풍납중학교','서울특별시 송파구 올림픽로43길 20'),('7130207','풍성중학교','서울특별시 송파구 강동대로2길 27'),('7130208','한산중학교','서울특별시 강동구 풍성로 251'),('7130209','한영중학교','서울특별시 강동구 동남로 832'),('7130256','해누리중학교','서울특별시 송파구 송파대로37길 95'),('7130268','강빛중학교','서울특별시 강동구 아리수로93다길 1'),('7130271','위례솔중학교','서울특별시 송파구 위례북로 10'),('7132123','강남중학교','서울특별시 동작구 대방동15길 29'),('7132124','강현중학교','서울특별시 동작구 상도로13라길 22'),('7132125','관악중학교','서울특별시 관악구 남부순환로237길 60'),('7132126','광신중학교','서울특별시 관악구 광신길 141'),('7132127','구암중학교','서울특별시 관악구 성현로 53'),('7132128','국사봉중학교','서울특별시 동작구 양녕로20길 20'),('7132129','난우중학교','서울특별시 관악구 난곡로16길 32'),('7132130','남강중학교','서울특별시 관악구 난곡로34길 80'),('7132131','남서울중학교','서울특별시 관악구 남부순환로172길 97'),('7132132','남성중학교','서울특별시 동작구 남부순환로269길 166'),('7132133','당곡중학교','서울특별시 관악구 봉천로13길 101'),('7132134','대방중학교','서울특별시 동작구 여의대방로10길 24'),('7132135','동양중학교','서울특별시 동작구 흑석로9길 94'),('7132136','동작중학교','서울특별시 동작구 동작대로39가길 83'),('7132137','문창중학교','서울특별시 동작구 여의대방로22나길 40'),('7132138','미성중학교','서울특별시 관악구 문성로16길 40'),('7132139','봉림중학교','서울특별시 관악구 장군봉길 72'),('7132140','봉원중학교','서울특별시 관악구 관악로24가길 15'),('7132141','사당중학교','서울특별시 동작구 사당로9가길 58'),('7132142','삼성중학교','서울특별시 관악구 신림로3가길 39-24'),('7132143','상도중학교','서울특별시 동작구 사당로2가길 72'),('7132144','상현중학교','서울특별시 동작구 사당로2길 2-19'),('7132145','서울문영여자중학교','서울특별시 관악구 관악로 85'),('7132146','성남중학교','서울특별시 동작구 대방동길 74'),('7132147','성보중학교','서울특별시 관악구 남부순환로156길 39'),('7132148','숭의여자중학교','서울특별시 동작구 여의대방로36길 79'),('7132149','신관중학교','서울특별시 관악구 신림로48길 17-16'),('7132150','신림중학교','서울특별시 관악구 신림로 40'),('7132151','영등포중학교','서울특별시 동작구 등용로8길 5'),('7132152','인헌중학교','서울특별시 관악구 인헌9길 35'),('7132153','장승중학교','서울특별시 동작구 장승배기로10가길 25'),('7132154','중앙대학교사범대학부속중학교','서울특별시 동작구 서달로 124'),('7134119','건국대학교사범대학부속중학교','서울특별시 광진구 자양로 145-1'),('7134120','경수중학교','서울특별시 성동구 뚝섬로13길 14'),('7134121','경일중학교','서울특별시 성동구 성수일로 27'),('7134122','광남중학교','서울특별시 광진구 아차산로70길 17-62'),('7134123','광양중학교','서울특별시 광진구 자양로3길 7'),('7134124','광장중학교','서울특별시 광진구 광장로1길 1'),('7134125','광진중학교','서울특별시 광진구 뚝섬로64길 45'),('7134126','광희중학교','서울특별시 성동구 독서당로62길 46'),('7134127','구의중학교','서울특별시 광진구 광나루로30길 80'),('7134128','동국대학교사범대학부속여자중학교','서울특별시 광진구 광나루로36길 47'),('7134129','동마중학교','서울특별시 성동구 마조로11길 18'),('7134130','대원국제중학교','서울특별시 광진구 용마산로22길 26'),('7134131','마장중학교','서울특별시 성동구 마장로35나길 31'),('7134132','무학중학교','서울특별시 성동구 행당로 120'),('7134134','성수중학교','서울특별시 성동구 서울숲길 18'),('7134135','성원중학교','서울특별시 성동구 성덕정9가길 13'),('7134136','신양중학교','서울특별시 광진구 자양강변길 73'),('7134137','양진중학교','서울특별시 광진구 워커힐로 32'),('7134138','옥정중학교','서울특별시 성동구 한림말길 11'),('7134139','용곡중학교','서울특별시 광진구 용마산로22길 76'),('7134140','자양중학교','서울특별시 광진구 뚝섬로41길 33'),('7134141','한양대학교사범대학부속중학교','서울특별시 성동구 마조로 42'),('7134142','행당중학교','서울특별시 성동구 왕십리로 189'),('7171010','감천중학교','부산광역시 사하구 감천로73번길 60'),('7171011','경남중학교','부산광역시 서구 까치고개로229번길 7'),('7171012','다대중학교','부산광역시 사하구 다대로554번길 33'),('7171013','다선중학교','부산광역시 사하구 다대낙조2길 36'),('7171014','다송중학교','부산광역시 사하구 다송로 55'),('7171015','당리중학교','부산광역시 사하구 낙동대로356번길 22'),('7171017','두송중학교','부산광역시 사하구 다송로 76'),('7171018','부산남중학교','부산광역시 영도구 절영로73번길 7'),('7171019','부산대신중학교','부산광역시 서구 대신로109번길 10'),('7171020','부산여자중학교','부산광역시 서구 보수대로 282-23'),('7171021','부산영선중학교','부산광역시 영도구 영상길 83'),('7171022','부산중앙여자중학교','부산광역시 서구 대신로 59-32'),('7171023','사하중학교','부산광역시 사하구 낙동대로302번길 35'),('7171024','신선중학교','부산광역시 영도구 복지관길 40'),('7171026','장림여자중학교','부산광역시 사하구 두송로 64'),('7171027','장평중학교','부산광역시 사하구 사하로 134-1'),('7171028','초장중학교','부산광역시 서구 해돋이로 205'),('7171029','태종대중학교','부산광역시 영도구 함지로79번길 9'),('7171030','하남중학교','부산광역시 사하구 하신번영로 206'),('7171031','하단중학교','부산광역시 사하구 하신번영로380번길 88'),('7171032','건국중학교','부산광역시 사하구 승학로17번길 76-8'),('7171033','남도여자중학교','부산광역시 영도구 남도여중길 130'),('7171034','대동중학교','부산광역시 사하구 을숙도대로709번길 27'),('7171035','대신여자중학교','부산광역시 서구 보동길 268'),('7171036','동주여자중학교','부산광역시 사하구 사리로8번길 28'),('7171037','삼성중학교','부산광역시 사하구 감천로43번길 45-2'),('7171038','송도중학교','부산광역시 서구 해양로 15'),('7171040','영남중학교','부산광역시 사하구 다대로277번길 100'),('7171041','해동중학교','부산광역시 영도구 절영로490번길 8-22'),('7171042','덕원중학교','부산광역시 중구 망양로 356'),('7171184','부산체육중학교','부산광역시 영도구 중리북로21번길 5'),('7171202','영도제일중학교','부산광역시 영도구 중리로 64'),('7181070','가야여자중학교','부산광역시 부산진구 엄광로182번길 15-25'),('7181071','감만중학교','부산광역시 남구 홍곡로 313-14'),('7181072','개금여자중학교','부산광역시 부산진구 백양대로136번길 75'),('7181073','개림중학교','부산광역시 부산진구 백양대로300번길 46'),('7181074','경남여자중학교','부산광역시 동구 초량중로 142'),('7181075','광무여자중학교','부산광역시 부산진구 백양관문로 31'),('7181076','남천중학교','부산광역시 남구 황령대로492번길 71'),('7181077','대연중학교','부산광역시 남구 천제등로16번길 81'),('7181078','대천중학교','부산광역시 남구 신선로 491'),('7181079','동양중학교','부산광역시 부산진구 백양산로 96'),('7181080','동평여자중학교','부산광역시 부산진구 백양순환로119번길 12-39'),('7181081','동평중학교','부산광역시 부산진구 백양순환로119번길 12-31'),('7181082','동항중학교','부산광역시 남구 양지골로 248'),('7181083','문현여자중학교','부산광역시 남구 고동골로59번길 46'),('7181084','부산개성중학교','부산광역시 부산진구 엄광로 176-12'),('7181085','부산국제중학교','부산광역시 부산진구 백양관문로 105-70'),('7181086','부산서중학교','부산광역시 동구 홍곡남로 29'),('7181088','부산중학교','부산광역시 동구 초량로40번길 29'),('7181089','부산진여자중학교','부산광역시 부산진구 동성로 34'),('7181090','부산진중학교','부산광역시 부산진구 시민공원로 50'),('7181091','분포중학교','부산광역시 남구 분포로 51'),('7181092','석포여자중학교','부산광역시 남구 유엔평화로126번길 63'),('7181093','성동중학교','부산광역시 남구 남동천로 38'),('7181094','양동여자중학교','부산광역시 부산진구 황령산로605번길 35-32'),('7181095','오륙도중학교','부산광역시 남구 오륙도로 60'),('7181096','용문중학교','부산광역시 남구 동명로101번길 93'),('7181097','용호중학교','부산광역시 남구 동명로 185-17'),('7181098','초연중학교','부산광역시 부산진구 초읍천로77번가길 9'),('7181099','초읍중학교','부산광역시 부산진구 성지로94번길 71'),('7181100','금성중학교','부산광역시 동구 증산로 83'),('7181101','덕명여자중학교','부산광역시 부산진구 봉수로 13'),('7181102','동의중학교','부산광역시 부산진구 진남로462번길 16'),('7181104','부산동여자중학교','부산광역시 동구 망양로 773'),('7181105','부산동중학교','부산광역시 부산진구 동성로30번길 36'),('7181106','서면중학교','부산광역시 부산진구 가야대로747번길 53'),('7181107','선화여자중학교','부산광역시 동구 초량로80번길 5'),('7181108','항도중학교','부산광역시 부산진구 동성로118번길 44'),('7181109','해연중학교','부산광역시 남구 진남로110번길 25'),('7191010','거제여자중학교','부산광역시 연제구 금용로 43'),('7191011','구서여자중학교','부산광역시 금정구 금강로453번길 26-12'),('7191012','금사중학교','부산광역시 금정구 서금로 53-7'),('7191013','금양중학교','부산광역시 금정구 기찰로22번길 37'),('7191014','남산중학교','부산광역시 금정구 금단로 114'),('7191015','남일중학교','부산광역시 동래구 온천천로531번길 49'),('7191016','부산내성중학교','부산광역시 동래구 중앙대로 1297'),('7191017','동래중학교','부산광역시 동래구 충렬대로181번길 109'),('7191018','동신중학교','부산광역시 동래구 충렬사로51번길 38'),('7191019','동현중학교','부산광역시 금정구 서동로 50'),('7191020','부곡중학교','부산광역시 금정구 동부곡로15번길 102-20'),('7191021','부곡여자중학교','부산광역시 금정구 가마실로 56'),('7191022','사직중학교','부산광역시 동래구 쇠미로51번길 30'),('7191023','사직여자중학교','부산광역시 동래구 사직로 91'),('7191024','안락중학교','부산광역시 동래구 온천천로 513'),('7191025','여명중학교','부산광역시 동래구 여고로52번길 9'),('7191026','연산중학교','부산광역시 연제구 고분로56번길 39'),('7191027','연일중학교','부산광역시 연제구 고분로 138'),('7191028','연제중학교','부산광역시 연제구 쌍미천로 62'),('7191029','연천중학교','부산광역시 연제구 톳고개로 16'),('7191030','온천중학교','부산광역시 동래구 쇠미로129번길 28'),('7191031','유락여자중학교','부산광역시 동래구 금강로 51'),('7191033','장전중학교','부산광역시 금정구 금샘로18번길 39'),('7191034','충렬중학교','부산광역시 동래구 명장로64번길 45'),('7191035','토현중학교','부산광역시 연제구 토현로 47'),('7191036','거성중학교','부산광역시 연제구 해맞이로109번길 61'),('7191037','금정중학교','부산광역시 금정구 중앙대로 2104'),('7191038','동래여자중학교','부산광역시 금정구 체육공원로 20'),('7191039','동해중학교','부산광역시 동래구 시실로 19-39'),('7191040','이사벨중학교','부산광역시 연제구 중앙대로 1197'),('7191041','학산여자중학교','부산광역시 동래구 충렬사로51번길 61'),('7191042','혜화여자중학교','부산광역시 동래구 명장로67번길 14-22'),('7191043','부산예술중학교','부산광역시 금정구 체육공원로 20'),('7191199','브니엘예술중학교','부산광역시 금정구 체육공원로 154'),('7201011','가람중학교','부산광역시 북구 낙동북로663번길 55'),('7201012','구남중학교','부산광역시 북구 백양대로1016번길 38'),('7201013','구포중학교','부산광역시 북구 백양대로1016번다길 31'),('7201014','금곡중학교','부산광역시 북구 효열로162번길 3'),('7201015','금명중학교','부산광역시 북구 화명신도시로 210-1'),('7201016','낙동중학교','부산광역시 강서구 대저로 115'),('7201017','대천리중학교','부산광역시 북구 산성로 87-15'),('7201018','덕문중학교','부산광역시 강서구 동선길 144'),('7201020','덕천중학교','부산광역시 북구 만덕대로65번길 50'),('7201021','덕포여자중학교','부산광역시 사상구 사상로310번길 110'),('7201022','동주중학교','부산광역시 사상구 주례로 107'),('7201023','만덕중학교','부산광역시 북구 만덕1로 52'),('7201024','명진중학교','부산광역시 북구 학사로 192'),('7201025','명호중학교','부산광역시 강서구 명지오션시티2로 100'),('7201026','모동중학교','부산광역시 사상구 모라로192번길 51'),('7201027','모라중학교','부산광역시 사상구 백양대로 936'),('7201028','백양중학교','부산광역시 북구 상리로 70'),('7201030','신덕중학교','부산광역시 북구 함박봉로140번가길 27'),('7201031','양덕여자중학교','부산광역시 북구 시랑로21번길 178'),('7201032','엄궁중학교','부산광역시 사상구 대동로 56'),('7201033','용수중학교','부산광역시 북구 금곡대로229번길 88'),('7201034','주감중학교','부산광역시 사상구 백양대로 530'),('7201035','주례여자중학교','부산광역시 사상구 가야대로306번길 55'),('7201036','주례중학교','부산광역시 사상구 가야대로378번길 68'),('7201037','학장중학교','부산광역시 사상구 대동로140번길 60'),('7201038','화명중학교','부산광역시 북구 금곡대로186번길 13'),('7201039','화신중학교','부산광역시 북구 산성로12번길 22'),('7201041','녹산중학교','부산광역시 강서구 낙동남로 659'),('7201042','대저중학교','부산광역시 강서구 공항로811번가길 46'),('7201043','신라중학교','부산광역시 사상구 백양대로700번길 35-8'),('7201210','신호중학교','부산광역시 강서구 신호산단2로 76'),('7201224','명지중학교','부산광역시 강서구 명지국제6로318번길 54'),('7201227','지사중학교','부산광역시 강서구 과학산단로306번길 33'),('7201254','경일중학교','부산광역시 강서구 명지국제6로 149'),('7201262','오션중학교','부산광역시 강서구 명지오션시티1로 221'),('7211010','광안중학교','부산광역시 수영구 연수로310번길 127'),('7211011','기장중학교','부산광역시 기장군 기장읍 읍내로 120'),('7211012','동백중학교','부산광역시 해운대구 좌동순환로468번가길 97'),('7211013','반송중학교','부산광역시 해운대구 반송로911번길 59'),('7211014','반여중학교','부산광역시 해운대구 재반로256번길 57-12'),('7211015','부흥중학교','부산광역시 해운대구 좌동순환로 226'),('7211016','상당중학교','부산광역시 해운대구 대천로103번길 48'),('7211017','부산수영중학교','부산광역시 수영구 호암로38'),('7211018','신곡중학교','부산광역시 해운대구 좌동순환로 316'),('7211019','신도중학교','부산광역시 해운대구 좌동순환로 50'),('7211020','양운중학교','부산광역시 해운대구 좌동순환로99번길 7'),('7211022','재송중학교','부산광역시 해운대구 재반로165번길 16'),('7211023','한바다중학교','부산광역시 수영구 광안로21번가길 57'),('7211024','망미중학교','부산광역시 수영구 망미배산로 102'),('7211025','반송여자중학교','부산광역시 해운대구 운봉길 113'),('7211026','재송여자중학교','부산광역시 해운대구 재반로84번길 148'),('7211027','반안중학교','부산광역시 해운대구 명장로67번길 40-32'),('7211028','대청중학교','부산광역시 기장군 기장읍 차성서로 3'),('7211029','인지중학교','부산광역시 해운대구 반여로 142'),('7211030','해강중학교','부산광역시 해운대구 해운대해변로 17'),('7211031','센텀중학교','부산광역시 해운대구 센텀북대로 32'),('7211032','장산중학교','부산광역시 해운대구 선수촌로 47'),('7211033','신정중학교','부산광역시 기장군 정관읍 정관3로 44'),('7211034','동아중학교','부산광역시 수영구 호암로 55'),('7211035','동수영중학교','부산광역시 수영구 광서로 74'),('7211036','장안중학교','부산광역시 기장군 장안읍 좌천2길 43'),('7211037','해운대중학교','부산광역시 해운대구 우동2로30번길 99'),('7211038','해운대여자중학교','부산광역시 해운대구 우동1로85번길 25'),('7211196','부산중앙중학교','부산광역시 기장군 정관읍 정관덕산길 73'),('7211211','모전중학교','부산광역시 기장군 정관읍 정관1로 9'),('7211226','정관중학교','부산광역시 기장군 정관읍 정관로 531'),('7211242','일광중학교','부산광역시 기장군 일광읍 해빛3로 99'),('7251009','대구동중학교','대구광역시 수성구 수성로76길 33'),('7251010','동촌중학교','대구광역시 동구 동촌로 176'),('7251011','안심중학교','대구광역시 동구 안심로 237'),('7251012','수성중학교','대구광역시 수성구 파동로51길 26-9'),('7251013','동원중학교','대구광역시 수성구 효행로2길 81'),('7251015','불로중학교','대구광역시 동구 방천로5길 8'),('7251016','지산중학교','대구광역시 수성구 지산로3길 68'),('7251017','범물중학교','대구광역시 수성구 범안로4길 46'),('7251018','시지중학교','대구광역시 수성구 신매로 66'),('7251019','입석중학교','대구광역시 동구 동촌로 10'),('7251020','대구동부중학교','대구광역시 수성구 화랑로32길 74'),('7251022','동도중학교','대구광역시 수성구 청호로 350'),('7251023','신기중학교','대구광역시 동구 율하동로 88'),('7251024','매호중학교','대구광역시 수성구 천을로 106'),('7251025','고산중학교','대구광역시 수성구 천을로 71'),('7251026','강동중학교','대구광역시 동구 동호로 112'),('7251027','대구제일중학교','대구광역시 중구 명륜로23길 16'),('7251028','덕화중학교','대구광역시 수성구 들안로9길 36'),('7251029','범일중학교','대구광역시 수성구 지범로41길 23'),('7251030','황금중학교','대구광역시 수성구 들안로32길 40'),('7251031','노변중학교','대구광역시 수성구 시지로 66'),('7251032','계성중학교','대구광역시 중구 달성로 35'),('7251033','대륜중학교','대구광역시 수성구 달구벌대로 2700'),('7251034','영신중학교','대구광역시 동구 팔공로50길 32'),('7251035','덕원중학교','대구광역시 수성구 욱수길 37'),('7251036','오성중학교','대구광역시 수성구 달구벌대로522길 78'),('7251037','청구중학교','대구광역시 동구 국채보상로 827'),('7251038','대구중앙중학교','대구광역시 수성구 신천동로 496'),('7251039','경구중학교','대구광역시 중구 남산로 20'),('7251040','경신중학교','대구광역시 수성구 달구벌대로504길 34'),('7251041','공산중학교','대구광역시 동구 팔공로197길 26'),('7251042','능인중학교','대구광역시 수성구 무학로 207'),('7251043','정화중학교','대구광역시 수성구 청호로84길 123'),('7251044','신명여자중학교','대구광역시 수성구 신천동로 364'),('7251045','성명여자중학교','대구광역시 중구 국채보상로102길 48'),('7251046','소선여자중학교','대구광역시 수성구 교학로8길 37'),('7251219','율원중학교','대구광역시 동구 율하동로 20'),('7251282','새론중학교','대구광역시 동구 이노밸리로 255'),('7251290','신아중학교','대구광역시 동구 아양로39길 30'),('7251302','대구팔공중학교','대구광역시 동구 연경지묘로 150'),('7261009','경운중학교','대구광역시 서구 서대구로3길 32'),('7261010','경일중학교','대구광역시 서구 달서천로76길 11'),('7261011','평리중학교','대구광역시 서구 국채보상로55길 21'),('7261012','중리중학교','대구광역시 서구 국채보상로34길 63'),('7261013','대구북중학교','대구광역시 북구 공항로 50'),('7261015','칠곡중학교','대구광역시 북구 칠곡중앙대로 583'),('7261016','침산중학교','대구광역시 북구 침산남로 121'),('7261017','복현중학교','대구광역시 북구 동북로65길 28'),('7261018','관천중학교','대구광역시 북구 구암로22길 7'),('7261019','교동중학교','대구광역시 북구 관음중앙로32길 15'),('7261020','팔달중학교','대구광역시 북구 매천로2길 19-22'),('7261021','운암중학교','대구광역시 북구 구암로49길 9'),('7261022','산격중학교','대구광역시 북구 동북로31길 29'),('7261023','관음중학교','대구광역시 북구 관음동로 87'),('7261024','구암중학교','대구광역시 북구 태암로 85'),('7261025','동평중학교','대구광역시 북구 대천로 123'),('7261026','대구일중학교','대구광역시 북구 옥산로17길 21'),('7261028','학남중학교','대구광역시 북구 학남로 83'),('7261029','서남중학교','대구광역시 서구 당산로41서길 97'),('7261031','대평중학교','대구광역시 서구 통학로 217'),('7261032','동변중학교','대구광역시 북구 동변로14길 12'),('7261033','강북중학교','대구광역시 북구 구암서로 27'),('7261034','서변중학교','대구광역시 북구 서변로21길 14'),('7261035','매천중학교','대구광역시 북구 매전로 56'),('7261036','성광중학교','대구광역시 북구 검단로 150'),('7261037','경명여자중학교','대구광역시 북구 칠성로17길 18'),('7261038','경상여자중학교','대구광역시 서구 국채보상로 384'),('7261039','성화중학교','대구광역시 북구 복현로 140'),('7261199','대구체육중학교','대구광역시 북구 칠곡중앙대로136길 29'),('7261214','사수중학교','대구광역시 북구 내곡로 140'),('7261219','서대구중학교','대구광역시 서구 북비산로45길 7'),('7271009','대구중학교','대구광역시 남구 대봉로 120'),('7271010','경상중학교','대구광역시 남구 현충로48길 33'),('7271011','성서중학교','대구광역시 달서구 용산서로 63'),('7271012','대서중학교','대구광역시 달서구 월배로 303'),('7271014','성당중학교','대구광역시 달서구 대명천로 102'),('7271018','학산중학교','대구광역시 달서구 월곡로94길 10'),('7271019','와룡중학교','대구광역시 달서구 선원남로 23'),('7271020','대곡중학교','대구광역시 달서구 도원남로 5'),('7271021','상인중학교','대구광역시 달서구 상인로 34'),('7271022','성산중학교','대구광역시 달서구 선원남로 174'),('7271023','도원중학교','대구광역시 달서구 미리샘길 32'),('7271024','이곡중학교','대구광역시 달서구 선원로37길 65'),('7271025','성지중학교','대구광역시 달서구 성서동로 361'),('7271026','대명중학교','대구광역시 남구 앞산순환로 477'),('7271027','용산중학교','대구광역시 달서구 와룡로45길 72'),('7271028','월배중학교','대구광역시 달서구 월배로28길 80'),('7271030','상원중학교','대구광역시 달서구 상인로 117'),('7271031','신당중학교','대구광역시 달서구 서당로 30'),('7271032','성곡중학교','대구광역시 달서구 새방로 32'),('7271033','대진중학교','대구광역시 달서구 화암로73길 7'),('7271034','월서중학교','대구광역시 달서구 월배로33길 105'),('7271035','경혜여자중학교','대구광역시 남구 성당로18길 20'),('7271039','영남중학교','대구광역시 달서구 월곡로 300'),('7271040','대건중학교','대구광역시 달서구 월곡로94길 46'),('7271041','구남중학교','대구광역시 달서구 두류남길 10'),('7271042','효성중학교','대구광역시 달서구 월곡로94길 48'),('7271043','상서중학교','대구광역시 달서구 야외음악당로 107'),('7271044','원화중학교','대구광역시 달서구 당산로30길 30'),('7271045','경암중학교','대구광역시 달서구 당산로30길 20'),('7271046','경일여자중학교','대구광역시 남구 효성로 37'),('7271047','송현여자중학교','대구광역시 달서구 송현로 156'),('7271208','월암중학교','대구광역시 달서구 조암로6길 33'),('7271244','조암중학교','대구광역시 달서구 조암로 59'),('7271245','새본리중학교','대구광역시 달서구 대명천로 167'),('7271253','협성경복중학교','대구광역시 남구 효성로 33'),('7281003','달성중학교','대구광역시 달성군 화원읍 비슬로506길 14'),('7281004','경서중학교','대구광역시 달성군 옥포읍 돌미로5길 15'),('7281005','구지중학교','대구광역시 달성군 구지면 국가산단대로66길 22'),('7281006','다사중학교','대구광역시 달성군 다사읍 매곡로2길 8-5'),('7281007','논공중학교','대구광역시 달성군 논공읍 논공로 256'),('7281008','화원중학교','대구광역시 달성군 화원읍 성암로 48'),('7281009','포산중학교','대구광역시 달성군 유가읍 테크노북로6길 10'),('7281010','서재중학교','대구광역시 달성군 다사읍 서재로26길 18'),('7281011','북동중학교','대구광역시 달성군 논공읍 논공로7길 43'),('7281012','천내중학교','대구광역시 달성군 화원읍 성천로 202'),('7281013','왕선중학교','대구광역시 달성군 다사읍 대실역북로 83'),('7281014','가창중학교','대구광역시 달성군 가창면 원정길 2'),('7281015','달서중학교','대구광역시 달성군 하빈면 하빈로 118'),('7281016','현풍중학교','대구광역시 달성군 현풍읍 비슬로 675'),('7281109','유가중학교','대구광역시 달성군 유가읍 테크노대로5길 20'),('7281118','한울안중학교','대구광역시 달성군 현풍읍 지동길 31'),('7281119','서동중학교','대구광역시 달성군 다사읍 서재로12길 11-11'),('7281123','심인중학교','대구광역시 달성군 다사읍 대실역남로1길 21'),('7321069','관교여자중학교','인천광역시 미추홀구 경원대로 691'),('7321070','관교중학교','인천광역시 미추홀구 경원대로670번길 19'),('7321071','남인천여자중학교','인천광역시 미추홀구 인하로 426'),('7321072','대청중학교','인천광역시 옹진군 대청면 대청로244번길 116-45'),('7321073','덕적중학교','인천광역시 옹진군 덕적면 덕적남로 15'),('7321074','백령중학교','인천광역시 옹진군 백령면 백령로 708'),('7321075','선인중학교','인천광역시 미추홀구 석정로 165'),('7321076','선화여자중학교','인천광역시 미추홀구 석정로 165'),('7321077','신흥여자중학교','인천광역시 중구 인항로24번길 37'),('7321078','신흥중학교','인천광역시 중구 인항로24번길 38'),('7321079','연평중학교','인천광역시 옹진군 연평면 연평로 137번길'),('7321080','영종중학교','인천광역시 중구 남디로 92'),('7321081','영흥중학교','인천광역시 옹진군 영흥면 내동로 107'),('7321082','용유중학교','인천광역시 중구 남북로87번길 4'),('7321083','용현여자중학교','인천광역시 미추홀구 낙섬동로 28'),('7321084','용현중학교','인천광역시 미추홀구 낙섬동로 16'),('7321085','인주중학교','인천광역시 미추홀구 매소홀로 335'),('7321086','인천공항중학교','인천광역시 중구 영종대로27번길 49'),('7321087','인천남중학교','인천광역시 미추홀구 수봉로 16-23'),('7321088','인화여자중학교','인천광역시 미추홀구 석정로 165'),('7321089','제물포여자중학교','인천광역시 미추홀구 인주대로470번길 20'),('7321090','화도진중학교','인천광역시 동구 화수로 64'),('7321091','광성중학교','인천광역시 중구 참외전로244번길 47'),('7321092','동산중학교','인천광역시 동구 동산로 58'),('7321094','송도중학교','인천광역시 중구 제물량로 123'),('7321095','인성여자중학교','인천광역시 중구 홍예문로 39'),('7321097','인하대학교사범대학부속중학교','인천광역시 미추홀구 재넘이길123번길 29'),('7321223','인천중산중학교','인천광역시 중구 두미포로 189'),('7321227','인천재능중학교','인천광역시 동구 재능로 178'),('7321230','인천하늘중학교','인천광역시 중구 찬들로284번길 16'),('7331053','갈산중학교','인천광역시 부평구 주부토로 166'),('7331054','구산중학교','인천광역시 부평구 수변로 199'),('7331055','동암중학교','인천광역시 부평구 동암산로 43번길 12'),('7331056','부광중학교','인천광역시 부평구 충선로 140'),('7331057','부원여자중학교','인천광역시 부평구 부영로 88'),('7331058','부원중학교','인천광역시 부평구 경원대로 1339'),('7331059','부일여자중학교','인천광역시 부평구 동수로 8'),('7331060','부일중학교','인천광역시 부평구 영성로 3'),('7331061','부평동중학교','인천광역시 부평구 수변로107번길 4'),('7331062','부평서여자중학교','인천광역시 부평구 경원대로 1213'),('7331063','부평서중학교','인천광역시 부평구 화랑로 29'),('7331064','부평여자중학교','인천광역시 부평구 부평문화로 193-1'),('7331065','부평중학교','인천광역시 부평구 부흥북로57번길 10'),('7331066','부흥중학교','인천광역시 부평구 충선로 152'),('7331067','산곡남중학교','인천광역시 부평구 안남로 187'),('7331068','산곡여자중학교','인천광역시 부평구 마장로204번길 37'),('7331069','산곡중학교','인천광역시 부평구 원적로300번길 14'),('7331070','삼산중학교','인천광역시 부평구 충선로 308'),('7331071','인천상정중학교','인천광역시 부평구 경원대로 1083'),('7331072','진산중학교','인천광역시 부평구 충선로234번길 70'),('7331073','청천중학교','인천광역시 부평구 마장로364번길 23'),('7341066','간석여자중학교','인천광역시 남동구 간석로25번길 13'),('7341067','구월여자중학교','인천 남동구 성말로13번길 78'),('7341068','구월중학교','인천광역시 남동구 남동대로 814'),('7341069','남동중학교','인천광역시 남동구 담방로 7'),('7341070','논곡중학교','인천광역시 남동구 논곡로 84'),('7341071','능허대중학교','인천광역시 연수구 송도교육로 31'),('7341072','동인천중학교','인천광역시 남동구 구월남로57번길 12'),('7341073','만성중학교','인천광역시 남동구 인주대로 899'),('7341074','만수북중학교','인천광역시 남동구 만수서로 117'),('7341075','만수여자중학교','인천광역시 남동구 만수로50번길 22-36'),('7341076','만수중학교','인천광역시 남동구 인수로 13'),('7341077','만월중학교','인천광역시 남동구 서창남순환로 22'),('7341078','상인천여자중학교','인천광역시 남동구 문화로169번길 30'),('7341079','상인천중학교','인천광역시 남동구 백범로297번길 21'),('7341080','석정중학교','인천광역시 남동구 방축로469번길 1'),('7341081','선학중학교','인천광역시 연수구 선학로 19'),('7341082','신송중학교','인천광역시 연수구 해돋이로56번길 12'),('7341083','연성중학교','인천광역시 연수구 원인재로 105'),('7341084','연수중학교','인천광역시 연수구 원인재로 231'),('7341085','연화중학교','인천광역시 연수구 용담로 156'),('7341086','옥련중학교','인천광역시 연수구 청량로 222'),('7341087','인송중학교','인천광역시 연수구 능허대로79번길 55'),('7341088','인천고잔중학교','인천광역시 남동구 논고개로 20'),('7341089','인천논현중학교','인천광역시 남동구 포구로 118'),('7341090','인천동방중학교','인천광역시 남동구 논현역로 41'),('7341091','인천서창중학교','인천광역시 남동구 독곡로60번길 16'),('7341092','인천성리중학교','인천광역시 남동구 성리로 26'),('7341093','인천여자중학교','인천광역시 연수구 원인재로 47'),('7341094','인천정각중학교','인천광역시 남동구 구월로 240'),('7341095','인천중학교','인천광역시 연수구 함박뫼로 203'),('7341096','인천해송중학교','인천광역시 연수구 해송로 148'),('7341097','청량중학교','인천광역시 연수구 먼우금로 138'),('7341098','청학중학교','인천 연수구 함박뫼로 5'),('7341099','함박중학교','인천광역시 연수구 솔샘로 143'),('7341100','숭덕여자중학교','인천광역시 남동구 만수로73번길 20-23'),('7341223','인천사리울중학교','인천광역시 남동구 에코중앙로84번길 12'),('7341224','인천신정중학교','인천광역시 연수구 컨벤시아대로42번길 80'),('7341256','박문중학교','인천광역시 연수구 송도과학로51번길 102'),('7341285','인천예송중학교','인천광역시 연수구 아카데미로 212'),('7341310','인천미송중학교','인천광역시 연수구 아카데미로 679'),('7341312','인천현송중학교','인천광역시 연수구 아카데미로312번길 84'),('7351029','강남중학교','인천광역시 강화군 길상면 강화남로 62-2'),('7351030','강서중학교','인천광역시 강화군 하점면 강화서로 909-19'),('7351031','강화여자중학교','인천광역시 강화군 강화읍 갑룡길 11'),('7351032','강화중학교','인천광역시 강화군 강화읍 동문로 53'),('7351033','교동중학교','인천광역시 강화군 교동면 교동남로 77'),('7351034','서도중학교','인천광역시 강화군 서도면 주문도길 173'),('7351036','심도중학교','인천광역시 강화군 화도면 마니산로 703-20'),('7351037','동광중학교','인천광역시 강화군 양도면 강화남로 704'),('7351069','승영중학교','인천광역시 강화군 삼산면 삼산북로 473'),('7361074','마전중학교','인천광역시 서구 완정로 91'),('7361075','가정여자중학교','인천광역시 서구 고래울로28번길 13'),('7361076','인천가좌여자중학교','인천광역시 서구 서달로 110'),('7361077','가좌중학교','인천광역시 서구 건지로334번길 31'),('7361078','간재울중학교','인천광역시 서구 승학로512번길 34'),('7361079','검단중학교','인천광역시 서구 완정로188번길 12'),('7361080','검암중학교','인천광역시 서구 검암로29번길 12'),('7361081','계산여자중학교','인천광역시 계양구 장제로755번길 16'),('7361082','계산중학교','인천광역시 계양구 도두리로 67-16'),('7361083','계양중학교','인천광역시 계양구 장제로1181번길 9'),('7361084','동인천여자중학교','인천광역시 서구 여우재로112번길 13'),('7361085','명현중학교','인천광역시 계양구 안남로554번길 26'),('7361087','백석중학교','인천광역시 서구 서곶로 695'),('7361088','북인천여자중학교','인천광역시 계양구 아나지로85번길 12'),('7361089','북인천중학교','인천광역시 계양구 계산로22번길 6'),('7361090','불로중학교','인천광역시 서구 고산후로 363'),('7361091','서곶중학교','인천광역시 서구 대평로56번길 22'),('7361092','서운중학교','인천광역시 계양구 아나지로 467'),('7361093','신현여자중학교','인천광역시 서구 새오개로111번길 15'),('7361094','신현중학교','인천광역시 서구 원창로131번길 23'),('7361095','원당중학교','인천광역시 서구 고산로40번길 22'),('7361096','임학중학교','인천광역시 계양구 장제로 894'),('7361097','작전중학교','인천광역시 계양구 주부토로448번길 16'),('7361098','제물포중학교','인천광역시 서구 여우재로112번길 7'),('7361099','인천효성중학교','인천광역시 계양구 안남로 607'),('7361100','인천동양중학교','인천광역시 계양구 당미길 56'),('7361101','인천당하중학교','인천광역시 서구 청마로 38'),('7361102','인천양촌중학교','인천광역시 계양구 장제로948번길 13'),('7361103','인천가현중학교','인천광역시 서구 염곡로 409'),('7361104','인천안남중학교','인천광역시 계양구 계산새로33번길 5'),('7361105','인천석남중학교','인천광역시 서구 건지로 333'),('7361106','인천계수중학교','인천광역시 계양구 살라리로2번길 25'),('7361247','인천청라중학교','인천광역시 서구 청라라임로 112'),('7361255','인천초은중학교','인천광역시 서구 청라라임로 10'),('7361256','인천해원중학교','인천광역시 서구 청라한내로 21'),('7361292','인천청람중학교','인천광역시 서구 청라커낼로 335'),('7361293','인천예일중학교','인천광역시 계양구 장제로995번길 39'),('7361310','인천경연중학교','인천광역시 서구 차오름로 64'),('7361314','인천청호중학교','인천광역시 서구 청라한울로 44'),('7361321','인천아라중학교','인천광역시 서구 서로2로 50'),('7361322','인천이음중학교','인천광역시 서구 이음1로 455'),('7380186','용연학교','광주광역시 광산구 왕버들로322번길 6'),('7391122','전남대학교사범대학부설중학교','광주광역시 북구 용봉로 45'),('7391123','광주북성중학교','광주광역시 북구 금남로 61'),('7391124','광주충장중학교','광주광역시 동구 경양로 379번길 19'),('7391125','무등중학교','광주광역시 동구 지원로5번길 12'),('7391126','운림중학교','광주광역시 동구 의재로 137'),('7391127','운암중학교','광주광역시 북구 서강로131번길 24'),('7391128','우산중학교','광주광역시 북구 신촌로 22'),('7391129','용봉중학교','광주광역시 북구 서하로274번길 33'),('7391130','신광중학교','광주광역시 북구 면앙로165번길 80'),('7391131','문화중학교','광주광역시 북구 면앙로 111'),('7391132','광주체육중학교','광주광역시 북구 하서로 55'),('7391133','두암중학교','광주광역시 북구 밤실로208번길 23'),('7391134','각화중학교','광주광역시 북구 군왕로 234'),('7391135','문흥중학교','광주광역시 북구 능안로 2'),('7391136','문산중학교','광주광역시 북구 대천로 174'),('7391137','양산중학교','광주광역시 북구 하서로229번길 30'),('7391138','일곡중학교','광주광역시 북구 설죽로 570'),('7391139','일동중학교','광주광역시 북구 일곡택지로 10'),('7391140','지산중학교','광주광역시 북구 양산택지로 130'),('7391141','일신중학교','광주광역시 북구 일곡택지로 107'),('7391143','용두중학교','광주광역시 북구 하서로483번길 48'),('7391144','조선대학교부속중학교','광주광역시 동구 필문대로 309-3'),('7391145','광주숭일중학교','광주광역시 북구 모룡대길 40'),('7391146','광주동신중학교','광주광역시 북구 동문대로 50'),('7391147','서강중학교','광주광역시 북구 서강로 1'),('7391148','고려중학교','광주광역시 북구 설죽로 369'),('7391150','조선대학교여자중학교','광주광역시 동구 지산로 16'),('7391151','광주동신여자중학교','광주광역시 북구 동문대로 50'),('7391152','광주경신중학교','광주광역시 북구 금호로40번길 40'),('7391153','살레시오중학교','광주광역시 북구 모룡대길 67'),('7391154','살레시오여자중학교','광주광역시 동구 필문대로273번길 21'),('7391241','신용중학교','광주광역시 북구 첨단연신로133번길 32'),('7391248','금호중앙중학교','광주광역시 북구 금호로 100'),('7391274','광주예술중학교','광주광역시 북구 서하로 72'),('7401212','광주무진중학교','광주광역시 남구 중앙로 7'),('7401213','봉선중학교','광주광역시 남구 봉선중길 14'),('7401214','상무중학교','광주광역시 서구 운천로 142'),('7401215','광주서광중학교','광주광역시 남구 진다리로24번길 13'),('7401216','광주효광중학교','광주광역시 서구 쌍촌로15번길 8'),('7401217','광주화정중학교','광주광역시 서구 화운로 53'),('7401218','광주중학교','광주광역시 서구 화개중앙로 60'),('7401219','치평중학교','광주광역시 서구 화정로21번길 5'),('7401220','주월중학교','광주광역시 남구 옹정길 9'),('7401221','금당중학교','광주광역시 남구 회재로1156번길 9'),('7401222','송정중학교','광주광역시 광산구 내상로15번길 23'),('7401223','광산중학교','광주광역시 광산구 사암로158번길 23'),('7401224','대촌중학교','광주광역시 남구 고싸움로164번길 28'),('7401225','평동중학교','광주광역시 광산구 평동로735번길 70'),('7401226','상일중학교','광주광역시 서구 내방로 229'),('7401227','하남중학교','광주광역시 광산구 산정로6번길 21-2'),('7401228','월곡중학교','광주광역시 광산구 월곡산정로 95'),('7401229','금호중학교','광주광역시 서구 금화로115번길 72'),('7401230','월계중학교','광주광역시 광산구 첨단중앙로181번길 82'),('7401231','운남중학교','광주광역시 광산구 목련로 307-10'),('7401232','광주동명중학교','광주광역시 서구 운천로 306'),('7401233','풍암중학교','광주광역시 서구 풍암순환로 51'),('7401234','금구중학교','광주광역시 광산구 목련로153번길 76'),('7401235','천곡중학교','광주광역시 광산구 월계로16번길 78'),('7401236','전남중학교','광주광역시 서구 상무공원로 70'),('7401237','첨단중학교','광주광역시 광산구 첨단내촌로 16'),('7401238','송광중학교','광주광역시 광산구 송정로 74'),('7401239','영천중학교','광주광역시 광산구 사암로340번안길 21'),('7401240','신가중학교','광주광역시 광산구 신창로 26'),('7401241','봉산중학교','광주광역시 광산구 산월로 67'),('7401242','운리중학교','광주광역시 서구 풍암신흥로11번길 28'),('7401243','신창중학교','광주광역시 광산구 왕버들로290번길 40'),('7401244','유덕중학교','광주광역시 서구 상무버들로 29'),('7401245','월봉중학교','광주광역시 광산구 산월로 107'),('7401246','진남중학교','광주광역시 남구 노대실로41번길 21'),('7401247','성덕중학교','광주광역시 광산구 장덕로 65'),('7401248','수완중학교','광주광역시 광산구 수완로 19'),('7401249','산정중학교','광주광역시 광산구 목련로22번길 31'),('7401250','숭의중학교','광주광역시 남구 오방로 34-13'),('7401251','광주송원중학교','광주광역시 남구 송암로 73'),('7401252','광덕중학교','광주광역시 서구 화정로 202'),('7401253','문성중학교','광주광역시 남구 제석로 73'),('7401254','광주서석중학교','광주광역시 서구 화정로253번길 27'),('7401257','대성여자중학교','광주광역시 남구 서문대로663번길 37'),('7401258','동아여자중학교','광주광역시 남구 오방로 16-10'),('7401260','정광중학교','광주광역시 광산구 소촌로 90-36'),('7401261','임곡중학교','광주광역시 광산구 고봉로 812'),('7401262','비아중학교','광주광역시 광산구 첨단중앙로181번길 42-26'),('7401342','장덕중학교','광주광역시 광산구 수등로 11'),('7401363','대자중학교','광주광역시 서구 하남대로680번길 27'),('7401388','선운중학교','광주광역시 광산구 선운로20번길 37'),('7401426','수완하나중학교','광주광역시 광산구 수완로105번길 47'),('7401435','효천중학교','광주광역시 남구 서문대로 402'),('7401444','광주동성중학교','광주광역시 남구 서문대로627번길 20'),('7401445','광주동성여자중학교','광주광역시 남구 서문대로627번길 20'),('7401459','고실중학교','광주광역시 광산구 풍영로229번길 30'),('7401463','광주진흥중학교','광주광역시 광산구 왕버들로 307'),('7401464','광주수피아여자중학교','광주광역시 남구 백서로 13'),('7441012','대전가양중학교','대전광역시 동구 비래서로62번길 100'),('7441013','대전가오중학교','대전광역시 동구 은어송로 79'),('7441014','대전글꽃중학교','대전광역시 중구 계룡로918번길 103'),('7441015','대전대문중학교','대전광역시 중구 송리로 33'),('7441016','대전대청중학교','대전광역시 대덕구 신탄진동로 81'),('7441017','대전대화중학교','대전광역시 대덕구 대오길 9'),('7441018','대전동산중학교','대전광역시 중구 문화로 183'),('7441019','대전매봉중학교','대전광역시 대덕구 선비마을로 165'),('7441020','대전문화여자중학교','대전광역시 중구 문화로218번길 63'),('7441021','대전법동중학교','대전광역시 대덕구 쌍청당로 55'),('7441022','대전송촌중학교','대전광역시 대덕구 계족산로 110'),('7441023','대전여자중학교','대전광역시 중구 보문로230번길 69'),('7441024','대전용운중학교','대전광역시 동구 용운로 208'),('7441025','대전용전중학교','대전광역시 대덕구 한밭대로1146번길 46'),('7441026','대전은어송중학교','대전광역시 동구 동구청로 26'),('7441028','대전중앙중학교','대전광역시 중구 대종로 634'),('7441029','대전중학교','대전광역시 중구 수도산로 9'),('7441030','대전태평중학교','대전광역시 중구 수침로111번길 12'),('7441031','동대전중학교','대전광역시 동구 충정로 73-6'),('7441032','동명중학교','대전광역시 중구 사득로54번길 29'),('7441033','동신중학교','대전광역시 동구 동부로 56-22'),('7441034','보문중학교','대전광역시 동구 우암로 57'),('7441036','신탄중앙중학교','대전광역시 대덕구 덕암로 233'),('7441037','신탄진중학교','대전광역시 대덕구 석봉로 15'),('7441038','오정중학교','대전광역시 대덕구 한남로150번길 135'),('7441039','우송중학교','대전광역시 동구 동대전로131번길 53'),('7441040','중리중학교','대전광역시 대덕구 중리동로 85'),('7441041','청란여자중학교','대전광역시 중구 보문로 95번길40'),('7441042','충남여자중학교','대전광역시 중구 동서대로 1368'),('7441043','충남중학교','대전광역시 동구 계족로 123'),('7441044','한밭여자중학교','대전광역시 동구 동대전로110번길 74-57'),('7441045','한밭중학교','대전광역시 동구 태전로 67'),('7441046','호수돈여자중학교','대전광역시 중구 선화로 50'),('7441047','회덕중학교','대전광역시 대덕구 신탄진로218번길 22'),('7441257','대전신일여자중학교','대전광역시 중구 부사로32번길 27'),('7441263','대전대성여자중학교','대전광역시 동구 대성2길 20'),('7441264','대전대성중학교','대전광역시 중구 목동로 23'),('7441266','대전경덕중학교','대전광역시 대덕구 동산초교로63번길 12'),('7451009','가수원중학교','대전광역시 서구 가수원로 26'),('7451010','갈마중학교','대전광역시 서구 계룡로326번길 138'),('7451011','기성중학교','대전광역시 서구 장안로 54'),('7451012','대덕중학교','대전광역시 유성구 대덕대로 515'),('7451013','대전갑천중학교','대전광역시 서구 월평동로 80'),('7451014','대전관저중학교','대전광역시 서구 관저동로 143'),('7451015','대전관평중학교','대전광역시 유성구 테크노4로 132'),('7451016','대전괴정중학교','대전광역시 서구 가장로 15'),('7451017','대전구봉중학교','대전광역시 서구 관저서로 86'),('7451018','대전남선중학교','대전광역시 서구 월평북로 41'),('7451019','대전내동중학교','대전광역시 서구 배재로 263'),('7451020','대전노은중학교','대전광역시 유성구 노은동로 104'),('7451021','대전느리울중학교','대전광역시 서구 관저중로64번길 84'),('7451022','대전대신중학교','대전광역시 서구 오량1길 98'),('7451023','대전도마중학교','대전광역시 서구 도솔2길 22'),('7451024','대전동화중학교','대전광역시 유성구 관평2로 43'),('7451025','대전두리중학교','대전광역시 유성구 와룡로 37'),('7451026','대전둔산중학교','대전광역시 서구 갈마역로25번길 70'),('7451027','대전둔원중학교','대전광역시 서구 괴정로11번길 73'),('7451028','대전만년중학교','대전광역시 서구 만년남로 17'),('7451029','대전문정중학교','대전광역시 서구 둔산북로 232-11'),('7451030','대전문지중학교','대전광역시 유성구 전민로 53'),('7451031','대전버드내중학교','대전광역시 서구 유등로 285'),('7451032','대전변동중학교','대전광역시 서구 도산로181번길 39'),('7451033','대전봉산중학교','대전광역시 서구 배재로262번길 60'),('7451034','대전봉우중학교','대전광역시 서구 관저로 102'),('7451035','대전삼육중학교','대전광역시 서구 도림1길 15'),('7451036','대전삼천중학교','대전광역시 서구 문정로 271'),('7451037','대전서중학교','대전광역시 서구 동서대로997번길 57'),('7451038','대전송강중학교','대전광역시 유성구 와룡로 122'),('7451039','대전신계중학교','대전광역시 서구 복수동로 40-30'),('7451040','대전어은중학교','대전광역시 유성구 농대로 56'),('7451041','대전외삼중학교','대전광역시 유성구 반석동로 75'),('7451042','대전월평중학교','대전광역시 서구 월평동로 21'),('7451043','대전자운중학교','대전광역시 유성구 자운로97번길 356'),('7451044','대전장대중학교','대전광역시 유성구 문화원로 26'),('7451045','대전전민중학교','대전광역시 유성구 엑스포로466번길 97'),('7451046','대전정림중학교','대전광역시 서구 괴곡길 70'),('7451048','대전지족중학교','대전광역시 유성구 노은동로 193'),('7451049','대전체육중학교','대전광역시 유성구 원신흥로40번길 6'),('7451050','대전탄방중학교','대전광역시 서구 문정로 181'),('7451051','대전하기중학교','대전광역시 유성구 송림로48번길 6-30'),('7451052','동방여자중학교','대전광역시 서구 복수중로 27'),('7451053','성덕중학교','대전광역시 유성구 신성로 19'),('7451054','유성중학교','대전광역시 유성구 상대로 33'),('7451055','진잠중학교','대전광역시 유성구 진잠로 60-23'),('7451255','대전봉명중학교','대전광역시 유성구 계룡로132번길 71'),('7451265','대전도안중학교','대전광역시 서구 원도안로 160'),('7451266','대전덕명중학교','대전광역시 유성구 학하중앙로 61'),('7451303','대전새미래중학교','대전광역시 유성구 지족동로 55'),('7451342','대전원신흥중학교','대전광역시 유성구 동서대로735번길 20'),('7491148','강동중학교','울산광역시 북구 산음12길 10'),('7491149','남목중학교','울산광역시 동구 방어진순환도로 1155'),('7491150','남외중학교','울산광역시 중구 남외3길 50'),('7491151','농소중학교','울산광역시 북구 호계7길 13'),('7491152','다운중학교','울산광역시 중구 다운로 178'),('7491153','달천중학교','울산광역시 북구 가재길 51'),('7491154','대송중학교','울산광역시 동구 학문로 90'),('7491155','매곡중학교','울산광역시 북구 매곡1로 59'),('7491156','명덕여자중학교','울산광역시 동구 학문로 40'),('7491157','무룡중학교','울산광역시 중구 화합로 456'),('7491158','방어진중학교','울산광역시 동구 학문로 100'),('7491159','상안중학교','울산광역시 북구 양지길 5'),('7491160','성안중학교','울산광역시 중구 성안2길 30'),('7491161','연암중학교','울산광역시 북구 사청1길 12'),('7491165','울산제일중학교','울산광역시 중구 태화로 77'),('7491166','울산중학교','울산광역시 중구 종가7길 6'),('7491167','유곡중학교','울산광역시 중구 유곡로 85'),('7491168','이화중학교','울산광역시 북구 산업로 1631'),('7491169','일산중학교','울산광역시 동구 진성15길 15'),('7491170','진장중학교','울산광역시 북구 진장10길 24'),('7491171','천곡중학교','울산광역시 북구 고래로 38'),('7491172','학성여자중학교','울산광역시 중구 명정3길 12'),('7491173','현대중학교','울산광역시 동구 봉수로 453'),('7491174','현대청운중학교','울산광역시 동구 방어진순환도로 1073'),('7491175','호계중학교','울산광역시 북구 당수골5길 30'),('7491176','화봉중학교','울산광역시 북구 통샘1길 2'),('7491177','화암중학교','울산광역시 동구 문현5길 35'),('7491178','화진중학교','울산광역시 동구 양지1길 45'),('7491179','효정중학교','울산광역시 북구 염포로 363'),('7491197','약사중학교','울산광역시 중구 평산4길 10'),('7491199','울산스포츠과학중학교','울산광역시 북구 산음3길 16'),('7491206','외솔중학교','울산광역시 중구 종가로 710'),('7491238','고헌중학교','울산광역시 북구 박상진2로 81'),('7491245','가온중학교','울산광역시 중구 구교10길 60'),('7501009','대현중학교','울산광역시 남구 왕생로86번길 33'),('7501010','동평중학교','울산광역시 남구 도산로77번길 13-34'),('7501011','무거중학교','울산광역시 남구 대학로1번길 17-18'),('7501012','문수중학교','울산광역시 남구 옥현로 6'),('7501013','삼호중학교','울산광역시 남구 삼호로38번길 6'),('7501014','신일중학교','울산광역시 남구 두왕로 278'),('7501015','신정중학교','울산광역시 남구 은월로 11'),('7501016','야음중학교','울산광역시 남구 수암로 170'),('7501017','옥동중학교','울산광역시 남구 법대로14번길 9'),('7501018','옥현중학교','울산광역시 남구 문수로75번길 18'),('7501019','울산강남중학교','울산광역시 남구 돋질로 325'),('7501020','울산서여자중학교','울산광역시 남구 문수로 432'),('7501021','울산중앙중학교','울산광역시 남구 중앙로63번길 5'),('7501022','월평중학교','울산광역시 남구 중앙로204번길 31'),('7501023','태화중학교','울산광역시 남구 화합로71번길 24'),('7501024','학성중학교','울산광역시 남구 문수로 426'),('7501025','구영중학교','울산광역시 울주군 범서읍 점촌3길 46'),('7501026','범서중학교','울산광역시 울주군 범서읍 대리1길 16'),('7501027','천상중학교','울산광역시 울주군 범서읍 천상중앙길 161'),('7501028','남창중학교','울산광역시 울주군 온양읍 동상로 66'),('7501029','두광중학교','울산광역시 울주군 두서면 반구대로 1930-5'),('7501030','삼남중학교','울산광역시 울주군 삼남읍 강당로 95'),('7501031','서생중학교','울산광역시 울주군 서생면 당물길 1'),('7501032','신언중학교','울산광역시 울주군 언양읍 방천9길 19'),('7501033','언양중학교','울산광역시 울주군 언양읍 북문13길 7'),('7501034','온산중학교','울산광역시 울주군 온산읍 명봉거남로 78'),('7501035','웅촌중학교','울산광역시 울주군 웅촌면 새초천길 13'),('7501036','청량중학교','울산광역시 울주군 청량읍 송전길 2'),('7501037','상북중학교','울산광역시 울주군 상북면 상북로 162'),('7501225','장검중학교','울산광역시 울주군 범서읍 장검1길 4'),('7541009','조원중학교','경기도 수원시 장안구 수일로233번길 35'),('7541010','세류중학교','경기도 수원시 권선구 덕영대로1031번길 6'),('7541011','영동중학교','경기도 수원시 영통구 영통로 225'),('7541012','고색중학교','경기도 수원시 권선구 매송고색로711번길 50'),('7541013','곡반중학교','경기도 수원시 권선구 동수원로146번길 144-7'),('7541014','곡선중학교','경기도 수원시 권선구 경수대로312번길 23-10'),('7541015','구운중학교','경기도 수원시 권선구 금호로 257'),('7541016','권선중학교','경기도 수원시 권선구 경수대로 239'),('7541017','남수원중학교','경기도 수원시 권선구 권중로 162'),('7541018','동수원중학교','경기도 수원시 영통구 동탄원천로1109번길 92'),('7541019','대평중학교','경기도 수원시 장안구 만석로68번길 7'),('7541020','명인중학교','경기도 수원시 장안구 정자천로134번길 37'),('7541021','매원중학교','경기도 수원시 영통구 매탄로 177'),('7541023','매현중학교','경기도 수원시 영통구 동탄원천로881번길 20'),('7541024','산남중학교','경기도 수원시 영통구 매영로 79'),('7541025','삼일중학교','경기도 수원시 팔달구 수원천로 342'),('7541026','수성중학교','경기도 수원시 장안구 수성로363번길 2'),('7541027','수원중학교','경기도 수원시 팔달구 정조로 666-10'),('7541028','수원북중학교','경기도 수원시 장안구 광교산로 37'),('7541029','수일여자중학교','경기도 수원시 장안구 수일로 145'),('7541030','수일중학교','경기도 수원시 장안구 수일로 103'),('7541031','숙지중학교','경기도 수원시 팔달구 덕영대로735번길 23'),('7541032','연무중학교','경기도 수원시 영통구 센트럴타운로100번길 30'),('7541033','영덕중학교','경기도 수원시 영통구 청명로 146'),('7541034','영복여자중학교','경기도 수원시 팔달구 장안로7번길 49'),('7541035','영신중학교','경기도 수원시 권선구 삼천병마로 1566-30'),('7541036','영일중학교','경기도 수원시 영통구 매영로 393'),('7541037','영통중학교','경기도 수원시 영통구 영통로 316'),('7541038','율전중학교','경기도 수원시 장안구 덕영대로381번길 59'),('7541039','율현중학교','경기도 수원시 팔달구 일월로22번길 60'),('7541040','원천중학교','경기도 수원시 영통구 동수원로551번길 38'),('7541041','이목중학교','경기도 수원시 장안구 장안로 426'),('7541042','천천중학교','경기도 수원시 장안구 정자로42번길 16'),('7541043','청명중학교','경기도 수원시 영통구 청명북로 118'),('7541044','칠보중학교','경기도 수원시 권선구 금곡로 126'),('7541045','태장중학교','경기도 수원시 영통구 봉영로1517번길 45'),('7541046','호매실중학교','경기도 수원시 권선구 금호로 32'),('7541047','화홍중학교','경기도 수원시 권선구 덕영대로1323번길 25-11'),('7541048','망포중학교','경기도 수원시 영통구 태장로82번길 15'),('7541049','정천중학교','경기도 수원시 팔달구 정자천로32번길 11'),('7541050','수원제일중학교','경기도 수원시 팔달구 수성로244번길 37-52'),('7541051','서호중학교','경기도 수원시 권선구 서호로 71'),('7541052','송원중학교','경기 수원시 장안구 송정로21번길 42'),('7541053','잠원중학교','경기도 수원시 영통구 태장로 25'),('7541054','상촌중학교','경기도 수원시 권선구 금곡로73번길 60'),('7541055','창용중학교','경기도 수원시 장안구 연무로8'),('7541056','동성중학교','경기도 수원시 팔달구 월드컵로 293'),('7541057','중앙기독중학교','경기도 수원시 영통구 월드컵로 70'),('7541058','수원원일중학교','경기도 수원시 영통구 삼성로213번길 122'),('7541059','매향중학교','경기도 수원시 팔달구 수원천로392번길 44-22'),('7541236','매탄중학교','경기도 수원시 영통구 효원로 337'),('7541327','경기체육중학교','경기도 수원시 장안구 상률로 106'),('7541332','광교중학교','경기도 수원시 영통구 웰빙타운로 55'),('7541333','이의중학교','경기도 수원시 영통구 법조로 129'),('7541354','능실중학교','경기도 수원시 권선구 호매실로165번길 28-1'),('7541355','수원다산중학교','경기도 수원시 영통구 혜령로 12'),('7541405','광교호수중학교','경기도 수원시 영통구 월드컵로 8'),('7551009','늘푸른중학교','경기도 성남시 분당구 정자일로 77'),('7551010','샛별중학교','경기도 성남시 분당구 불정로 288'),('7551011','구미중학교','경기도 성남시 분당구 구미로173번길 29'),('7551012','금광중학교','경기도 성남시 중원구 황송로 25'),('7551013','내정중학교','경기도 성남시 분당구 백현로 197'),('7551015','매송중학교','경기도 성남시 분당구 탄천로 49'),('7551016','백현중학교','경기도 성남시 분당구 황새울로 124'),('7551017','분당중학교','경기도 성남시 분당구 황새울로 4'),('7551018','불곡중학교','경기도 성남시 분당구 금곡로 139'),('7551019','상원여자중학교','경기도 성남시 수정구 논골로35번길 6-1'),('7551020','서현중학교','경기도 성남시 분당구 중앙공원로 54-1'),('7551021','성남동중학교','경기도 성남시 중원구 광명로361번길 23'),('7551022','성남문원중학교','경기도 성남시 수정구 논골로 79'),('7551023','성남서중학교','경기도 성남시 수정구 희망로 496'),('7551024','성남여자중학교','경기도 성남시 수정구 공원로 446'),('7551025','성남중학교','경기도 성남시 중원구 원터로 64'),('7551026','수내중학교','경기도 성남시 분당구 수내로192번길 12'),('7551027','야탑중학교','경기도 성남시 분당구 양현로 442'),('7551028','양영중학교','경기도 성남시 분당구 돌마로486번길 23'),('7551030','영성중학교','경기도 성남시 중원구 둔촌대로248번길 7'),('7551031','은행중학교','경기도 성남시 중원구 순환로379번길 20'),('7551032','이매중학교','경기 성남시 분당구 양현로 194'),('7551033','장안중학교','경기도 성남시 분당구 장안로 70'),('7551034','정자중학교','경기도 성남시 분당구 황새울로 60'),('7551037','청솔중학교','경기도 성남시 분당구 금곡로 283'),('7551038','태평중학교','경기도 성남시 수정구 제일로 223'),('7551039','하탑중학교','경기도 성남시 분당구 벌말로 11'),('7551041','성일중학교','경기도 성남시 중원구 시민로77번길 10-1'),('7551042','송림중학교','경기도 성남시 분당구 이매로 100'),('7551043','숭신여자중학교','경기도 성남시 중원구 황송로 77번길'),('7551044','풍생중학교','경기도 성남시 수정구 산성대로 111'),('7551045','이우중학교','경기도 성남시 분당구 동막로 287'),('7551151','도촌중학교','경기도 성남시 중원구 도촌북로 50'),('7551152','수진중학교','경기도 성남시 수정구 모란로 55'),('7551156','보평중학교','경기도 성남시 분당구 동판교로 131'),('7551157','삼평중학교','경기도 성남시 분당구 대왕판교로644번길 77'),('7551158','운중중학교','경기도 성남시 분당구 운중로 96'),('7551159','판교중학교','경기도 성남시 분당구 판교원로 193'),('7551236','낙원중학교','경기도 성남시 분당구 서판교로132번길 11'),('7551237','신백현중학교','경기도 성남시 분당구 판교역로50번길 19'),('7551251','동광중학교','경기도 성남시 중원구 원터로 84'),('7551253','대원중학교','경기도 성남시 중원구 황송로 35'),('7551277','위례중앙중학교','경기도 성남시 수정구 위례순환로 91'),('7551278','위례한빛중학교','경기도 성남시 수정구 위례동로 85'),('7551287','창성중학교','경기도 성남시 수정구 수정로 400'),('7551297','판교대장중학교','경기도 성남시 분당구 판교대장로5길 71'),('7561003','경민중학교','경기도 의정부시 서부로 545'),('7561004','경민여자중학교','경기도 의정부시 서부로 545'),('7561005','민락중학교','경기도 의정부시 오목로 151'),('7561006','발곡중학교','경기도 의정부시 회룡로 185'),('7561007','부용중학교','경기도 의정부시 오목로 86'),('7561008','신곡중학교','경기도 의정부시 추동로24번길 23'),('7561010','의정부중학교','경기도 의정부시 가능로 75'),('7561011','의정부여자중학교','경기도 의정부시 신흥로365번길 40'),('7561012','천보중학교','경기도 의정부시 부용로 61'),('7561013','충의중학교','경기도 의정부시 용현로 125'),('7561014','호원중학교','경기도 의정부시 호암로 205'),('7561015','효자중학교','경기도 의정부시 부용로185번길 15'),('7561016','회룡중학교','경기도 의정부시 안말로 45'),('7561075','금오중학교','경기도 의정부시 금신로 380'),('7561080','녹양중학교','경기도 의정부시 체육로 187'),('7561081','동암중학교','경기도 의정부시 장곡로226번길 132'),('7561082','솔뫼중학교','경기도 의정부시 시민로 464-14'),('7561125','송양중학교','경기도 의정부시 용민로 308'),('7561134','다온중학교','경기도 의정부시 둔야로49번길 30'),('7561145','훈민중학교','경기도 의정부시 고산로 55'),('7569053','과천중학교','경기도 과천시 희망4길 33'),('7569054','과천문원중학교','경기도 과천시 코오롱로 57'),('7569055','관양중학교','경기도 안양시 동안구 관악대로339번길 35'),('7569056','귀인중학교','경기도 안양시 동안구 귀인로190번길 114'),('7569057','대안중학교','경기도 안양시 동안구 흥안대로249번길 25'),('7569058','대안여자중학교','경기도 안양시 동안구 흥안대로223번길 46'),('7569059','범계중학교','경기도 안양시 동안구 동안로 56'),('7569060','부림중학교','경기도 안양시 동안구 달안로 95'),('7569061','부안중학교','경기도 안양시 동안구 달안로 170'),('7569062','비산중학교','경기도 안양시 동안구 평촌대로427번길 42'),('7569063','신기중학교','경기도 안양시 동안구 경수대로610번길 57'),('7569064','신안중학교','경기도 안양시 만안구 능곡로 78'),('7569065','안양중학교','경기도 안양시 만안구 와룡로 53'),('7569066','안양부흥중학교','경기도 안양시 동안구 달안로 25'),('7569067','안양서중학교','경기도 안양시 만안구 창박로 26'),('7569069','연현중학교','경기도 안양시 만안구 석수로 462'),('7569070','인덕원중학교','경기도 안양시 동안구 벌말로 174'),('7569071','임곡중학교','경기도 안양시 동안구 임곡로 105'),('7569072','평촌중학교','경기도 안양시 동안구 관평로 127'),('7569073','호계중학교','경기도 안양시 동안구 경수대로665번길 74-23'),('7569074','호성중학교','경기도 안양시 동안구 호성로 55'),('7569075','성문중학교','경기도 안양시 만안구 성결대학로64번길 9'),('7569076','신성중학교','경기도 안양시 만안구 소곡로 93'),('7569077','안양여자중학교','경기도 안양시 만안구 안양로 357'),('7569110','근명중학교','경기도 안양시 만안구 삼덕로 49'),('7569192','박달중학교','경기도 안양시 만안구 박달로418번길 70'),('7581010','계남중학교','경기도 부천시 조마루로 274'),('7581011','내동중학교','경기도 부천시 삼작로108번길 53'),('7581012','덕산중학교','경기도 부천시 성오로 203'),('7581013','부명중학교','경기도 부천시 조마루로 182'),('7581014','부인중학교','경기도 부천시 상일로 62'),('7581015','부일중학교','경기도 부천시 소사로 86'),('7581016','부천남중학교','경기도 부천시 성주로 148'),('7581017','부천동여자중학교','경기도 부천시 경인로484번길 36'),('7581018','부천동중학교','경기도 부천시 경인로484번길 36'),('7581019','부천부곡중학교','경기도 부천시 부흥로 284'),('7581020','부천부흥중학교','경기도 부천시 계남로 268'),('7581023','부천여월중학교','경기도 부천시 성곡로57번길 25'),('7581024','부천여자중학교','경기도 부천시 성주로23번길 22'),('7581025','부천일신중학교','경기도 부천시 범안로96번길 44'),('7581026','부천중학교','경기도 부천시 심중로75번길 64'),('7581027','상도중학교','경기도 부천시 장말로 159'),('7581028','상동중학교','경기도 부천시 부흥로 19'),('7581029','상일중학교','경기도 부천시 조마루로 69'),('7581030','석천중학교','경기도 부천시 계남로 71'),('7581031','성곡중학교','경기도 부천시 삼작로496번길 10-25'),('7581032','성주중학교','경기도 부천시 성주로 24'),('7581033','소사중학교','경기도 부천시 소사로102번길 80'),('7581034','심원중학교','경기도 부천시 계남로 352'),('7581035','역곡중학교','경기도 부천시 역곡로58번길 27'),('7581036','중원중학교','경기도 부천시 도약로 119'),('7581037','중흥중학교','경기도 부천시 신흥로 245'),('7581038','소명여자중학교','경기도 부천시 부일로 571번길 84'),('7581149','까치울중학교','경기도 부천시 소사로 647'),('7581150','수주중학교','경기도 부천시 역곡로 524'),('7581151','원미중학교','경기도 부천시 원미로182번길 15'),('7581258','옥길중학교','경기도 부천시 양지로 234-41'),('7581267','도당중학교','경기도 부천시 평천로849번길 58'),('7581289','범박중학교','경기도 부천시 양지남로 69-16'),('7591003','가림중학교','경기도 광명시 오리로 616'),('7591004','광남중학교','경기도 광명시 광명로 785'),('7591005','광명북중학교','경기도 광명시 시청로 121'),('7591006','광명중학교','경기도 광명시 오리로876번길 27'),('7591007','광문중학교','경기도 광명시 덕단이로 43'),('7591008','소하중학교','경기도 광명시 소하일로 31'),('7591009','안서중학교','경기도 광명시 기아로13번안길 9-9'),('7591010','철산중학교','경기도 광명시 철망산로 71'),('7591011','충현중학교','경기도 광명시 서원로 42'),('7591012','하안중학교','경기도 광명시 안현로 80-1'),('7591013','하안북중학교','경기도 광명시 가림로 22'),('7591099','빛가온중학교','경기도 광명시 오리로84번길 16'),('7602005','고암중학교','경기도 양주시 고암길 305-18'),('7602013','남문중학교','경기도 양주시 남면 개나리18길 1'),('7602014','덕계중학교','경기도 양주시 평화로1416번길 66-13'),('7602019','덕정중학교','경기도 양주시 화합로 1397'),('7602022','덕현중학교','경기도 양주시 고읍로35번길 21'),('7602028','동두천여자중학교','경기도 동두천시 평화로2452번길 31'),('7602030','동두천중학교','경기도 동두천시 평화로2434번길 8'),('7602037','보영여자중학교','경기도 동두천시 동광로 124'),('7602046','삼숭중학교','경기도 양주시 삼숭로38번길 136'),('7602052','생연중학교','경기도 동두천시 생연로 46'),('7602060','신흥중학교','경기도 동두천시 신천로 159'),('7602065','양주백석중학교','경기도 양주시 백석읍 양주산성로574번길 38'),('7602078','조양중학교','경기도 양주시 광적면 부흥로 757'),('7602089','회천중학교','경기도 양주시 고암길 77'),('7602099','송내중앙중학교','경기도 동두천시 중앙로 78'),('7602133','옥정중학교','경기도 양주시 옥정로5길 55'),('7602145','옥빛중학교','경기도 양주시 옥정동로3길 57'),('7611009','초지중학교','경기도 안산시 단원구 광덕3로 48'),('7611010','석호중학교','경기도 안산시 상록구 석호공원로4길 8'),('7611011','관산중학교','경기도 안산시 단원구 삼일로 184'),('7611012','대부중학교','경기도 안산시 단원구 대부중앙로 3'),('7611013','반월중학교','경기도 안산시 상록구 남산평길 25'),('7611014','본오중학교','경기도 안산시 상록구 본오로 90'),('7611015','상록중학교','경기도 안산시 상록구 각골로4길 29'),('7611016','선부중학교','경기 안산시 단원구 달미로 95'),('7611017','선일중학교','경기도 안산시 단원구 선부광장서로 59'),('7611018','성포중학교','경기도 안산시 상록구 월피로 73'),('7611019','시곡중학교','경기도 안산시 상록구 감골로 123'),('7611020','안산부곡중학교','경기도 안산시 상록구 부곡로 15'),('7611021','양지중학교','경기도 안산시 단원구 안산천남로 119'),('7611022','와동중학교','경기도 안산시 단원구 사세충열로 54'),('7611023','원곡중학교','경기도 안산시 단원구 원선로 81'),('7611024','원일중학교','경기도 안산시 단원구 석수로 32'),('7611025','중앙중학교','경기도 안산시 단원구 안산천서로 65'),('7611026','안산중학교','경기도 안산시 상록구 수인로 1981'),('7611027','경수중학교','경기도 안산시 상록구 삼일로 678'),('7611028','성안중학교','경기도 안산시 상록구 석호로 81'),('7611029','별망중학교','경기도 안산시 단원구 초지1로 35'),('7611030','송호중학교','경기도 안산시 단원구 광덕3로 240'),('7611118','석수중학교','경기도 안산시 단원구 선부로 133'),('7611120','단원중학교','경기도 안산시 단원구 단원로 27'),('7611122','안산성호중학교','경기도 안산시 상록구 구룡서길 21-11'),('7611124','안산해양중학교','경기도 안산시 상록구 해양로 11'),('7611129','광덕중학교','경기도 안산시 상록구 광덕산3로 15'),('7611133','신길중학교','경기도 안산시 단원구 신길로 81'),('7611187','이호중학교','경기도 안산시 상록구 충장로 50'),('7611223','안산해솔중학교','경기도 안산시 상록구 해양5로 10'),('7621009','현산중학교','경기도 고양시 일산서구 일청로 85'),('7621010','목암중학교','경기도 고양시 덕양구 푸른마을로 65'),('7621011','가람중학교','경기도 고양시 덕양구 화신로 122'),('7621012','고양중학교','경기도 고양시 덕양구 동세로 82'),('7621013','능곡중학교','경기도 고양시 덕양구 행당로11번길 48'),('7621014','대송중학교','경기도 고양시 일산서구 송포로 49'),('7621015','대화중학교','경기도 고양시 일산서구 고양대로 348'),('7621017','덕양중학교','경기도 고양시 덕양구 중앙로176번길 18-29'),('7621018','무원중학교','경기도 고양시 덕양구 무원로 45'),('7621019','발산중학교','경기도 고양시 일산서구 고봉로 99'),('7621020','백마중학교','경기도 고양시 일산동구 강촌로 189'),('7621021','백석중학교','경기도 고양시 일산동구 호수로 404'),('7621022','백신중학교','경기도 고양시 일산동구 강촌로 89'),('7621023','백양중학교','경기도 고양시 덕양구 화신로 236'),('7621024','신능중학교','경기도 고양시 덕양구 충장로 '),('7621025','신일중학교','경기도 고양시 일산서구 고봉로 177'),('7621026','오마중학교','경기도 고양시 일산서구 주엽로 213'),('7621027','원당중학교','경기도 고양시 덕양구 마상로 1'),('7621028','일산동중학교','경기도 고양시 일산서구 현중로 48'),('7621029','일산중학교','경기도 고양시 일산서구 원일로 53'),('7621030','장성중학교','경기도 고양시 일산서구 대산로 254'),('7621031','저동중학교','경기도 고양시 일산동구 무궁화로 159'),('7621032','정발중학교','경기도 고양시 일산동구 정발산로 115'),('7621033','중산중학교','경기도 고양시 일산동구 탄중로 361'),('7621034','지도중학교','경기도 고양시 덕양구 성신로 46'),('7621035','한수중학교','경기도 고양시 일산서구 주엽로 117'),('7621036','행신중학교','경기도 고양시 덕양구 화신로 22'),('7621037','호곡중학교','경기도 고양시 일산서구 탄현로 110'),('7621038','화수중학교','경기도 고양시 덕양구 화수로 47'),('7621039','화정중학교','경기도 고양시 덕양구 화신로 343'),('7621167','고양송산중학교','경기도 고양시 일산서구 가좌2로 15'),('7621168','풍동중학교','경기도 고양시 일산동구 숲속마을1로 101'),('7621180','안곡중학교','경기도 고양시 일산동구 하늘마을로 93'),('7621181','풍산중학교','경기도 고양시 일산동구 숲속마을1로 33'),('7621186','서정중학교','경기도 고양시 덕양구 서정마을로 22'),('7621187','성사중학교','경기도 고양시 덕양구 호국로 887'),('7621290','일산양일중학교','경기도 고양시 일산동구 위시티3로 47'),('7621299','덕이중학교','경기도 고양시 일산서구 하이파크3로'),('7621314','신원중학교','경기도 고양시 덕양구 신원2로'),('7621320','고양제일중학교','경기도 고양시 덕양구 통일로 820'),('7621327','도래울중학교','경기도 고양시 덕양구 도래울로 57 '),('7621365','향동중학교','경기도 고양시 덕양구 향동1로 38'),('7621375','지축중학교','경기도 고양시 덕양구 오부자2길 14'),('7621395','덕은한강중학교','경기도 고양시 일산동구 중앙로 1296'),('7631003','비전중학교','경기도 평택시 평남로 972'),('7631004','장당중학교','경기도 평택시 장당길 40'),('7631005','송탄중학교','경기도 평택시 지산3로10번길 5'),('7631006','청북중학교','경기도 평택시 청북읍 건의길 46'),('7631007','평택여자중학교','경기도 평택시 평택4로 60'),('7631008','평택중학교','경기도 평택시 평택2로 101'),('7631009','포승중학교','경기도 평택시 포승읍 서동대로 1138'),('7631010','세교중학교','경기도 평택시 영신로 198'),('7631011','신한중학교','경기도 평택시 신한1길 '),('7631012','안중중학교','경기도 평택시 안중읍 안중믿음길 32'),('7631013','오성중학교','경기도 평택시 오성면 오성새싹길 6'),('7631014','진위중학교','경기도 평택시 진위면 진위서로 47'),('7631015','청담중학교','경기도 평택시 팽성읍 부용로56번길 20'),('7631016','태광중학교','경기도 평택시 탄현1로 155'),('7631017','한광여자중학교','경기도 평택시 중앙1로 115'),('7631018','한광중학교','경기도 평택시 중앙1로 115'),('7631019','효명중학교','경기도 평택시 송탄로 51'),('7631020','현화중학교','경기도 평택시 안중읍 현화중앙길 41'),('7631119','은혜중학교','경기 평택시 장안웃길 66'),('7631122','안일중학교','경기도 평택시 안중읍 안중로 25'),('7631124','이충중학교','경기도 평택시 이충로35번길 5'),('7631125','도곡중학교','경기도 평택시 포승읍 여술로 58'),('7631183','청옥중학교','경기도 평택시 청북읍 안청로1길 11'),('7631216','라온중학교','경기도 평택시 경기대로1376번길 38-6'),('7631223','용이중학교','경기도 평택시 현신로 64'),('7642035','갈뫼중학교','경기도 의왕시 갈미로 61'),('7642036','고천중학교','경기도 의왕시 백운로 25'),('7642037','곡란중학교','경기도 군포시 곡란로 95'),('7642038','군포중학교','경기도 군포시 금당로124번길 19'),('7642039','궁내중학교','경기도 군포시 수리산로 171'),('7642040','금정중학교','경기도 군포시 오금로 114'),('7642041','도장중학교','경기도 군포시 고산로 460'),('7642042','백운중학교','경기도 의왕시 안양판교로 168'),('7642043','산본중학교','경기도 군포시 산본로432번길 17'),('7642044','수리중학교','경기도 군포시 수리산로 139'),('7642045','용호중학교','경기도 군포시 용호2로54번길 14'),('7642046','의왕부곡중학교','경기도 의왕시 부곡중학길 61'),('7642047','의왕중학교','경기 의왕시 등칙골길 28'),('7642048','흥진중학교','경기 군포시 오금로 15-35'),('7642049','당동중학교','경기도 군포시 용호1로21번길 12'),('7642050','당정중학교','경기도 군포시 이당로 152'),('7642073','모락중학교','경기도 의왕시 모락로 110'),('7642123','부곡중앙중학교','경기도 군포시 송부로 241'),('7642124','덕장중학교','경기도 의왕시 덕장로 55'),('7652013','광동중학교','경기도 남양주시 진접읍 장현로광동1길 10'),('7652016','교문중학교','경기도 구리시 장자대로37번길 15'),('7652019','구리여자중학교','경기도 구리시 벌말로 168'),('7652020','구리중학교','경기도 구리시 장자대로 89-1'),('7652025','금곡중학교','경기도 남양주시 경춘로 1008'),('7652053','덕소중학교','경기도 남양주시 와부읍 도곡길 7'),('7652056','도농중학교','경기도 남양주시 미금로 234'),('7652065','동구중학교','경기도 구리시 동구릉로103번길 75'),('7652070','동화중학교','경기도 남양주시 경춘로 434'),('7652071','마석중학교','경기도 남양주시 화도읍 수레로 1234-38'),('7652076','미금중학교','경기도 남양주시 미금로 140'),('7652079','별내중학교','경기도 남양주시 별내면 청학로132번길 30'),('7652085','송라중학교','경기도 남양주시 화도읍 마석로45번길 31'),('7652086','수동중학교','경기도 남양주시 수동면 비룡로 790-22'),('7652092','심석중학교','경기도 남양주시 화도읍 마석로 62'),('7652094','양오중학교','경기도 남양주시 오남읍 양지로 261-31'),('7652097','연세중학교','경기도 남양주시 조안면 북한강로 545'),('7652098','오남중학교','경기도 남양주시 오남읍 진건오남로808번길 34'),('7652101','와부중학교','경기도 남양주시 와부읍 월문천로 65'),('7652106','인창중학교','경기도 구리시 건원대로34번길 118'),('7652109','장내중학교','경기도 남양주시 평내로 37'),('7652114','장자중학교','경기도 구리시 장자호수길 45'),('7652121','진건중학교','경기도 남양주시 진건읍 진건오남로 39'),('7652124','진접중학교','경기도 남양주시 진접읍 금강로 1641-1'),('7652129','토평중학교','경기도 구리시 장자대로111번길 61'),('7652132','퇴계원중학교','경기도 남양주시 퇴계원면 퇴계원로 49-8'),('7652135','판곡중학교','경기도 남양주시 늘을1로 115'),('7652138','평내중학교','경기도 남양주시 경춘로1286번길 23'),('7652145','호평중학교','경기도 남양주시 호평로 76-7'),('7652148','화광중학교','경기도 남양주시 화도읍 경춘로 2226'),('7652156','어람중학교','경기도 남양주시 오남읍 진건오남로550번길 35'),('7652163','광릉중학교','경기도 남양주시 진접읍 진벌로 78-23'),('7652164','예봉중학교','경기도 남양주시 와부읍 수레로 127-37'),('7652170','가운중학교','경기도 남양주시 가운로2길 74'),('7652171','풍양중학교','경기도 남양주시 진접읍 해밀예당1로 109'),('7652241','주곡중학교','경기도 남양주시 진접읍 해밀예당1로 283'),('7652250','별가람중학교','경기도 남양주시 별내3로 '),('7652263','한별중학교','경기도 남양주시 별내4로 70'),('7652272','천마중학교','경기도 남양주시 화도읍 먹갓로28번길 12'),('7652287','갈매중학교','경기도 구리시 갈매순환로 121'),('7652298','남양주다산중학교','경기도 남양주시 다산중앙로172번길 50'),('7652309','다산한강중학교','경기도 남양주시 다산지금로145번길 20'),('7652319','하랑중학교','경기도 남양주시 백봉로 92'),('7652343','다산새봄중학교','경기도 남양주시 다산순환로 435'),('7661004','여주제일중학교','경기도 여주시 가남읍 여주남로 1155-15'),('7661005','강천중학교','경기도 여주시 강천면 강문로 594'),('7661006','상품중학교','경기도 여주시 산북면 상품1길 28'),('7661007','여주여자중학교','경기도 여주시 청심로 221'),('7661008','여주중학교','경기도 여주시 세종대왕면 농도원1길 78'),('7661009','이포중학교','경기도 여주시 흥천면 이여로 1075'),('7661010','점동중학교','경기도 여주시 점동면 청안로 152'),('7661011','흥천중학교','경기도 여주시 흥천면 흥천로 308-27'),('7661012','대신중학교','경기도 여주시 대신면 여양로 1196'),('7661013','세정중학교','경기도 여주시 세종대왕면 양화로 697'),('7661014','여강중학교','경기도 여주시 북내면 여강로 337-8'),('7661015','창명여자중학교','경기도 여주시 대신면 여양로 1416'),('7661072','세종중학교','경기도 여주시 세종로 204-17'),('7679100','기산중학교','경기도 화성시 동탄지성로 286'),('7679101','기안중학교','경기도 화성시 효행로291번길 29'),('7679102','남양중학교','경기도 화성시 남양읍 시청로45번길 9-12'),('7679103','능동중학교','경기 화성시 동탄원천로 289-17'),('7679104','대호중학교','경기도 오산시 궐리사로29번길 19'),('7679105','동탄중학교','경기도 화성시 동탄대로시범길 97'),('7679106','동학중학교','경기도 화성시 영통로27번길 60'),('7679107','매홀중학교','경기도 오산시 내삼미로48번길 17'),('7679108','반송중학교','경기도 화성시 탄요1길 13'),('7679109','발안중학교','경기도 화성시 향남읍 발안로 73'),('7679110','병점중학교','경기도 화성시 병점3로 71'),('7679111','봉담중학교','경기도 화성시 봉담읍 샘마을길 53'),('7679112','석우중학교','경기 화성시 동탄중앙로 264'),('7679113','솔빛중학교','경기도 화성시 동탄반석로 83'),('7679114','성호중학교','경기도 오산시 동부대로436번길 34'),('7679115','안화중학교','경기도 화성시 병점2로 125'),('7679116','양감중학교','경기도 화성시 양감면 초록로 49'),('7679117','오산원일중학교','경기도 오산시 오산로132번길 29'),('7679118','와우중학교','경기도 화성시 봉담읍 동화역말길 55-40'),('7679119','운암중학교','경기도 오산시 대원로 76'),('7679120','운천중학교','경기도 오산시 운암로 133'),('7679121','정남중학교','경기도 화성시 정남면 신리길 76'),('7679122','진안중학교','경기도 화성시 병점동로 138'),('7679123','푸른중학교','경기도 화성시 동탄공원로 21-24'),('7679124','향남중학교','경기도 화성시 향남읍 행정동로 50'),('7679125','화성동화중학교','경기도 화성시 봉담읍 동화역말길 12'),('7679126','두레자연중학교','경기도 화성시 우정읍 두레길 42'),('7679127','비봉중학교','경기도 화성시 비봉면 양노로109번길 5'),('7679128','삼괴중학교','경기도 화성시 우정읍 장안로 35'),('7679129','서신중학교','경기도 화성시 서신면 바다뜰길 49-9'),('7679130','송산중학교','경기도 화성시 송산면 송산포도로 162'),('7679131','안용중학교','경기도 화성시 효행로 833'),('7679132','오산중학교','경기도 오산시 청학로 43'),('7679133','화도중학교','경기도 화성시 마도면 석교로 162'),('7679134','화성중학교','경기도 화성시 향남읍 장짐길 4'),('7679220','장안여자중학교','경기도 화성시 장안면 기아자동차로 814'),('7679284','문시중학교','경기도 오산시 여계산로 52-24'),('7679285','세마중학교','경기도 오산시 수목원로 559-9'),('7679295','예당중학교','경기도 화성시 노작로 226-35'),('7679328','한백중학교','경기도 화성시 동탄순환대로26길 26'),('7679329','청계중학교','경기도 화성시 동탄대로시범길 47'),('7679330','화성반월중학교','경기도 화성시 효행로 1281-76'),('7679331','하길중학교','경기도 화성시 향남읍 상신하길로274번길 10'),('7679365','방교중학교','경기도 화성시 동탄산척로1길 23'),('7679399','다원중학교','경기도 화성시 동탄순환대로 754-12'),('7679400','송린중학교','경기도 화성시 수노을2로 148'),('7679401','청림중학교','경기도 화성시 동탄산척로 94'),('7679409','이산중학교','경기도 화성시 동탄감배산로 51'),('7679422','동탄목동중학교','경기도 화성시 동탄순환대로20길 52'),('7679423','서연중학교','경기도 화성시 동탄대로4길 40'),('7679442','신백중학교','경기도 화성시 남양읍 역골중앙로 56-6'),('7679469','수현중학교','경기도 화성시 봉담읍 상리3길 136'),('7679488','화성세정중학교','경기도 화성시 동탄순환대로12길 60'),('7679489','치동중학교','경기도 화성시 동탄순환대로 881-1'),('7681003','금릉중학교','경기도 파주시 후곡로 66'),('7681004','교하중학교','경기도 파주시 책향기로 194'),('7681005','문산북중학교','경기도 파주시 문산읍 당동1로 22'),('7681006','문산중학교','경기도 파주시 평화로 190'),('7681007','법원여자중학교','경기도 파주시 법원읍 자운서원로 31'),('7681008','봉일천중학교','경기도 파주시 조리읍 두루봉로 47'),('7681009','어유중학교','경기도 파주시 적성면 율곡로 2875'),('7681010','탄현중학교','경기도 파주시 탄현면 열살미길 10'),('7681011','파평중학교','경기도 파주시 파평면 청송로 173'),('7681012','광탄중학교','경기도 파주시 광탄면 혜음로 1128'),('7681013','문산동중학교','경기도 파주시 문산읍 독산로31번길 39'),('7681014','삼광중학교','경기도 파주시 적성면 청송로 701'),('7681015','율곡중학교','경기도 파주시 법원읍 사임당로905번길 10'),('7681016','지산중학교','경기도 파주시 미래로 532'),('7681017','파주중학교','경기도 파주시 파주읍 술이홀로 377'),('7681109','금촌중학교','경기 파주시 쇠재1길 21'),('7681110','두일중학교','경기도 파주시 책향기숲길 39'),('7681113','파주광일중학교','경기도 파주시 월롱면 함영골길 10'),('7681123','문산수억중학교','경기도 파주시 파주읍 우계로 357'),('7681125','한빛중학교','경기도 파주시 한빛로 56'),('7681151','해솔중학교','경기도 파주시 해솔로 60'),('7681152','동패중학교','경기도 파주시 교하로 381'),('7681164','한가람중학교','경기도 파주시 금바위로 77'),('7681165','선유중학교','경기도 파주시 문산읍 독서울1길 37'),('7681189','산내중학교','경기도 파주시 산내로 15'),('7681202','운정중학교','경기도 파주시 와석순환로 35-33'),('7681204','산들중학교','경기도 파주시 교하로 43'),('7681214','심학중학교','경기도 파주시 양지로 75'),('7692038','경안중학교','경기도 광주시 장지1길 6'),('7692039','곤지암중학교','경기도 광주시 곤지암읍 곤지암로 82'),('7692040','광수중학교','경기도 광주시 퇴촌면 도수길23번길 23'),('7692041','광일중학교','경기도 광주시 도척면 노곡로 32'),('7692042','광주중학교','경기도 광주시 경안로42번길 11'),('7692043','남한중학교','경기도 하남시 하남대로802번길 21'),('7692044','신장중학교','경기도 하남시 대청로59번길 37'),('7692045','탄벌중학교','경기도 광주시 포돌이로 77'),('7692046','경화여자중학교','경기도 광주시 수하길11번길 43'),('7692047','광주광남중학교','경기도 광주시 벼루개길42번길 50'),('7692048','신평중학교','경기도 하남시 신장동로 57'),('7692082','동부중학교','경기도 하남시 신평로'),('7692084','하남중학교','경기도 하남시 천현로 113'),('7692088','덕풍중학교','경기도 하남시 덕풍북로71번길 10'),('7692119','초월중학교','경기도 광주시 초월읍 도곡길21번길 28'),('7692124','미사강변중학교','경기도 하남시 미사강변한강로 89'),('7692129','미사중학교','경기도 하남시 미사강변한강로 334'),('7692130','은가람중학교','경기도 하남시 미사강변한강로 9'),('7692131','위례중학교','경기도 하남시 위례순환로 343'),('7692151','신현중학교','경기도 광주시 오포읍 태재로 20-17'),('7692152','윤슬중학교','경기도 하남시 풍산로 168'),('7692162','매양중학교','경기도 광주시 오포읍 양벌로 331-20'),('7692183','감일중학교','경기도 하남시 감일백제로 55'),('7701004','군남중학교','경기도 연천군 군남면 진상17길 46'),('7701005','대광중학교','경기도 연천군 신서면 연신로 1127-1'),('7701006','백학중학교','경기도 연천군 백학면 두일로 79'),('7701007','연천중학교','경기도 연천군 연천읍 연천로336번길 13'),('7701008','전곡중학교','경기도 연천군 전곡읍 전은길 21'),('7701009','청산중학교','경기도 연천군 청산면 아우라지길 13-32'),('7711004','대경중학교','경기도 포천시 소흘읍 봉솔로 23'),('7711005','경북중학교','경기도 포천시 가산면 감암길 16'),('7711006','갈월중학교','경기도 포천시 소흘읍 죽엽산로 56-12'),('7711007','관인중학교','경기도 포천시 관인면 관인로 20'),('7711008','내촌중학교','경기도 포천시 내촌면 금강로2259번길 7-7'),('7711009','삼성중학교','경기도 포천시 신북면 삼성당길 7'),('7711010','영북중학교','경기도 포천시 영북면 영북로 214'),('7711011','영중중학교','경기도 포천시 영중면 양문로1길 23'),('7711012','이동중학교','경기도 포천시 이동면 늠바위1길 13'),('7711013','일동중학교','경기도 포천시 일동면 화동로 1099번길 39'),('7711014','포천여자중학교','경기도 포천시 신북면 중앙로197번길 65'),('7711015','포천중학교','경기도 포천시 신북면 중앙로207번길 65'),('7711016','동남중학교','경기도 포천시 소흘읍 솔모루로3번길 69'),('7711080','송우중학교','경기도 포천시 소흘읍 송선로 18'),('7721004','가평북중학교','경기도 가평군 북면 석장모루길 13'),('7721005','가평중학교','경기도 가평군 가평읍 광장로 10'),('7721006','설악중학교','경기도 가평군 설악면 한양부로 21-1'),('7721007','조종중학교','경기도 가평군 조종면 연등윗길 22'),('7721008','청평중학교','경기도 가평군 청평면 골안길 7'),('7721038','청심국제중학교','경기도 가평군 설악면 미사리로 324-213'),('7731004','양수중학교','경기도 양평군 양서면 용담3길 15'),('7731005','강하중학교','경기도 양평군 강하면 왕창부로길 74-3'),('7731006','국수중학교','경기도 양평군 양서면 대심상심길 13'),('7731007','양일중학교','경기도 양평군 양평읍 관문2길 9'),('7731008','양평중학교','경기도 양평군 양평읍 양평중학교길 29'),('7731009','지평중학교','경기도 양평군 지평면 지평로 418'),('7731010','청운중학교','경기도 양평군 청운면 청운로 28'),('7731011','개군중학교','경기도 양평군 개군면 추읍로 15'),('7731012','단월중학교','경기도 양평군 단월면 보룡길 83'),('7731013','서종중학교','경기도 양평군 서종면 북한강로 854'),('7731014','양동중학교','경기도 양평군 양동면 학둔지윗길 47-7'),('7731015','용문중학교','경기도 양평군 용문면 용문로 437'),('7741003','대월중학교','경기도 이천시 대월면 대평로150번길 20'),('7741004','마장중학교','경기도 이천시 마장면 오천로 130'),('7741005','모가중학교','경기도 이천시 모가면 진상미로1385번길 114'),('7741006','부발중학교','경기도 이천시 부발읍 죽당로 21'),('7741007','백사중학교','경기도 이천시 백사면 이여로 309'),('7741008','설봉중학교','경기도 이천시 향교로 117'),('7741009','율면중학교','경기도 이천시 율면 고당로 48'),('7741010','이천중학교','경기도 이천시 애련정로 50'),('7741011','이천송정중학교','경기도 이천시 영창로45번길 139'),('7741012','장호원중학교','경기도 이천시 장호원읍 샘재로 27-15'),('7741013','효양중학교','경기도 이천시 부발읍 대산로545번길 18'),('7741014','이천양정여자중학교','경기도 이천시 영창로 119'),('7741080','증포중학교','경기도 이천시 애련정로 218'),('7741082','이천경남중학교','경기도 이천시 설성면 설성로15번길 26'),('7741102','이천사동중학교','경기도 이천시 대월면 경충대로2050번길 68-13'),('7751010','용인대덕중학교','경기 용인시 수지구 죽전로293번길 12'),('7751011','용인신촌중학교','경기도 용인시 기흥구 보정로 71'),('7751012','용인신릉중학교','경기도 용인시 기흥구 새천년로 57'),('7751013','언동중학교','경기도 용인시 기흥구 언남로 41'),('7751014','성지중학교','경기도 용인시 기흥구 강남서로 26'),('7751015','현암중학교','경기도 용인시 수지구 대지로 128'),('7751016','용신중학교','경기도 용인시 처인구 명지로 15-26'),('7751017','손곡중학교','경기도 용인시 수지구 수풍로116번길 5'),('7751018','구갈중학교','경기도 용인시 기흥구 산양로 12'),('7751019','구성중학교','경기도 용인시 기흥구 연원로42번길 48'),('7751021','나곡중학교','경기도 용인시 기흥구 사은로126번길 83'),('7751022','남사중학교','경기도 용인시 처인구 남사읍 내기로 27'),('7751023','대지중학교','경기도 용인시 수지구 대지로51번길 22'),('7751024','모현중학교','경기도 용인시 처인구 모현읍 문현로189번길 5'),('7751025','문정중학교','경기도 용인시 수지구 포은대로 455'),('7751026','백암중학교','경기도 용인시 처인구 백암면 백원로 519-9'),('7751027','송전중학교','경기도 용인시 처인구 이동읍 경기동로687번길 28-14'),('7751028','상갈중학교','경기 용인시 기흥구 금화로82번길 7'),('7751029','상현중학교','경기도 용인시 수지구 광교마을로 61'),('7751030','서원중학교','경기도 용인시 수지구 상현로42번길 26-8'),('7751031','성복중학교','경기도 용인시 수지구 성복2로78번길 51'),('7751032','수지중학교','경기도 용인시 수지구 수풍로 102'),('7751033','신갈중학교','경기도 용인시 기흥구 용구대로2152번길 23'),('7751034','소현중학교','경기도 용인시 기흥구 만현로133번길 96'),('7751035','이현중학교','경기도 용인시 수지구 진산로34번길 39'),('7751036','용동중학교','경기도 용인시 처인구 양지면 남곡로 26'),('7751037','용인중학교','경기도 용인시 처인구 금학로341번길 8'),('7751038','원삼중학교','경기도 용인시 처인구 원삼면 고당로16번길 29'),('7751039','정평중학교','경기도 용인시 수지구 정평로 21'),('7751040','죽전중학교','경기도 용인시 수지구 용구대로2771번길 15'),('7751041','포곡중학교','경기도 용인시 처인구 포곡읍 석성로 1176'),('7751042','태성중학교','경기도 용인시 처인구 백옥대로 1059-2'),('7751043','헌산중학교','경기도 용인시 처인구 원삼면 내동로 50-13'),('7751044','홍천중학교','경기도 용인시 수지구 신봉1로71번길 36'),('7751103','영문중학교','경기도 용인시 처인구 포곡읍 영문로 70'),('7751187','초당중학교','경기도 용인시 기흥구 동백중앙로 119'),('7751188','용천중학교','경기도 용인시 처인구 이동읍 백옥대로587번길 54'),('7751191','용인백현중학교','경기도 용인시 기흥구 동백7로 107번길'),('7751194','보라중학교','경기도 용인시 기흥구 한보라1로 63'),('7751195','고림중학교','경기도 용인시 처인구 고림로74번길 30'),('7751196','동백중학교','경기도 용인시 기흥구 동백중앙로 385'),('7751226','청덕중학교','경기도 용인시 기흥구 구성1로 23'),('7751231','흥덕중학교','경기도 용인시 기흥구 흥덕중앙로105번길 10'),('7751297','용인한빛중학교','경기도 용인시 수지구 동천로 177'),('7751303','성서중학교','경기도 용인시 수지구 성복1로 137'),('7751305','상하중학교','경기도 용인시 기흥구 중부대로746번길 16-29'),('7751314','신봉중학교','경기도 용인시 수지구 신봉3로 43'),('7751327','어정중학교','경기도 용인시 기흥구 동백죽전대로527번길 83'),('7751332','서천중학교','경기도 용인시 기흥구 서천동로 7'),('7751359','한숲중학교','경기도 용인시 처인구 남사읍 한숲로 109'),('7761004','공도중학교','경기도 안성시 공도읍 공도로 115-12'),('7761005','서운중학교','경기도 안성시 서운면 바우덕이로 25'),('7761006','안성여자중학교','경기도 안성시 중앙2길 111'),('7761007','안성중학교','경기도 안성시 금산길 43'),('7761008','양성중학교','경기도 안성시 양성면 양성로 51'),('7761009','일죽중학교','경기도 안성시 일죽면 서동대로 7446'),('7761010','죽산중학교','경기도 안성시 죽산면 죽산향교길 52-9'),('7761011','명륜여자중학교','경기도 안성시 장기로103번길 22'),('7761012','안청중학교','경기도 안성시 당목길 68'),('7761083','비룡중학교','경기도 안성시 남파로 116'),('7761084','한겨레중학교','경기도 안성시 죽산면 칠장로 107-9'),('7761086','양진중학교','경기도 안성시 공도읍 진사1길 37'),('7761100','만정중학교','경기도 안성시 공도읍 송원길 21-6'),('7771004','고촌중학교','경기도 김포시 고촌읍 신곡로 106'),('7771005','김포여자중학교','경기도 김포시 봉화로 37-15'),('7771006','김포중학교','경기도 김포시 봉화로 83'),('7771007','대곶중학교','경기도 김포시 대곶면 율생중앙로 8'),('7771008','분진중학교','경기도 김포시 월곶면 애기봉로11번길 86'),('7771009','양곡중학교','경기도 김포시 양촌읍 양곡4로 138'),('7771010','장기중학교','경기도 김포시 청송로 5'),('7771011','하성중학교','경기도 김포시 하성면 애기봉로806번길 30'),('7771012','통진중학교','경기도 김포시 통진읍 김포대로 2165'),('7771013','풍무중학교','경기도 김포시 유현로33번길 60'),('7771021','금파중학교','경기도 김포시 김포대로926번길 88-9'),('7771067','감정중학교','경기도 김포시 감정로 25'),('7771073','고창중학교','경기도 김포시 초당로 15'),('7771103','마송중학교','경기도 김포시 통진읍 서암로 7'),('7771104','신양중학교','경기도 김포시 양촌면 양곡4로 243'),('7771105','양도중학교','경기도 김포시 양도로56번길 59-25'),('7771122','푸른솔중학교','경기도 김포시 김포한강2로 328'),('7771134','김포한가람중학교','경기도 김포시 김포한강9로 140'),('7771135','은여울중학교','경기도 김포시 김포한강8로 173-48'),('7771147','하늘빛중학교','경기도 김포시 김포한강11로 354'),('7771148','운양중학교','경기도 김포시 김포한강2로24번길 50'),('7771166','김포신곡중학교','경기도 김포시 고촌읍 수기로 54-20'),('7771191','향산중학교','경기도 김포시 고촌읍 상미1로 26'),('7771202','나래중학교','경기도 김포시 김포한강9로 19'),('7781003','소래중학교','경기도 시흥시 은행로 60'),('7781004','군자중학교','경기도 시흥시 군자봉길 299'),('7781005','대흥중학교','경기도 시흥시 서해안로 1587'),('7781006','송운중학교','경기도 시흥시 옥구천동로 433-11'),('7781007','정왕중학교','경기도 시흥시 정왕대로298번길 28'),('7781008','함현중학교','경기도 시흥시 역전로 435'),('7781009','서해중학교','경기도 시흥시 옥구천서로373번길 18'),('7781010','시흥중학교','경기도 시흥시 옥구천동로374번길 39'),('7781011','시흥은행중학교','경기도 시흥시 은행로144번길 36'),('7781012','연성중학교','경기도 시흥시 하상로 14-7'),('7781013','장곡중학교','경기도 시흥시 장곡로 10'),('7781014','신천중학교','경기도 시흥시 포도원로 88-1'),('7781091','월곶중학교','경기도 시흥시 월곶해안로 63'),('7781092','논곡중학교','경기도 시흥시 수인로2421번길 72'),('7781093','시화중학교','경기도 시흥시 큰솔로52번길 23'),('7781100','한국글로벌중학교','경기도 시흥시 금오로 640'),('7781102','시흥능곡중학교','경기도 시흥시 능곡로 117'),('7781103','시흥매화중학교','경기도 시흥시 매화로 71'),('7781104','은계중학교','경기도 시흥시 대은로111번길 10'),('7781105','응곡중학교','경기도 시흥시 장곡로54번길 14'),('7781136','배곧중학교','경기도 시흥시 배곧4로 72'),('7781144','조남중학교','경기도 시흥시 목감둘레로 205'),('7781160','배곧해솔중학교','경기도 시흥시 서울대학로 150-23'),('7781173','시흥가온중학교','경기도 시흥시 장현순환로 100'),('7811003','강서중학교','강원도 춘천시 서면 박사로 1027'),('7811004','광판중학교','강원도 춘천시 남산면 김유정로 83'),('7811005','동산중학교','강원도 춘천시 동산면 영서로 461-22'),('7811006','소양중학교','강원도 춘천시 사우로 10'),('7811007','신포중학교','강원도 춘천시 사북면 토둔1길 34'),('7811008','창촌중학교','강원도 춘천시 남산면 강촌로 136'),('7811009','춘성중학교','강원도 춘천시 신북읍 율문길 95-8'),('7811010','춘천중학교','강원도 춘천시 공지로 442-10'),('7811011','후평중학교','강원도 춘천시 서부대성로239번길 58'),('7811012','강원중학교','강원도 춘천시 동면 장학길 24'),('7811013','남춘천중학교','강원도 춘천시 충혼길 51'),('7811016','유봉여자중학교','강원도 춘천시 봉의산길22번길 28'),('7811018','남춘천여자중학교','강원도 춘천시 충혼길 55'),('7811089','강원체육중학교','강원도 춘천시 자라우새길 126'),('7811094','대룡중학교','강원도 춘천시 퇴계농공로 65'),('7811115','봉의중학교','강원도 춘천시 춘천로296번길 55'),('7811116','우석중학교','강원도 춘천시 우석로101번길 17'),('7811127','가정중학교','강원도 춘천시 남면 여우내길 20'),('7811130','봄내중학교','강원도 춘천시 공지로200번길 36'),('7811135','퇴계중학교','강원도 춘천시 안마산로 123'),('7821004','육민관중학교','강원도 원주시 흥업면 북원로 1800'),('7821005','단구중학교','강원도 원주시 단구로 405'),('7821006','문막중학교','강원도 원주시 문막읍 문막시장1길 58'),('7821007','부론중학교','강원도 원주시 부론면 부귀로 35'),('7821009','신림중학교','강원도 원주시 신림면 마지동길 91'),('7821010','원주여자중학교','강원도 원주시 단구로 147'),('7821011','원주중학교','강원도 원주시 치악로 1724'),('7821012','지정중학교','강원도 원주시 지정면 능골길 19'),('7821013','치악중학교','강원도 원주시 원문로137번길 36'),('7821014','평원중학교','강원도 원주시 무실로 222'),('7821015','학성중학교','강원도 원주시 동진골2길 24'),('7821016','호저중학교','강원도 원주시 호저면 호저로 507'),('7821017','황둔중학교','강원도 원주시 신림면 중골길 6'),('7821018','귀래중학교','강원도 원주시 귀래면 북원로 130'),('7821019','상지여자중학교','강원도 원주시 개운4길 25'),('7821020','원주삼육중학교','강원도 원주시 북원로 1996'),('7821021','진광중학교','강원도 원주시 진광길 50'),('7821022','남원주중학교','강원도 원주시 시청로 333'),('7821124','태장중학교','강원도 원주시 치악로 2006'),('7821131','반곡중학교','강원도 원주시 동부순환로 225'),('7821133','원주대성중학교','강원도 원주시 북원로 2001'),('7821165','버들중학교','강원도 원주시 세계로 87'),('7821171','북원중학교','강원도 원주시 북원중길 48'),('7821175','섬강중학교','강원도 원주시 지정면 가곡로 40'),('7831003','강릉중학교','강원도 강릉시 강중길44번길 8'),('7831004','경포중학교','강원도 강릉시 노암등길 76'),('7831005','관동중학교','강원도 강릉시 하슬라로 20'),('7831006','동명중학교','강원도 강릉시 보래미하길79번길 21'),('7831007','사천중학교','강원도 강릉시 사천면 석교골말길 8'),('7831008','옥계중학교','강원도 강릉시 옥계면 천남길 38-13'),('7831009','왕산중학교','강원도 강릉시 왕산면 백두대간로 2005'),('7831010','율곡중학교','강원도 강릉시 가작로 125'),('7831011','주문진중학교','강원도 강릉시 주문진읍 연주로 294'),('7831092','솔올중학교','강원도 강릉시 솔올로 102'),('7831114','강릉해람중학교','강원도 강릉시 명주로 25'),('7831115','하슬라중학교','강원도 강릉시 보래미길 9'),('7841004','동해중학교','강원도 동해시 느릅재길 37'),('7841005','동해광희중학교','강원도 동해시 청운로 112'),('7841007','묵호중학교','강원도 동해시 향로3길 42'),('7841009','북평중학교','강원도 동해시 용정로 40-7'),('7841010','동해삼육중학교','강원도 동해시 동해대로 5367'),('7841055','하랑중학교','강원도 동해시 발한로 347'),('7841056','예람중학교','강원도 동해시 선돌길 21'),('7851004','상장중학교','강원도 태백시 태백로 1221'),('7851006','철암중학교','강원도 태백시 상철암길 10-32'),('7851007','태백중학교','강원도 태백시 하장성1길 10'),('7851008','함태중학교','강원도 태백시 번영로 11'),('7851010','황지중학교','강원도 태백시 문화로 16'),('7851045','세연중학교','강원도 태백시 연지로33번길 26'),('7862004','강현중학교','강원도 양양군 강현면 진미로54번길 14'),('7862006','설악중학교','강원도 속초시 미시령로 3402'),('7862008','속초중학교','강원도 속초시 미시령로 3358'),('7862011','현남중학교','강원도 양양군 현남면 매호길 14'),('7862012','현북중학교','강원도 양양군 현북면 송이로 254'),('7862082','설온중학교','강원도 속초시 배움터길 29'),('7862083','속초해랑중학교','강원도 속초시 번영로 81'),('7862084','양양중학교','강원도 양양군 양양읍 서문3길 12'),('7871003','가곡중학교','강원도 삼척시 가곡면 가곡천로 1427'),('7871004','근덕중학교','강원도 삼척시 근덕면 삼척로 3700'),('7871005','도계여자중학교','강원도 삼척시 도계읍 도계느티로 36'),('7871006','도계중학교','강원도 삼척시 도계읍 도계느티로 15'),('7871007','미로중학교','강원도 삼척시 미로면 강원남부로 3907'),('7871009','삼척중학교','강원도 삼척시 회강길 627'),('7871011','원덕중학교','강원도 삼척시 원덕읍 삼척로 480'),('7871012','임원중학교','강원도 삼척시 원덕읍 삼척로 1313'),('7871013','장호중학교','강원도 삼척시 근덕면 삼척로 2101'),('7871014','하장중학교','강원도 삼척시 하장면 백두대간로 2600'),('7871015','삼일중학교','강원도 삼척시 사직로 22'),('7871073','청아중학교','강원도 삼척시 성당길 63-7'),('7881004','내면중학교','강원도 홍천군 내면 구룡령로 5174'),('7881005','내촌중학교','강원도 홍천군 내촌면 도관길 44'),('7881006','동화중학교','강원도 홍천군 영귀미면 속초길 22'),('7881007','두촌중학교','강원도 홍천군 두촌면 증골길 61'),('7881008','서석중학교','강원도 홍천군 서석면 구룡령로 2570'),('7881009','양덕중학교','강원도 홍천군 남면 새작들길 11'),('7881010','한서중학교','강원도 홍천군 서면 보리울길 3'),('7881011','홍천여자중학교','강원도 홍천군 홍천읍 갈마로11길 12'),('7881012','홍천중학교','강원도 홍천군 홍천읍 석화로 109-10'),('7881013','화촌중학교','강원도 홍천군 화촌면 삼포5길 5'),('7881014','팔렬중학교','강원도 홍천군 내촌면 동창로 207'),('7891004','갑천중학교','강원도 횡성군 갑천면 갑천로 17'),('7891005','강림중학교','강원도 횡성군 강림면 주천강로 1145'),('7891006','공근중학교','강원도 횡성군 공근면 학담4길 21'),('7891007','둔내중학교','강원도 횡성군 둔내면 둔내로 22'),('7891008','서원중학교','강원도 횡성군 서원면 서원로 131'),('7891009','안흥중학교','강원도 횡성군 안흥면 서동로 1121'),('7891010','우천중학교','강원도 횡성군 우천면 수남로59번길 37'),('7891011','청일중학교','강원도 횡성군 청일면 청정로 807'),('7891012','횡성중학교','강원도 횡성군 횡성읍 교항로 33'),('7891013','대동여자중학교','강원도 횡성군 횡성읍 대동로 28'),('7901004','녹전중학교','강원도 영월군 산솔면 산솔시장길 3-1'),('7901005','마차중학교','강원도 영월군 북면 문학로길 25-8'),('7901006','봉래중학교','강원도 영월군 영월읍 중리1길 172-17'),('7901007','상동중학교','강원도 영월군 상동읍 태백산로 3147'),('7901008','쌍룡중학교','강원도 영월군 한반도면 쌍용삼거리길 4'),('7901009','신천중학교','강원도 영월군 한반도면 안새내길 64'),('7901010','연당중학교','강원도 영월군 남면 연당로 101-8'),('7901011','영월중학교','강원도 영월군 영월읍 오무개길 51'),('7901012','옥동중학교','강원도 영월군 김삿갓면 영월동로 1664'),('7901013','주천중학교','강원도 영월군 주천면 주천로89번길 41'),('7901014','석정여자중학교','강원도 영월군 영월읍 영월로 1914-11'),('7911004','계촌중학교','강원도 평창군 방림면 계촌길 139'),('7911005','대화중학교','강원도 평창군 대화면 대화중앙로 32-8'),('7911007','미탄중학교','강원도 평창군 미탄면 서동로 3647'),('7911008','봉평중학교','강원도 평창군 봉평면 기풍4길 27-6'),('7911009','용전중학교','강원도 평창군 용평면 도사길 9'),('7911010','진부중학교','강원도 평창군 진부면 솔천길 69'),('7911011','평창중학교','강원도 평창군 평창읍 노성로 145'),('7911064','대관령중학교','강원도 평창군 대관령면 올림픽로 58-17'),('7921004','고한중학교','강원도 정선군 고한읍 고한9길 160'),('7921005','나전중학교','강원도 정선군 북평면 남평강변로 406'),('7921007','사북중학교','강원도 정선군 사북읍 소금강로 3640'),('7921008','여량중학교','강원도 정선군 여량면 여량7길 42'),('7921009','임계중학교','강원 정선군 임계면 백두대간로 1313'),('7921010','정선중학교','강원도 정선군 정선읍 봉양4길 15'),('7921012','함백중학교','강원도 정선군 신동읍 함백로 376'),('7921013','화동중학교','강원도 정선군 화암면 그림바위길 50'),('7921014','문곡중학교','강원도 정선군 남면 칠현로 46'),('7931004','김화여자중학교','강원도 철원군 서면 와수1로 90'),('7931005','김화중학교','강원도 철원군 서면 와수1로 72'),('7931006','신철원중학교','강원도 철원군 갈말읍 명성로149번길 64'),('7931007','철원여자중학교','강원도 철원군 동송읍 이평로123번길 40'),('7931008','철원중학교','강원도 철원군 철원읍 금학로251번안길 12'),('7941004','간동중학교','강원도 화천군 간동면 파로호로 945-21'),('7941005','사내중학교','강원도 화천군 사내면 포화로 1093'),('7941006','상서중학교','강원도 화천군 상서면 평촌길 126-44'),('7941007','화천중학교','강원도 화천군 하남면 춘화로 3348-9'),('7951004','대암중학교','강원도 양구군 동면 남동로 651'),('7951005','방산중학교','강원도 양구군 방산면 평화로 5057'),('7951007','양구중학교','강원도 양구군 양구읍 중심로 115'),('7951008','용하중학교','강원도 양구군 남면 정중앙로658번길 19'),('7951009','해안중학교','강원도 양구군 해안면 펀치볼로 1279'),('7951034','석천중학교','강원도 양구군 양구읍 박수근로 327'),('7961004','기린중학교','강원도 인제군 기린면 창암길 20'),('7961005','상남중학교','강원도 인제군 상남면 상남로47번길 16'),('7961006','서화중학교','강원도 인제군 서화면 천도로 112'),('7961007','신남중학교','강원도 인제군 남면 신남로 47-35'),('7961008','원통중학교','강원도 인제군 북면 원통로 285'),('7961009','인제중학교','강원도 인제군 인제읍 인제로 231'),('7971004','거진중학교','강원도 고성군 거진읍 거평로 69'),('7971005','고성중학교','강원도 고성군 간성읍 수성로 125'),('7971006','대진중학교','강원도 고성군 현내면 화진포길 476'),('7971007','동광중학교','강원도 고성군 토성면 백촌길 30-15'),('8011009','가경중학교','충청북도 청주시 흥덕구 장구봉로 113'),('8011010','경덕중학교','충청북도 청주시 흥덕구 풍년로79번길 7-2'),('8011011','금천중학교','충청북도 청주시 상당구 호미로 278'),('8011012','남성중학교','충청북도 청주시 서원구 청남로 1984'),('8011013','복대중학교','충청북도 청주시 흥덕구 짐대로 30'),('8011014','봉명중학교','충청북도 청주시 흥덕구 백봉로224번길 59'),('8011015','산남중학교','충청북도 청주시 서원구 산남로 98'),('8011016','서경중학교','충청북도 청주시 흥덕구 가경로 41'),('8011017','서원중학교','충청북도 청주시 흥덕구 가경로189번길 61'),('8011028','송절중학교','충청북도 청주시 흥덕구 송절로 81'),('8011039','수곡중학교','충청북도 청주시 서원구 수곡로 15'),('8011050','용암중학교','충청북도 청주시 상당구 용암로 18'),('8011059','운동중학교','충청북도 청주시 상당구 운동로 19'),('8011070','원봉중학교','충청북도 청주시 상당구 중흥로 99'),('8011081','원평중학교','충청북도 청주시 서원구 1순환로1137번길 36'),('8011092','율량중학교','충청북도 청주시 청원구 2순환로 310'),('8011103','주성중학교','충청북도 청주시 청원구 율량로 152'),('8011113','청운중학교','충청북도 청주시 상당구 영운천로 69'),('8011116','성화중학교','충청북도 청주시 서원구 신성화로 20'),('8011123','청주남중학교','충청북도 청주시 서원구 청남로 2039'),('8011130','서현중학교','충청북도 청주시 흥덕구 서현중로 10'),('8011131','용성중학교','충청북도 청주시 상당구 영운천로203번길 36-12'),('8011134','청주동중학교','충청북도 청주시 상당구 수영로 258'),('8011144','청주여자중학교','충청북도 청주시 서원구 사운로 60'),('8011145','솔밭중학교','충청북도 청주시 흥덕구 진재로103번길 15'),('8011149','청주중앙여자중학교','충청북도 청주시 청원구 율천북로 59'),('8011150','청주중앙중학교','충청북도 청주시 청원구 향군로115번길 17'),('8011151','청주중학교','충청북도 청주시 상당구 사직대로361번길 125'),('8011152','대성여자중학교','충청북도 청주시 상당구 대성로 208'),('8011153','대성중학교','충청북도 청주시 흥덕구 사운로 342'),('8011154','세광중학교','충청북도 청주시 서원구 2순환로 1574'),('8011155','운호중학교','충청북도 청주시 서원구 무심서로 375'),('8011156','일신여자중학교','충청북도 청주시 상당구 영운로 126'),('8011157','충북여자중학교','충청북도 청주시 서원구 무심서로 377'),('8011322','가덕중학교','충청북도 청주시 상당구 가덕면 단재로 1448'),('8011323','내수중학교','충청북도 청주시 청원구 내수읍 마산3길 38'),('8011324','각리중학교','충청북도 청주시 청원구 오창읍 오창중앙로 48'),('8011325','문의중학교','충청북도 청주시 상당구 문의면 대청호반로 832'),('8011326','미원중학교','충청북도 청주시 상당구 미원면 단재로 2494'),('8011327','오창중학교','충청북도 청주시 청원구 오창읍 팔결로 619'),('8011328','옥산중학교','충청북도 청주시 흥덕구 옥산면 오산1길 41'),('8011329','현도중학교','충청북도 청주시 서원구 현도면 청남로 332-4'),('8011330','오송중학교','충청북도 청주시 흥덕구 오송읍 만수2길 13'),('8011331','양청중학교','충청북도 청주시 청원구 오창읍 양청택지3길 5'),('8011373','생명중학교','충청북도 청주시 청원구 오창읍 중부로 772'),('8021007','노은중학교','충북 충주시 노은면 감노로 1387'),('8021008','산척중학교','충청북도 충주시 산척면 천등박달로 56'),('8021009','수안보중학교','충북 충주시 수안보면 관동길 18'),('8021010','신니중학교','충청북도 충주시 신니면 신의수청길 149'),('8021011','신명중학교','충청북도 충주시 엄정면 동막강현길 377'),('8021021','앙성중학교','충청북도 충주시 앙성면 앙암로 66'),('8021031','주덕중학교','충청북도 충주시 주덕읍 창전길 223'),('8021035','중원중학교','충청북도 충주시 동량면 대미길 94'),('8021036','충일중학교','충청북도 충주시 만리산9길 31'),('8021037','충주미덕중학교','충청북도 충주시 방아길 20'),('8021038','충주북여자중학교','충청북도 충주시 야현1길 21'),('8021039','충주여자중학교','충청북도 충주시 예성로 221'),('8021040','충주예성여자중학교','충청북도 충주시 호암대로 34'),('8021041','충주중앙중학교','충청북도 충주시 대흥1길 27'),('8021042','충주중학교','충청북도 충주시 거룡2길 14'),('8021043','칠금중학교','충청북도 충주시 칠금중앙4길 6'),('8021044','탄금중학교','충청북도 충주시 우륵로 56'),('8021137','중앙탑중학교','충청북도 충주시 중앙탑면 원앙4길 64'),('8021145','충주대소원중학교','충청북도 충주시 대소원면 첨단산업4로 48'),('8031005','내토중학교','충청북도 제천시 장락로 18'),('8031006','대제중학교','충청북도 제천시 청전대로1길 29'),('8031007','백운중학교','충청북도 제천시 백운면 평동로 67'),('8031008','봉양중학교','충청북도 제천시 봉양읍 앞산로 39'),('8031009','송학중학교','충청북도 제천시 송학면 송학로5길 7'),('8031010','수산중학교','충청북도 제천시 수산면 지곡로 12'),('8031011','의림여자중학교','충청북도 제천시 하소로 69'),('8031012','제천덕산중학교','충청북도 제천시 덕산면 약초로 133'),('8031013','제천동중학교','충청북도 제천시 의병대로 301'),('8031014','제천여자중학교','충청북도 제천시 용두천로 312'),('8031015','제천중학교','충청북도 제천시 의병대로 29'),('8031016','청풍중학교','충청북도 제천시 청풍면 청풍호로 2194'),('8031017','한송중학교','충청북도 제천시 한수면 미륵송계로6길 12'),('8051005','보덕중학교','충청북도 보은군 탄부면 삼승탄부로 843-21'),('8051006','보은여자중학교','충청북도 보은군 보은읍 보은로'),('8051007','보은중학교','충청북도 보은군 보은읍 뱃들로 55-23'),('8051010','회인중학교','충청북도 보은군 회인면 회인로 73'),('8051045','속리산중학교','충청북도 보은군 삼승면 능월1길 11'),('8061005','안내중학교','충청북도 옥천군 안내면 안남로 29'),('8061006','옥천여자중학교','충청북도 옥천군 옥천읍 중앙로 90'),('8061007','옥천중학교','충청북도 옥천군 옥천읍 삼양로 81'),('8061008','이원중학교','충청북도 옥천군 이원면 건진3길 16'),('8061009','청산중학교','충청북도 옥천군 청산면 청산로 88'),('8071006','영동중학교','충청북도 영동군 영동읍 계산로 106'),('8071008','학산중학교','충청북도 영동군 학산면 학산양산로 12'),('8071010','심천중학교','충청북도 영동군 심천면 초강로 143'),('8071011','영신중학교','충청북도 영동군 영동읍 영동황간로 22'),('8071012','정수중학교','충청북도 영동군 양산면 송호로1길 56'),('8071013','추풍령중학교','충청북도 영동군 추풍령면 신안로 106'),('8071052','새너울중학교','충청북도 영동군 황간면 황간로 162'),('8081004','광혜원중학교','충청북도 진천군 광혜원면 화랑길 137'),('8081005','덕산중학교','충청북도 진천군 덕산읍 몽촌2길 19'),('8081007','이월중학교','충청북도 진천군 이월면 진광로 753'),('8081008','진천여자중학교','충청북도 진천군 진천읍 덕금로 65-16'),('8081009','진천중학교','충청북도 진천군 진천읍 성중로 27-5'),('8081049','서전중학교','충청북도 진천군 덕산면 예지로 42'),('8092007','괴산북중학교','충청북도 괴산군 괴산읍 임꺽정로 139'),('8092008','괴산중학교','충청북도 괴산군 괴산읍 괴산로 3527'),('8092010','송면중학교','충청북도 괴산군 청천면 문장로 2915'),('8092011','연풍중학교','충청북도 괴산군 연풍면 향교로 55'),('8092013','증평여자중학교','충청북도 증평군 증평읍 중앙로 132'),('8092014','증평중학교','충청북도 증평군 증평읍 광장로 158'),('8092015','청천중학교','충청북도 괴산군 청천면 선평길 75'),('8092016','칠성중학교','충청북도 괴산군 칠성면 사평길 28'),('8092017','청안중학교','충청북도 괴산군 청안면 청안읍내로3길 20'),('8092018','형석중학교','충청북도 증평군 증평읍 미암로 26'),('8092069','괴산오성중학교','충청북도 괴산군 감물면 오창로 56'),('8101006','감곡중학교','충청북도 음성군 감곡면 음성로 2629'),('8101007','대소중학교','충청북도 음성군 대소면 대동로869번길 15'),('8101008','무극중학교','충청북도 음성군 금왕읍 응천서길27번길 37'),('8101009','삼성중학교','충청북도 음성군 삼성면 덕호로 39'),('8101010','음성여자중학교','충청북도 음성군 음성읍 한불로 10'),('8101011','음성중학교','충청북도 음성군 음성읍 수정로 79'),('8101012','매괴여자중학교','충청북도 음성군 감곡면 매괴길 10'),('8101013','생극중학교','충청북도 음성군 생극면 음성로 1672'),('8101014','한일중학교','충청북도 음성군 음성읍 예술로 34'),('8101070','동성중학교','충청북도 음성군 학예로 32 '),('8111006','단성중학교','충청북도 단양군 단성면 월악로 4633'),('8111007','단양중학교','충청북도 단양군 단양읍 도전9길 12'),('8111008','매포중학교','충청북도 단양군 매포읍 평동1로 13'),('8111010','영춘중학교','충청북도 단양군 영춘면 온달평강로 105'),('8111045','단양소백산중학교','충청북도 단양군 영춘면 장발선돌길 14'),('8151010','천안불당중학교','충청남도 천안시 서북구 불당11로 35'),('8151011','목천중학교','충청남도 천안시 동남구 목천읍 삼방로 145'),('8151012','병천중학교','충청남도 천안시 동남구 병천면 충절로 1872'),('8151013','성환중학교','충청남도 천안시 서북구 성환읍 성환2로 79'),('8151014','입장중학교','충청남도 천안시 서북구 입장면 연곡길 36'),('8151015','천남중학교','충청남도 천안시 동남구 성남면 신사대화로 403'),('8151016','천안봉서중학교','충청남도 천안시 서북구 미라1길 48'),('8151017','천안부성중학교','충청남도 천안시 서북구 공대길 45-9'),('8151018','천안북중학교','충청남도 천안시 동남구 중앙로 188'),('8151019','천안쌍용중학교','충청남도 천안시 서북구 쌍용12길 13'),('8151020','천안두정중학교','충청남도 천안시 서북구 두정중1길 26'),('8151021','천안성정중학교','충청남도 천안시 서북구 성정중2길 40'),('8151022','천안여자중학교','충청남도 천안시 동남구 원거리11길 31'),('8151023','천안중학교','충청남도 천안시 동남구 충절로 90'),('8151025','광풍중학교','충청남도 천안시 동남구 풍세면 광풍로 1021-11'),('8151027','복자여자중학교','충청남도 천안시 동남구 복자1길 1'),('8151029','천성중학교','충청남도 천안시 동남구 벌말1길 7'),('8151030','천안서여자중학교','충청남도 천안시 동남구 천안여상로 44'),('8151031','천안오성중학교','충청남도 천안시 서북구 두정고1길 25'),('8151032','천안성성중학교','충남 천안시 서북구 부성1길 83'),('8151033','천안백석중학교','충청남도 천안시 서북구 백석1길 56'),('8151034','천안신방중학교','충청남도 천안시 동남구 신촌4로 46'),('8151105','천안용곡중학교','충청남도 천안시 동남구 새말1길 51-14'),('8151158','천안월봉중학교','충청남도 천안시 서북구 광장로 245'),('8151159','천안동중학교','충청남도 천안시 동남구 충절로 363-11'),('8151211','천안새샘중학교','충청남도 천안시 동남구 통정6로 49'),('8151225','천안가온중학교','충청남도 천안시 동남구 청수6로 83'),('8151228','환서중학교','충청남도 천안시 서북구 한들3로 50'),('8151236','천안동성중학교','충청남도 천안시 서북구 성환읍 성환1로 138'),('8151255','천안불무중학교','충청남도 천안시 서북구 불당23로 30'),('8151265','천안계광중학교','충청남도 천안시 동남구 봉명로 53'),('8161005','공주여자중학교','충청남도 공주시 용당길 54'),('8161006','공주중학교','충청남도 공주시 왕릉로 111'),('8161007','반포중학교','충청남도 공주시 반포면 원당1길 28'),('8161008','봉황중학교','충청남도 공주시 금벽로 301'),('8161009','사곡중학교','충청남도 공주시 사곡면 마곡사로 293-106'),('8161010','우성중학교','충청남도 공주시 우성면 구레말길 86'),('8161011','유구중학교','충청남도 공주시 유구읍 중앙1길 49-10'),('8161012','이인중학교','충청남도 공주시 이인면 금광로 12-5'),('8161014','정안중학교','충청남도 공주시 정안면 정안중앙길 89-6'),('8161015','탄천중학교','충청남도 공주시 탄천면 통산로 168'),('8161016','경천중학교','충청남도 공주시 계룡면 어사길 2'),('8161017','공주북중학교','충청남도 공주시 제민천1길 113'),('8161019','공주영명중학교','충청남도 공주시 영명학당2길 33'),('8171005','남포중학교','충청남도 보령시 남포면 야동2길 24'),('8171006','대천서중학교','충청남도 보령시 대천항로 212'),('8171007','대천여자중학교','충청남도 보령시 옥갓티1길 31'),('8171008','대천중학교','충청남도 보령시 보령남로 23'),('8171009','미산중학교','충청남도 보령시 미산면 판미로 1462-7'),('8171010','보령중학교','충청남도 보령시 주포면 보령읍성길 87-37'),('8171011','웅천중학교','충청남도 보령시 웅천읍 방축길 87'),('8171012','주산중학교','충청남도 보령시 주산면 만세운동길 58'),('8171013','천북중학교','충청남도 보령시 천북면 천광로 107'),('8171014','청라중학교','충청남도 보령시 청라면 대청로 804'),('8171015','한내여자중학교','충청남도 보령시 옥마로 200'),('8171016','대명중학교','충청남도 보령시 한내로 155'),('8181004','온양용화중학교','충청남도 아산시 어의정로 101'),('8181005','도고중학교','충청남도 아산시 도고면 도고산로 573'),('8181006','선도중학교','충청남도 아산시 선장면 서부남로 21'),('8181007','송남중학교','충청남도 아산시 송악면 송악로714번길 37'),('8181008','신창중학교','충청남도 아산시 신창면 서부남로667번길 70'),('8181009','영인중학교','충청남도 아산시 영인면 아산온천로3번길 17'),('8181010','온양여자중학교','충청남도 아산시 온여고길21번길 22'),('8181011','온양중학교','충청남도 아산시 온중로 48'),('8181012','음봉중학교','충청남도 아산시 음봉면 음봉로 505'),('8181013','인주중학교','충청남도 아산시 인주면 영인산로 '),('8181014','둔포중학교','충청남도 아산시 둔포면 둔포중앙로161번길 26-13'),('8181015','아산중학교','충청남도 아산시 번영로115번길 21'),('8181059','온양한올중학교','충청남도 아산시 청운로 158'),('8181062','온양신정중학교','충청남도 아산시 온천대로 1333번길 31'),('8181099','탕정중학교','충청남도 아산시 탕정면 탕정면로 53-40'),('8181104','아산배방중학교','충청남도 아산시 배방읍 배방로 216'),('8181118','설화중학교','충청남도 아산시 배방읍 연화로 56'),('8181150','모산중학교','충청남도 아산시 배방읍 배방로 90'),('8181155','아산테크노중학교','충청남도 아산시 둔포면 아산밸리북로 32'),('8181167','한들물빛중학교','충청남도 아산시 탕정면 한들물빛3로 35'),('8191004','서산석림중학교','충청남도 서산시 동서2로 8'),('8191005','서산명지중학교','충청남도 서산시 대산읍 명지1로 15'),('8191006','고북중학교','충청남도 서산시 고북면 고북1로 320-1'),('8191007','부석중학교','충청남도 서산시 부석면 무학로 1034'),('8191008','서산부춘중학교','충청남도 서산시 부춘2로 42'),('8191009','서산여자중학교','충청남도 서산시 정주골6길 11'),('8191010','서일중학교','충청남도 서산시 지곡면 화천3길 56'),('8191011','서산중학교','충청남도 서산시 덕지천로 90'),('8191012','성연중학교','충청남도 서산시 성연면 성연로 210-4'),('8191013','인지중학교','충청남도 서산시 인지면 무학로 1654-9'),('8191014','해미중학교','충청남도 서산시 해미면 남문2로 93'),('8191015','대산중학교','충청남도 서산시 대산읍 충의로 1856'),('8191016','대철중학교','충청남도 서산시 운산면 해운로 1111'),('8191017','서령중학교','충청남도 서산시 서령로 117'),('8191018','음암중학교','충청남도 서산시 음암면 칠거리로 147'),('8191019','팔봉중학교','충청남도 서산시 팔봉면 팔봉2로 133'),('8201004','금산동중학교','충청남도 금산군 금산읍 용머리길 25'),('8201005','금산여자중학교','충청남도 금산군 금산읍 인삼로 11'),('8201006','금산중학교','충청남도 금산군 금산읍 탑선길 5'),('8201008','복수중학교','충청남도 금산군 복수면 복수로 333'),('8201009','부리중학교','충청남도 금산군 부리면 말골길 57'),('8201010','제원중학교','충청남도 금산군 제원면 금강로 61'),('8201011','진산중학교','충청남도 금산군 진산면 대둔산로 413'),('8201012','추부중학교','충청남도 금산군 추부면 마전2길 21'),('8222003','가야곡중학교','충청남도 논산시 가야곡면 덕은로 160'),('8222004','강경여자중학교','충청남도 논산시 강경읍 계백로 200'),('8222005','강경중학교','충청남도 논산시 강경읍 계백로 28'),('8222006','광석중학교','충청남도 논산시 광석면 광석로 56-3'),('8222007','노성중학교','충청남도 논산시 노성면 노성로 602-5'),('8222008','논산여자중학교','충청남도 논산시 중앙로 347'),('8222009','논산중학교','충청남도 논산시 시민로397번길 28'),('8222010','연무중학교','충청남도 논산시 연무읍 연무로 160'),('8222011','연산중학교','충청남도 논산시 연산면 청동로 113-14'),('8222012','용남중학교','충청남도 계룡시 신도안면 신도안2길 66'),('8222014','기민중학교','충청남도 논산시 관촉로 113-19'),('8222015','논산대건중학교','충청남도 논산시 논산대로 119'),('8222016','쌘뽈여자중학교','충청남도 논산시 시민로 411'),('8222017','엄사중학교','충청남도 계룡시 엄사면 번영11길 3'),('8222018','연무여자중학교','충청남도 논산시 연무읍 동안로887번길 5'),('8222115','건양대학교병설건양중학교','충청남도 논산시 양촌면 황산벌로 486-21'),('8222119','계룡중학교','충청남도 계룡시 서금암5길 17'),('8231005','부여여자중학교','충청남도 부여군 부여읍 월함로 34'),('8231006','부여중학교','충청남도 부여군 부여읍 석탑로 14'),('8231007','석성중학교','충청남도 부여군 석성면 증산로 7'),('8231008','세도중학교','충청남도 부여군 세도면 부흥로 564-4'),('8231009','양화중학교','충청남도 부여군 양화면 충절로 267-6'),('8231010','은산중학교','충청남도 부여군 은산면 충의로 729'),('8231011','임천중학교','충청남도 부여군 임천면 성흥로 210'),('8231013','홍산중학교','충청남도 부여군 홍산면 홍산로 112-25'),('8231014','백제중학교','충청남도 부여군 규암면 흥수로 759'),('8231015','외산중학교','충청남도 부여군 외산면 외산로 55-14'),('8231016','용강중학교','충청남도 부여군 구룡면 성충로 1429'),('8241004','비인중학교','충청남도 서천군 비인면 비인로 142'),('8241005','서면중학교','충청남도 서천군 서면 서인로777번길'),('8241006','서천여자중학교','충청남도 서천군 서천읍 군청로 84'),('8241007','서천중학교','충청남도 서천군 서천읍 충절로 97'),('8241008','장항중학교','충청남도 서천군 장항읍 장서로16번길 79'),('8241009','한산중학교','충청남도 서천군 한산면 한마로 130-31'),('8241010','동강중학교','충청남도 서천군 기산면 충절로 624'),('8241011','서림여자중학교','충청남도 서천군 서천읍 화금서길 45'),('8241012','판교중학교','충청남도 서천군 판교면 종판로887번길 39-7'),('8251005','정산중학교','충청남도 청양군 정산면 역말길 42'),('8251007','청양중학교','충청남도 청양군 청양읍 칠갑산로 179'),('8251008','화성중학교','충청남도 청양군 화성면 무한로 226-15'),('8251009','동영중학교','충청남도 청양군 남양면 금천길 70-36'),('8251010','청신여자중학교','충청남도 청양군 청양읍 학사길 5-101'),('8261004','갈산중학교','충청남도 홍성군 갈산면 상촌로9번길 39'),('8261007','광천중학교','충청남도 홍성군 광천읍 광천로 396-34'),('8261008','금마중학교','충청남도 홍성군 금마면 철마산길 182'),('8261009','홍동중학교','충청남도 홍성군 홍동면 광금남로 735'),('8261010','홍성서부중학교','충청남도 홍성군 서부면 서부로 411'),('8261011','홍성여자중학교','충청남도 홍성군 홍성읍 도청대로 29-21'),('8261012','홍성중학교','충청남도 홍성군 홍성읍 충절로 994'),('8261013','서해삼육중학교','충청남도 홍성군 광천읍 홍남로705번길 23'),('8261015','홍주중학교','충청남도 홍성군 홍성읍 문화로 78'),('8261083','주촌중학교','충청남도 홍성군 홍북면 의향로 133'),('8261087','내포중학교','충청남도 홍성군 홍북읍 홍학로 41'),('8271004','고덕중학교','충청남도 예산군 고덕면 예덕로 546'),('8271005','대술중학교','충청남도 예산군 대술면 대술로 135-7'),('8271006','덕산중학교','충청남도 예산군 삽교읍 예학로 128'),('8271007','삽교중학교','충청남도 예산군 삽교읍 삽교로 173'),('8271008','신암중학교','충청남도 예산군 신암면 신암남로 413'),('8271009','예산여자중학교','충청남도 예산군 예산읍 벚꽃로 197-17'),('8271010','예산중학교','충청남도 예산군 예산읍 예중길 40'),('8271011','광시중학교','충청남도 예산군 광시면 광시소길 24'),('8271012','대흥중학교','충청남도 예산군 대흥면 예당로 845'),('8271013','신양중학교','충청남도 예산군 신양면 청신로 402'),('8271014','임성중학교','충청남도 예산군 오가면 윤봉길로 1983-32'),('8281004','근흥중학교','충청남도 태안군 근흥면 근흥로 690'),('8281005','만리포중학교','충청남도 태안군 소원면 소근로 63-12'),('8281006','안면중학교','충청남도 태안군 안면읍 조운막터길 43'),('8281007','원이중학교','충청남도 태안군 원북면 마산길 180'),('8281008','창기중학교','충청남도 태안군 안면읍 황도로 3-16'),('8281009','태안여자중학교','충청남도 태안군 태안읍 다락미4길 27'),('8281010','태안중학교','충청남도 태안군 태안읍 중앙로 115'),('8281011','남면중학교','충청남도 태안군 남면 남면로 125'),('8291004','고대중학교','충청남도 당진시 고대면 고대로 215'),('8291005','당진중학교','충청남도 당진시 운학길 41'),('8291006','면천중학교','충청남도 당진시 면천면 면천서문1길 35'),('8291007','송산중학교','충청남도 당진시 송산면 도문로 48'),('8291008','순성중학교','충청남도 당진시 순성면 틀모시로 146'),('8291009','합덕여자중학교','충청남도 당진시 합덕읍 면천로 1583'),('8291010','합덕중학교','충청남도 당진시 합덕읍 면천로 1601'),('8291012','서야중학교','충청남도 당진시 합덕읍 덕평로 335-1'),('8291013','석문중학교','충청남도 당진시 석문면 대호로 1533-6'),('8291014','송악중학교','충청남도 당진시 송악읍 송악로 165'),('8291015','신평중학교','충청남도 당진시 신평면 솔안말길 61-40'),('8291016','호서중학교','충청남도 당진시 밤절로 2-31'),('8291052','당진중학교대호지분교장','충청남도 당진시 대호지면 4.4만세로 75-22'),('8291086','원당중학교','충청남도 당진시 밤절로 72-34'),('8331009','서전주중학교','전라북도 전주시 완산구 거마평로 205'),('8331010','전주온고을중학교','전라북도 전주시 덕진구 무삼지로 26'),('8331011','전주효정중학교','전라북도 전주시 완산구 안행로 127'),('8331012','전일중학교','전라북도 전주시 덕진구 모래내6길 36'),('8331013','전주우아중학교','전라북도 전주시 덕진구 호성로 6'),('8331014','전주솔빛중학교','전라북도 전주시 덕진구 솔내6길 33'),('8331018','전주우전중학교','전라북도 전주시 완산구 쑥고개로 375-28'),('8331019','전라중학교','전라북도 전주시 덕진구 들사평1길 39'),('8331022','전주중학교','전라북도 전주시 덕진구 솔내5길 9'),('8331023','전주근영중학교','전라북도 전주시 완산구 영경1길 11'),('8331024','전주남중학교','전라북도 전주시 완산구 덕적골2길 30'),('8331025','전주덕일중학교','전라북도 전주시 덕진구 하가로 67'),('8331026','전주동중학교','전라북도 전주시 덕진구 심방죽로 23'),('8331027','전주서중학교','전라북도 전주시 완산구 당산로 2'),('8331028','전주서신중학교','전라북도 전주시 완산구 안터2길 40'),('8331029','전주양지중학교','전라북도 전주시 완산구 양지2길 11-16'),('8331030','전주중앙중학교','전라북도 전주시 덕진구 공북2길 20'),('8331031','전주풍남중학교','전라북도 전주시 완산구 거마평로 83'),('8331033','전주호성중학교','전라북도 전주시 덕진구 배미실마을길 23'),('8331035','전주덕진중학교','전라북도 전주시 덕진구 기린대로 541-48'),('8331036','전주성심여자중학교','전라북도 전주시 완산구 경기전길 130'),('8331037','전주신흥중학교','전라북도 전주시 완산구 서원로 399'),('8331038','완산중학교','전라북도 전주시 완산구 덕적골1길 60'),('8331039','전주해성중학교','전라북도 전주시 완산구 계룡산길 88'),('8331041','전주서곡중학교','전라북도 전주시 완산구 서곡6길 23'),('8331115','전주평화중학교','전라북도 전주시 완산구 평화로 74'),('8331117','전주기전중학교','전라북도 전주시 완산구 유연로 133'),('8331123','전주용소중학교','전라북도 전주시 덕진구 송천로 112'),('8331125','전주아중중학교','전라북도 전주시 덕진구 중상보로 16'),('8331126','전주용흥중학교','전라북도 전주시 완산구 장승배기로 12'),('8331127','전주곤지중학교','전라북도 전주시 완산구 매곡로 22'),('8331128','전주신일중학교','전라북도 전주시 완산구 견훤왕궁2길 8'),('8331129','전북중학교','전라북도 전주시 덕진구 쪽구름2길 22'),('8331244','전주오송중학교','전라북도 전주시 덕진구 천마산로 69'),('8331245','전주우림중학교','전라북도 전주시 완산구 우전로 119'),('8331270','전주온빛중학교','전라북도 전주시 덕진구 틀못4길 10'),('8331293','전주기린중학교','전라북도 전주시 덕진구 동부대로 739'),('8331308','전주양현중학교','전라북도 전주시 덕진구 만성북4길 10'),('8331309','전주화정중학교','전라북도 전주시 덕진구 세병로 66'),('8331315','전주만성중학교','전라북도 전주시 덕진구 오공로 99'),('8331318','전주효문중학교','전라북도 전주시 완산구 용리로 92'),('8341006','군산남중학교','전라북도 군산시 대학로 222'),('8341007','군산동원중학교','전라북도 군산시 의료원로 146'),('8341008','군산산북중학교','전라북도 군산시 동아로 109'),('8341009','군산서흥중학교','전라북도 군산시 축동로 129'),('8341011','군산영광중학교','전라북도 군산시 둔배미길 21'),('8341013','군산월명중학교','전라북도 군산시 설림5길 90'),('8341014','군산자양중학교','전라북도 군산시 옥구읍 우치산3길 40'),('8341015','군산제일중학교','전라북도 군산시 경기장로 142'),('8341016','군산중앙중학교','전라북도 군산시 성산면 군장대길 13'),('8341017','군산중학교','전라북도 군산시 군중길 18'),('8341018','군산진포중학교','전라북도 군산시 진포3길 66'),('8341019','나포중학교','전라북도 군산시 나포면 등동1길 6-5'),('8341020','선유도중학교','전라북도 군산시 옥도면 선유북길 89-1'),('8341022','옥구중학교','전라북도 군산시 대야면 만자로 60'),('8341023','임피중학교','전라북도 군산시 서수면 항쟁로 138'),('8341025','회현중학교','전라북도 군산시 회현면 대위로 426'),('8341086','군산동산중학교','전라북도 군산시 구영신창길 60-6'),('8341087','군산금강중학교','전라북도 군산시 황룡2길 61'),('8341128','군산대성중학교','전라북도 군산시 임피면 임피향교길 44-6'),('8351004','익산지원중학교','전라북도 익산시 고봉로 67'),('8351005','삼기중학교','전라북도 익산시 삼기면 황금로 499'),('8351006','성당중학교','전라북도 익산시 성당면 함안로 671-333'),('8351007','여산중학교','전라북도 익산시 여산면 가람로 459-10'),('8351009','왕궁중학교','전라북도 익산시 왕궁면 왕궁로 556'),('8351010','용안중학교','전라북도 익산시 용안면 현내1로 71-8'),('8351011','웅포중학교','전라북도 익산시 웅포면 덕성길 13'),('8351012','이리남중학교','전라북도 익산시 배산로3길 55'),('8351013','이리동중학교','전라북도 익산시 동천로7길 44'),('8351014','이리북중학교','전라북도 익산시 익산대로 415-14'),('8351016','함라중학교','전라북도 익산시 함라면 함낭로 61-18'),('8351017','함열중학교','전라북도 익산시 함열읍 함열3길 37'),('8351018','남성중학교','전라북도 익산시 동서로35길 41'),('8351019','이리남성여자중학교','전라북도 익산시 동서로 35길 41'),('8351020','원광중학교','전라북도 익산시 무왕로31길 154'),('8351021','원광여자중학교','전라북도 익산시 선화로13길 72'),('8351022','이리중학교','전라북도 익산시 학곤로 19'),('8351023','이일여자중학교','전라북도 익산시 평동로7길 30'),('8351024','익산중학교','전라북도 익산시 금마면 고도길 85'),('8351025','진경여자중학교','전라북도 익산시 황등면 황등서로 104'),('8351026','함열여자중학교','전라북도 익산시 함열읍 정자길 31'),('8351027','황등중학교','전라북도 익산시 황등면 황금로 18'),('8351093','익산어양중학교','전라북도 익산시 하나로12길 39'),('8351097','익산부송중학교','전라북도 익산시 선화로69길 6'),('8351152','익산부천중학교','전라북도 익산시 동서로 524'),('8351183','이리영등중학교','전라북도 익산시 하나로 490'),('8361004','감곡중학교','전라북도 정읍시 감곡면 감곡동서로 330-2'),('8361005','고부중학교','전라북도 정읍시 고부면 관청길 114'),('8361006','산외중학교','전라북도 정읍시 산외면 평사3길 25'),('8361007','소성중학교','전라북도 정읍시 소성면 소성상평로 34'),('8361008','입암중학교','전라북도 정읍시 입암면 입고로 32-13'),('8361009','정산중학교','전북 정읍시 산내면 능교신기길 12-20'),('8361010','정우중학교','전라북도 정읍시 정우면 양지1길 100-28'),('8361011','정읍중학교','전라북도 정읍시 정읍사로 569'),('8361014','칠보중학교','전라북도 정읍시 칠보면 검단1길 53'),('8361015','배영중학교','전라북도 정읍시 동학로 243'),('8361016','신태인중학교','전라북도 정읍시 신태인읍 서태길 108'),('8361017','왕신여자중학교','전라북도 정읍시 신태인읍 정신로 1094'),('8361018','이평중학교','전라북도 정읍시 이평면 후송길 21'),('8361019','태인중학교','전라북도 정읍시 태인면 석지로 1469'),('8361020','호남중학교','전라북도 정읍시 정읍남로 1364-13'),('8361066','학산중학교','전라북도 정읍시 학산로 89'),('8361114','전북동화중학교','전라북도 정읍시 태인면 정읍북로 1238'),('8361117','샘고을중학교','전라북도 정읍시 초산로 110'),('8361118','정일중학교','전라북도 정읍시 충정로 511'),('8371004','금지중학교','전라북도 남원시 금지면 요천로 443-9'),('8371005','남원용성중학교','전라북도 남원시 춘향로 73'),('8371006','남원중학교','전라북도 남원시 만인로 41-51'),('8371007','남원하늘중학교','전라북도 남원시 동헌길 75'),('8371008','남원한빛중학교','전라북도 남원시 용성로 299'),('8371009','대강중학교','전라북도 남원시 대강면 금탄로 512-16'),('8371010','보절중학교','전라북도 남원시 보절면 보산로 909-14'),('8371011','산내중학교','전라북도 남원시 산내면 천왕봉로 673-8'),('8371012','송동중학교','전라북도 남원시 송동면 노송로 747'),('8371013','수지중학교','전라북도 남원시 수지면 고주로 531-9'),('8371014','아영중학교','전라북도 남원시 아영면 고인청계길 18'),('8371015','용북중학교','전라북도 남원시 사매면 용북길 89'),('8371016','운봉중학교','전라북도 남원시 운봉읍 바래봉길 73'),('8371017','인월중학교','전라북도 남원시 인월면 인월장터로 48'),('8381004','금구중학교','전라북도 김제시 금구면 금구로 40'),('8381005','김제중학교','전라북도 김제시 중앙로 274'),('8381007','김제중앙중학교','전라북도 김제시 남북9길 52'),('8381008','덕암중학교','전라북도 김제시 하공로 9'),('8381009','봉남중학교','전라북도 김제시 봉남면 남주1길 26'),('8381010','용지중학교','전라북도 김제시 용지면 황토로 702'),('8381011','청하중학교','전라북도 김제시 청하면 청하6길 68'),('8381015','만경중학교','전라북도 김제시 만경읍 능제로 29'),('8381016','만경여자중학교','전라북도 김제시 만경읍 만경로 823'),('8381017','지평선중학교','전라북도 김제시 성덕면 성동길 183-4'),('8381064','동국대학교사범대학부속금산중학교','전라북도 김제시 금산면 모악로 47'),('8381107','한들중학교','전라북도 김제시 중앙로 137'),('8381108','금성중학교','전라북도 김제시 금성5길 19'),('8391005','고산중학교','전라북도 완주군 고산면 읍내3길 41'),('8391006','구이중학교','전라북도 완주군 구이면 구이로 1505'),('8391007','삼례중학교','전라북도 완주군 삼례읍 신금로 53-23'),('8391009','상관중학교','전라북도 완주군 상관면 신리로 111'),('8391010','소양중학교','전라북도 완주군 소양면 소양로 223'),('8391011','완주중학교','전라북도 완주군 봉동읍 봉동동서로 60-6'),('8391012','용진중학교','전라북도 완주군 용진읍 상운길 11'),('8391013','운주중학교','전라북도 완주군 운주면 운주로 64'),('8391014','전주예술중학교','전라북도 완주군 구이면 신전길 120'),('8391015','삼우중학교','전라북도 완주군 이서면 반교로 34-9'),('8391016','화산중학교','전라북도 완주군 화산면 화산로 874'),('8391049','전북체육중학교','전라북도 완주군 소양면 원암로 46'),('8391079','봉서중학교','전라북도 완주군 봉동읍 둔산3로 131'),('8401004','동향중학교','전라북도 진안군 동향면 창촌길 41'),('8401005','마령중학교','전라북도 진안군 마령면 임진로 2086'),('8401006','백운중학교','전라북도 진안군 백운면 임진로 1298'),('8401007','부귀중학교','전라북도 진안군 부귀면 상거석길 14-7'),('8401008','안천중학교','전라북도 진안군 안천면 진무로 3071-9'),('8401009','용담중학교','전라북도 진안군 용담면 안용로 1005'),('8401011','주천중학교','전라북도 진안군 주천면 동상주천로 2267'),('8401012','진성중학교','전라북도 진안군 성수면 관진로 719'),('8401013','진안중학교','전라북도 진안군 진안읍 상역로 86'),('8401014','진안여자중학교','전라북도 진안군 진안읍 어영골길 33'),('8411004','무주중학교','전라북도 무주군 무주읍 신교로 1'),('8411005','무풍중학교','전라북도 무주군 무풍면 대덕산로 914'),('8411006','부남중학교','전라북도 무주군 부남면 대소길 10'),('8411007','설천중학교','전라북도 무주군 설천면 하평지길 19'),('8411008','안성중학교','전라북도 무주군 안성면 구량천로 149'),('8411009','적상중학교','전라북도 무주군 적상면 여용로 269'),('8421004','계남중학교','전라북도 장수군 계남면 계남중길 52'),('8421005','계북중학교','전라북도 장수군 계북면 장무로 1005-12'),('8421006','번암중학교','전라북도 장수군 번암면 지지로 28-12'),('8421007','산서중학교','전라북도 장수군 산서면 보산로 1852-6'),('8421008','장계중학교','전라북도 장수군 장계면 장무로 239-6'),('8421009','장수중학교','전라북도 장수군 장수읍 호비로 68'),('8421010','천천중학교','전라북도 장수군 천천면 춘송길 47'),('8431004','관촌중학교','전라북도 임실군 관촌면 사선10길 23'),('8431005','삼계중학교','전라북도 임실군 삼계면 삼계2길 16'),('8431006','섬진중학교','전라북도 임실군 강진면 강운로 87'),('8431007','성수중학교','전라북도 임실군 성수면 월삼로 354'),('8431008','오수중학교','전라북도 임실군 오수면 충효로 2099-15'),('8431009','운암중학교','전라북도 임실군 운암면 상운길 12'),('8431010','임실동중학교','전라북도 임실군 임실읍 봉황로 147'),('8431011','지사중학교','전라북도 임실군 지사면 충효로 2469'),('8431012','청웅중학교','전라북도 임실군 청웅면 청웅로 131-7'),('8441004','구림중학교','전라북도 순창군 구림면 방화로 6'),('8441005','복흥중학교','전라북도 순창군 복흥면 금월로 33-4'),('8441006','순창중학교','전라북도 순창군 순창읍 담순로 1418'),('8441007','순창여자중학교','전라북도 순창군 순창읍 장류로 295-11'),('8441008','쌍치중학교','전라북도 순창군 쌍치면 쌍계로 30-5'),('8441009','동계중학교','전라북도 순창군 동계면 강동로 74'),('8441010','순창북중학교','전라북도 순창군 순창읍 옥천로 67-13'),('8451004','고창중학교','전라북도 고창군 고창읍 보릿골로 35'),('8451005','공음중학교','전라북도 고창군 공음면 공음길 74-6'),('8451006','대성중학교','전라북도 고창군 대산면 고산성로 29-11'),('8451007','상하중학교','전라북도 고창군 상하면 상하1길 34'),('8451008','성내중학교','전라북도 고창군 성내면 선운대로 4223-11'),('8451009','신림중학교','전라북도 고창군 신림면 대강길 19-2'),('8451010','심원중학교','전라북도 고창군 심원면 심원로 158-11'),('8451011','아산중학교','전라북도 고창군 아산면 목동로 336'),('8451012','해리중학교','전라북도 고창군 해리면 해리중앙로 120'),('8451013','흥덕중학교','전라북도 고창군 흥덕면 잿말길 21'),('8451014','고창남중학교','전라북도 고창군 성송면 대성로 877'),('8451015','고창북중학교','전라북도 고창군 부안면 복분자로 788-141'),('8451017','영선중학교','전라북도 고창군 무장면 왕제산로 713'),('8451074','자유중학교','전라북도 고창군 고창읍 보릿골로 176'),('8461004','계화중학교','전라북도 부안군 계화면 창북중앙길 92'),('8461005','변산중학교','전라북도 부안군 진서면 청자로 921'),('8461006','보안중학교','전라북도 부안군 보안면 영전길 37'),('8461007','부안중학교','전라북도 부안군 부안읍 당산로 1'),('8461008','상서중학교','전라북도 부안군 상서면 고인돌로 17'),('8461009','위도중학교','전라북도 부안군 위도면 위도로 245'),('8461010','주산중학교','전라북도 부안군 주산면 주산로 30'),('8461011','줄포중학교','전라북도 부안군 줄포면 부안로 938'),('8461012','하서중학교','전라북도 부안군 하서면 변산로 852'),('8461013','백산중학교','전라북도 부안군 백산면 백산로 379'),('8461014','변산서중학교','전라북도 부안군 변산면 지서로 139'),('8461016','삼남중학교','전라북도 부안군 부안읍 용계길 29'),('8461076','낭주중학교','전라북도 부안군 부안읍 교동1길 42'),('8501003','목포제일중학교','전라남도 목포시 삼학로 277'),('8501004','목포유달중학교','전라남도 목포시 산정로 171'),('8501005','목포청호중학교','전라남도 목포시 연산백련로31번길 '),('8501006','목포여자중학교','전라남도 목포시 유동로 35'),('8501007','목포중앙여자중학교','전라남도 목포시 백년대로280번길 24'),('8501008','목포항도여자중학교','전라남도 목포시 상동로21번길 111'),('8501009','목포하당중학교','전라남도 목포시 삼향천로 119'),('8501010','목포옥암중학교','전라남도 목포시 남악1로42번길 59-6'),('8501011','목포애향중학교','전라남도 목포시 남악2로22번길 28-7'),('8501012','문태중학교','전라남도 목포시 용당로 138'),('8501013','목포홍일중학교','전라남도 목포시 북항로 88'),('8501014','영흥중학교','전라남도 목포시 삼각로43번길 9'),('8501015','목포덕인중학교','전라남도 목포시 죽선로 39-2'),('8501016','목포정명여자중학교','전라남도 목포시 삼일로 45'),('8501017','목포영화중학교','전라남도 목포시 영산로 413-2'),('8501018','목포혜인여자중학교','전라남도 목포시 죽선로 39-2'),('8511003','여수중학교','전라남도 여수시 공화북4길 19-1'),('8511004','여수구봉중학교','전라남도 여수시 국동4길 49'),('8511005','충덕중학교','전라남도 여수시 덕충안길 79'),('8511006','여수여자중학교','전라남도 여수시 관문1길 29'),('8511007','진남여자중학교','전라남도 여수시 미평10길 5'),('8511008','여수문수중학교','전라남도 여수시 여문2로 141'),('8511009','여천중학교','전라남도 여수시 선원1길 26'),('8511010','여선중학교','전라남도 여수시 무선로 71'),('8511012','율촌중학교','전라남도 여수시 율촌면 동산개길 46'),('8511013','돌산중학교','전라남도 여수시 돌산읍 돌산로 1197'),('8511014','돌산중앙중학교','전라남도 여수시 돌산읍 돌산로 2429'),('8511015','여남중학교','전라남도 여수시 남면 우실해안길 5'),('8511018','여안초등학교여남중학교안도분교장','전라남도 여수시 남면 안도해변길 81'),('8511019','거문중학교','전라남도 여수시 삼산면 덕흥1길 30'),('8511021','화양중학교','전라남도 여수시 화양면 옥천로 87'),('8511022','화양중학교화양남분교장','전라남도 여수시 화양면 장수로 174'),('8511024','무선중학교','전라남도 여수시 대통1길 29'),('8511025','여수개도중학교','전라남도 여수시 화정면 개도화산3길 8'),('8511026','안산중학교','전라남도 여수시 장성4길 36'),('8511027','여수종고중학교','전라남도 여수시 군자길 75'),('8511028','진성여자중학교','전라남도 여수시 봉강서4길 3'),('8511029','여수중앙여자중학교','전라남도 여수시 덕충6길 79'),('8511030','여양중학교','전라남도 여수시 소라면 덕양로 345'),('8511031','여도중학교','전라남도 여수시 상암로 7'),('8511181','여수삼일중학교','전라남도 여수시 소라면 죽림로 26'),('8511194','여수웅천중학교','전라남도 여수시 웅천북로 24'),('8511202','화태초등학교돌산중학교화태분교장','전라남도 여수시 남면 마족길 5'),('8521003','순천삼산중학교','전라남도 순천시 해룡면 매안로 84'),('8521004','순천이수중학교','전라남도 순천시 수박등1길 13'),('8521005','순천여자중학교','전라남도 순천시 북정4길 70'),('8521006','순천동산여자중학교','전라남도 순천시 유동길 40'),('8521007','순천연향중학교','전라남도 순천시 연향중앙상가길 67'),('8521008','순천남산중학교','전라남도 순천시 풍덕새길 15-7 '),('8521009','순천신흥중학교','전라남도 순천시 해룡면 신흥중1길 22'),('8521010','순천금당중학교','전라남도 순천시 해룡면 장선배기길 189'),('8521011','순천팔마중학교','전라남도 순천시 해룡면 상삼길 6'),('8521012','순천풍덕중학교','전라남도 순천시 평촌길 47'),('8521013','순천향림중학교','전라남도 순천시 오리정2길 29'),('8521014','순천왕의중학교','전라남도 순천시 해룡면 지봉로 420'),('8521015','순천월전중학교','전라남도 순천시 월등면 백야중길 30'),('8521016','순천승주중학교','전라남도 순천시 승주읍 승주로 615'),('8521017','순천주암중학교','전라남도 순천시 주암면 동주로 2453'),('8521018','순천승남중학교','전라남도 순천시 송광면 이읍원동길 10'),('8521020','순천낙안중학교','전라남도 순천시 낙안면 조정래길 716'),('8521021','순천별량중학교','전라남도 순천시 별량면 송천2길 85'),('8521022','순천승평중학교','전라남도 순천시 해룡면 좌야로 151'),('8521023','순천매산중학교','전라남도 순천시 매산길 23'),('8521131','순천왕운중학교','전라남도 순천시 왕지3길 27'),('8521161','한국바둑중학교','전라남도 순천시 주암면 조달진로 27'),('8531004','나주중학교','전라남도 나주시 남산길 10'),('8531005','영산포여자중학교','전라남도 나주시 이창1길 32'),('8531006','나주금천중학교','전라남도 나주시 호수로 133'),('8531007','나주다시중학교','전라남도 나주시 다시면 무숙로 776'),('8531008','나주공산중학교','전라남도 나주시 공산면 공산로 110'),('8531009','남평중학교','전라남도 나주시 남평읍 남평3로 40'),('8531010','남평중학교다도분교장','전라남도 나주시 다도면 다도로 747'),('8531011','나주동강중학교','전라남도 나주시 동강면 인동길 25-28'),('8531012','나주봉황중학교','전라남도 나주시 봉황면 봉황로 682'),('8531013','나주문평중학교','전라남도 나주시 문평면 평복길 27'),('8531014','나주반남중학교','전라남도 나주시 반남면 석천로 20-15'),('8531015','노안중학교','전라남도 나주시 노안면 노안로 373'),('8531016','금성중학교','전라남도 나주시 건재로 41'),('8531017','영산중학교','전라남도 나주시 영강길 32'),('8531018','세지중학교','전라남도 나주시 세지면 동창로 112'),('8531070','빛가람중학교','전라남도 나주시 월정5길 12'),('8531080','매성중학교','전라남도 나주시 쌍산1길 19'),('8551004','광양중학교','전라남도 광양시 광양읍 신재로 90'),('8551005','광양여자중학교','전라남도 광양시 광양읍 남등1길 72-6'),('8551006','옥곡중학교','전라남도 광양시 옥곡면 명주1길 61-7'),('8551007','진상중학교','전라남도 광양시 진상면 신시길 177'),('8551008','광양진월중학교','전라남도 광양시 진월면 백운2로 96'),('8551009','광양다압중학교','전라남도 광양시 다압면 섬진강매화로 '),('8551010','광양골약중학교','전라남도 광양시 지동길 15'),('8551011','동광양중학교','전라남도 광양시 세동길 3-1'),('8551012','광영중학교','전라남도 광양시 금영로 101'),('8551014','광양중동중학교','전라남도 광양시 광장로 59'),('8551015','광양백운중학교','전라남도 광양시 광장로 121'),('8551016','광양제철중학교','전남 광양시 마로니에길 69'),('8551091','광양용강중학교','전라남도 광양시 광양읍 용강1길 24'),('8551092','광양마동중학교','전라남도 광양시 느지매기길 7'),('8561004','담양중학교','전라남도 담양군 담양읍 천변7길 13'),('8561005','담양여자중학교','전라남도 담양군 담양읍 신성길 20'),('8561006','한재중학교','전라남도 담양군 대전면 대치9길 43-1'),('8561007','창평중학교','전라남도 담양군 창평면 창평로 565-17'),('8561008','담양금성중학교','전라남도 담양군 금성면 시암골로 10'),('8561009','담양수북중학교','전라남도 담양군 수북면 한수동로 527'),('8561010','담양고서중학교','전라남도 담양군 고서면 창평현로 234'),('8571004','곡성중학교','전라남도 곡성군 곡성읍 학교로 80'),('8571005','석곡중학교','전라남도 곡성군 석곡면 석곡로 6'),('8571006','옥과중학교','전라남도 곡성군 옥과면 대학로 71'),('8581004','구례중학교','전라남도 구례군 구례읍 구례로 433'),('8581005','구례여자중학교','전라남도 구례군 구례읍 구례여중길 9'),('8581006','구례동중학교','전라남도 구례군 토지면 섬진강대로 4856-10'),('8581007','구례북중학교','전라남도 구례군 용방면 선월길 97'),('8581008','구례산동중학교','전라남도 구례군 산동면 원촌길 61-16'),('8591003','고흥중학교','전라남도 고흥군 고흥읍 고흥로 1847'),('8591004','고흥여자중학교','전라남도 고흥군 고흥읍 흥양길 2'),('8591005','녹동중학교','전라남도 고흥군 도양읍 비봉로 60'),('8591006','고흥풍양중학교','전라남도 고흥군 풍양면 풍양로 111'),('8591007','고흥도덕중학교','전라남도 고흥군 도덕면 고흥만로 113'),('8591008','금산중학교','전라남도 고흥군 금산면 돈청길 36'),('8591009','고흥도화중학교','전라남도 고흥군 도화면 도화로 466'),('8591010','포두중학교','전라남도 고흥군 포두면 우주로 628-34'),('8591011','봉래중학교','전라남도 고흥군 봉래면 원두길 60'),('8591012','고흥백양중학교','전라남도 고흥군 동일면 우주로 2582-16'),('8591013','고흥점암중앙중학교','전라남도 고흥군 점암면 해창로 306'),('8591014','고흥과역중학교','전라남도 고흥군 과역면 고흥로 2939-3'),('8591015','고흥남양중학교','전라남도 고흥군 남양면 남양로 219-6'),('8591016','동강중학교','전라남도 고흥군 동강면 계매길 11-2'),('8591017','고흥대서중학교','전라남도 고흥군 대서면 동서로 420'),('8601005','보성중학교','전라남도 보성군 보성읍 신지두슬길 9'),('8601006','보성여자중학교','전라남도 보성군 보성읍 중앙로 20'),('8601007','벌교중학교','전라남도 보성군 벌교읍 조정래길 86-27'),('8601008','벌교여자중학교','전라남도 보성군 벌교읍 월곡길 18-13'),('8601009','조성중학교','전라남도 보성군 조성면 조성2길 4-7'),('8601010','보성복내중학교','전라남도 보성군 복내면 송재로 1926'),('8601011','보성회천중학교','전라남도 보성군 회천면 남부관광로 2399'),('8601013','예당중학교','전라남도 보성군 득량면 예당길 155-14'),('8601014','득량중학교','전라남도 보성군 득량면 역전길 51'),('8601015','삼광중학교','전라남도 보성군 벌교읍 채동선로 115'),('8601016','용정중학교','전라남도 보성군 미력면 보성강로 279'),('8611004','화순중학교','전라남도 화순군 화순읍 칠충로 71'),('8611005','화순제일중학교','전라남도 화순군 화순읍 칠충로 33'),('8611006','화순도곡중학교','전라남도 화순군 도곡면 천암1길 64'),('8611007','화순이양중학교','전라남도 화순군 이양면 이양로 100-35'),('8611008','화순사평중학교','전라남도 화순군 남면 외남로 54'),('8611009','화순도암중학교','전라남도 화순군 도암면 권동길 4-6'),('8611010','화순동복중학교','전라남도 화순군 동복면 김삿갓로 764'),('8611011','화순북면중학교','전라남도 화순군 백아면 백아로 1198'),('8611012','화순동면중학교','전라남도 화순군 동면 천덕길 104'),('8611013','능주중학교','전라남도 화순군 능주면 죽수길 31-2'),('8621004','장흥중학교','전라남도 장흥군 장흥읍 장흥로 49-1'),('8621005','장흥여자중학교','전라남도 장흥군 장흥읍 못골길 1'),('8621006','장흥관산중학교','전라남도 장흥군 관산읍 죽교상하발로 41'),('8621007','장흥장평중학교','전라남도 장흥군 장평면 장평중앙길'),('8621008','장흥용산중학교','전라남도 장흥군 용산면 용안로 13'),('8621009','장흥유치중학교','전라남도 장흥군 유치면 유치로 48'),('8621010','장흥안양중학교','전라남도 장흥군 안양면 운정2길'),('8621011','장흥회덕중학교','전라남도 장흥군 회진면 가학회진로 1519'),('8621012','대덕중학교','전라남도 장흥군 대덕읍 대대로 1005'),('8631003','강진중학교','전라남도 강진군 강진읍 중앙로 205'),('8631004','강진여자중학교','전라남도 강진군 강진읍 고성길 15-6'),('8631005','성전중학교','전라남도 강진군 성전면 별뫼로 367-9'),('8631006','도암중학교','전라남도 강진군 도암면 도암신리길 20'),('8631007','병영중학교','전라남도 강진군 병영면 하멜로 372'),('8631008','강진칠량중학교','전라남도 강진군 칠량면 칠량로 90-18'),('8631009','강진대구중학교','전라남도 강진군 대구면 청자로 1887'),('8631010','강진작천중학교','전라남도 강진군 작천면 까치내로 864'),('8631040','청람중학교','전라남도 강진군 군동면 석교로 395'),('8641004','해남중학교','전라남도 해남군 해남읍 중앙1로 225'),('8641005','해남제일중학교','전라남도 해남군 해남읍 명문길 19'),('8641006','북평중학교','전라남도 해남군 북평면 달량진길 38'),('8641007','화산중학교','전라남도 해남군 화산면 연정길 29'),('8641008','송지중학교','전라남도 해남군 송지면 미야길 156'),('8641009','황산중학교','전라남도 해남군 황산면 관두길 24'),('8641010','산이중학교','전라남도 해남군 산이면 비석길 98-2'),('8641011','현산중학교','전라남도 해남군 현산면 탑동리길 '),('8641012','두륜중학교','전라남도 해남군 북일면 오소재로 35'),('8641013','우수영중학교','전라남도 해남군 문내면 우수영로 21-6'),('8641015','화원중학교','전라남도 해남군 화원면 신평리길 25-19'),('8651004','영암중학교','전라남도 영암군 영암읍 영암초중고길 32'),('8651005','영암낭주중학교','전라남도 영암군 학산면 영산로 40'),('8651006','신북중학교','전라남도 영암군 신북면 간은정로 77'),('8651007','구림중학교','전라남도 영암군 군서면 돌정고개길 43'),('8651008','영암금정중학교','전라남도 영암군 금정면 영나로 836'),('8651009','영암도포중학교','전라남도 영암군 도포면 호산로 69-16'),('8651010','영암서호중학교','전라남도 영암군 서호면 서호로 304'),('8651011','영암미암중학교','전라남도 영암군 미암면 곤미현로 961-10'),('8651012','삼호중학교','전라남도 영암군 삼호읍 방아제로 102'),('8651013','삼호서중학교','전라남도 영암군 삼호읍 모밀항길 20'),('8651014','시종중학교','전라남도 영암군 시종면 마한로 1237'),('8651015','영암여자중학교','전라남도 영암군 영암읍 여중고길 12'),('8661004','무안중학교','전라남도 무안군 일로읍 죽사동길 15-5'),('8661005','무안북중학교','전라남도 무안군 무안읍 교촌길 38'),('8661006','무안현경중학교','전라남도 무안군 현경면 장군로 23'),('8661007','무안청계중학교','전라남도 무안군 청계면 도림길 15-5'),('8661008','무안몽탄중학교','전라남도 무안군 몽탄면 호동길 38-10'),('8661009','전남체육중학교','전라남도 무안군 일로읍 일로로 126'),('8661010','남악중학교','전라남도 무안군 삼향읍 남악4로60번길 38'),('8661011','망운중학교','전라남도 무안군 운남면 운해로 568-51'),('8661012','해제중학교','전라남도 무안군 해제면 양간로 97'),('8661055','오룡중학교','전라남도 무안군 삼향읍 남악5로22번길 38'),('8661062','무안행복중학교','전라남도 무안군 일로읍 오룡번영로 110'),('8671004','함평중학교','전라남도 함평군 함평읍 영수길 275'),('8671005','함평여자중학교','전라남도 함평군 함평읍 곤재로 13-7'),('8671006','함평월야중학교','전라남도 함평군 월야면 문화로 695'),('8671007','함평손불중학교','전라남도 함평군 손불면 손불중앙길 7-6'),('8671008','함평신광중학교','전라남도 함평군 신광면 덕일길 35'),('8671009','함평해보중학교','전라남도 함평군 해보면 해삼로 298'),('8671035','나산실용예술중학교','전라남도 함평군 나산면 함장로 2441-96'),('8681004','영광중학교','전라남도 영광군 영광읍 옥당로 13-34'),('8681005','영광여자중학교','전라남도 영광군 영광읍 물무로3길 19'),('8681006','영광군남중학교','전라남도 영광군 군남면 포천길 13'),('8681007','영광백수중학교','전라남도 영광군 백수읍 백수로 875'),('8681008','영광염산중학교','전라남도 영광군 염산면 칠산로2길 31'),('8681009','영광홍농중학교','전라남도 영광군 홍농읍 상하길 109'),('8681010','영광대마중학교','전라남도 영광군 대마면 영장로 231'),('8681011','법성중학교','전라남도 영광군 법성면 대덕길4길 147'),('8681013','해룡중학교','전라남도 영광군 영광읍 중앙로 120'),('8681014','성지송학중학교','전라남도 영광군 군서면 서금길 15'),('8691004','장성중학교','전라남도 장성군 장성읍 단풍로 52'),('8691005','장성여자중학교','전라남도 장성군 장성읍 제봉로 60'),('8691006','삼계중학교','전라남도 장성군 삼계면 사창로 47'),('8691008','장성남중학교','전라남도 장성군 남면 황토단감로 10'),('8691010','장성황룡중학교','전라남도 장성군 황룡면 홍길동로 50'),('8691011','장성삼서중학교','전라남도 장성군 삼서면 대곡한실길 20'),('8691043','장성백암중학교','전라남도 장성군 북이면 복룡길 33'),('8701003','완도중학교','전라남도 완도군 완도읍 청해진남로 88'),('8701004','완도여자중학교','전라남도 완도군 완도읍 노두목길 20'),('8701005','고금중학교','전라남도 완도군 고금면 농상도남길 16-38'),('8701006','청산중학교','전라남도 완도군 청산면 청산로 1579-74'),('8701007','노화중학교','전라남도 완도군 노화읍 노화서로 1-14'),('8701008','군외중학교','전라남도 완도군 군외면 원동길 37-26'),('8701009','금당중학교','전라남도 완도군 금당면 금당로 230'),('8701010','소안중학교','전라남도 완도군 소안면 비자34번길 17'),('8701011','금일중학교','전라남도 완도군 금일읍 금일로 445-1'),('8701012','금일중학교생일분교장','전라남도 완도군 생일면 생일로 613번길'),('8701013','약산중학교','전라남도 완도군 약산면 약산로 366'),('8701014','완도신지중학교','전라남도 완도군 신지면 대곡길 26'),('8701015','완도보길중학교','전라남도 완도군 보길면 보길로 1-2'),('8701065','넙도초등학교노화중학교넙도분교장','전라남도 완도군 노화읍 넙도길 294-31'),('8711004','진도군내중학교','전라남도 진도군 군내면 금골길 26'),('8711005','석교중학교','전라남도 진도군 임회면 십일시길 67'),('8711006','고성중학교','전라남도 진도군 고군면 진도대로 83'),('8711007','조도중학교','전라남도 진도군 조도면 명지길 66'),('8711008','진도중학교','전라남도 진도군 진도읍 교동3길 9'),('8711009','의신중학교','전라남도 진도군 의신면 진도대로 2446'),('8711010','진도지산중학교','전라남도 진도군 지산면 인지독치1길 21-62'),('8721003','안좌중학교','전라남도 신안군 안좌면 중부로 743'),('8721005','지명중학교','전라남도 신안군 지도읍 원광정길 18'),('8721006','하의중학교','전라남도 신안군 하의면 곰실길 11-8'),('8721007','자은중학교','전라남도 신안군 자은면 구영2길 82'),('8721008','비금중학교','전라남도 신안군 비금면 유옥우길 65'),('8721009','암태중학교','전라남도 신안군 암태면 장단고길 10'),('8721010','임자중학교','전라남도 신안군 임자면 임자로 230-9'),('8721011','압해중학교','전라남도 신안군 압해읍 구항길 31-5'),('8721012','신안증도중학교','전라남도 신안군 증도면 증동길 53'),('8721013','신안흑산중학교','전라남도 신안군 흑산면 흑산일주로 124'),('8721015','신안신의중학교','전라남도 신안군 신의면 상서길 94'),('8721016','장산중학교','전라남도 신안군 장산면 장산대리길 64'),('8721039','가거도초등학교신안흑산중학교가거도분교장','전라남도 신안군 흑산면 가거도길 18-31'),('8721084','안좌중학교팔금분교장','전라남도 신안군 팔금면 탑목개길 124'),('8761182','구룡포중학교','경상북도 포항시 남구 구룡포읍 호미로 341'),('8761183','기계중학교','경상북도 포항시 북구 기계면 기계로 218'),('8761184','대도중학교','경상북도 포항시 북구 삼호로509번길 12'),('8761185','대보중학교','경상북도 포항시 남구 호미곶면 해맞이로 122'),('8761186','대송중학교','경상북도 포항시 남구 대송면 남성길 100'),('8761187','대흥중학교','경상북도 포항시 북구 용흥로292번길 35'),('8761188','상도중학교','경상북도 포항시 남구 상공로92번길 16'),('8761189','송도중학교','경상북도 포항시 남구 축항로72번길 11'),('8761190','송라중학교','경상북도 포항시 북구 송라면 광천길 36'),('8761191','신광중학교','경상북도 포항시 북구 신광면 토성길51번길 19-2'),('8761192','신흥중학교','경상북도 포항시 남구 오천읍 장기로 1636'),('8761193','양학중학교','경상북도 포항시 북구 이동로 63'),('8761195','유강중학교','경상북도 포항시 남구 연일읍 유강길 52'),('8761197','창포중학교','경상북도 포항시 북구 새천년대로1075번길 30'),('8761198','포항여자중학교','경상북도 포항시 북구 장미길 49'),('8761199','포항중학교','경상북도 포항시 북구 학산로 45'),('8761200','포항항도중학교','경상북도 포항시 북구 중흥로 170'),('8761201','환호여자중학교','경상북도 포항시 북구 삼호로 480-6'),('8761202','대동중학교','경상북도 포항시 북구 우창서길 34'),('8761203','동지여자중학교','경상북도 포항시 북구 용흥로 123'),('8761204','동지중학교','경상북도 포항시 북구 용흥로 123'),('8761205','포항영신중학교','경상북도 포항시 북구 소티재로 107'),('8761206','포항제철중학교','경상북도 포항시 남구 지곡로 150'),('8761207','영일중학교','경상북도 포항시 남구 연일읍 동문로 56'),('8761208','오천중학교','경상북도 포항시 남구 오천읍 해병로 293'),('8761209','장기중학교','경상북도 포항시 남구 장기면 읍내길 53'),('8761211','청하중학교','경상북도 포항시 북구 청하면 청하로151번길 26'),('8761212','포항동해중학교','경상북도 포항시 남구 동해면 일월로41번길 26'),('8761213','흥해중학교','경상북도 포항시 북구 흥해읍 동해대로 1525'),('8761214','기계중학교기북분교장','경상북도 포항시 북구 기북면 기북로 469'),('8761215','기계중학교상옥분교장','경상북도 포항시 북구 죽장면 죽장로 1860'),('8761217','장흥중학교','경상북도 포항시 북구 법원로 120'),('8761230','포항포은중학교','경상북도 포항시 남구 오천읍 냉천로340번길 30'),('8761239','서포중학교','경상북도 포항시 북구 죽장면 일광길 2'),('8761246','포항이동중학교','경상북도 포항시 남구 대이로 170'),('8761259','양덕중학교','경상북도 포항시 북구 장량로241번길 22'),('8771116','감포중학교','경상북도 경주시 감포읍 감포로12길 20'),('8771117','경주여자중학교','경상북도 경주시 태종로 613-12'),('8771118','계림중학교','경상북도 경주시 용담로 68'),('8771119','불국중학교','경상북도 경주시 구매2길 35-12'),('8771120','산내중학교','경상북도 경주시 산내면 문복로 1797-27'),('8771121','서라벌여자중학교','경상북도 경주시 알천북로145번길 23'),('8771122','신라중학교','경상북도 경주시 알천북로 143'),('8771123','아화중학교','경상북도 경주시 서면 아화양지길 41'),('8771124','안강중학교','경상북도 경주시 안강읍 안강중앙로 269'),('8771125','양남중학교','경상북도 경주시 양남면 양남로 325-3'),('8771126','양북중학교','경상북도 경주시 문무대왕면 어일남길 2'),('8771127','외동중학교','경상북도 경주시 외동읍 입실로1길 80-9'),('8771128','화랑중학교','경상북도 경주시 현곡면 등나무길 18-8'),('8771129','경주중학교','경상북도 경주시 원효로 231'),('8771130','근화여자중학교','경상북도 경주시 승삼2길 55'),('8771131','무산중학교','경상북도 경주시 건천읍 천포방내길 18'),('8771132','문화중학교','경상북도 경주시 충현로 98'),('8771133','선덕여자중학교','경상북도 경주시 양정로 20-11'),('8771134','안강여자중학교','경상북도 경주시 안강읍 화전길 62-8'),('8771135','월성중학교','경상북도 경주시 충효7길 19'),('8781078','감문중학교','경상북도 김천시 감문면 감문로 1113'),('8781079','개령중학교','경상북도 김천시 개령면 서부3길 89'),('8781080','김천여자중학교','경상북도 김천시 자산로 168'),('8781081','김천중앙중학교','경상북도 김천시 대학로 164-37'),('8781084','아포중학교','경상북도 김천시 아포읍 아포대로 1053'),('8781085','어모중학교','경상북도 김천시 어모면 어모로 560'),('8781087','김천중학교','경상북도 김천시 송설로 90'),('8781088','문성중학교','경상북도 김천시 영남대로 1992-3'),('8781090','성의여자중학교','경상북도 김천시 평화순환길 250-11'),('8781091','성의중학교','경상북도 김천시 성의길 38'),('8781092','한일여자중학교','경상북도 김천시 한일길 11-30'),('8781096','김천석천중학교','경상북도 김천시 남산공원길 128'),('8781100','율곡중학교','경상북도 김천시 혁신4로 45'),('8781106','지품천중학교','경상북도 김천시 대덕면 대덕로 731'),('8781116','운남중학교','경상북도 김천시 우래1길 7'),('8791081','길안중학교','경상북도 안동시 길안면 천지안길 71-3'),('8791082','길주중학교','경상북도 안동시 경동로 931'),('8791084','복주여자중학교','경상북도 안동시 안기천로 58'),('8791085','북후중학교','경상북도 안동시 북후면 단풍길 5-8'),('8791086','안동여자중학교','경상북도 안동시 법상윗3길 30-42'),('8791087','안동중학교','경상북도 안동시 태화1길 14'),('8791089','풍천중학교','경상북도 안동시 풍천면 풍요5길 14'),('8791090','경덕중학교','경상북도 안동시 서악길 47'),('8791091','경안여자중학교','경상북도 안동시 금곡윗4길 47'),('8791092','경안중학교','경상북도 안동시 경동로 205-33'),('8791093','일직중학교','경상북도 안동시 일직면 하나들길 13'),('8791094','풍산중학교','경상북도 안동시 풍산읍 풍산중앙길 39'),('8791108','웅부중학교','경상북도 안동시 도산면 온천로 620-4'),('8801136','광평중학교','경상북도 구미시 화신로10길 11-12'),('8801137','구미신평중학교','경상북도 구미시 신비로3길 37-14'),('8801138','구미여자중학교','경상북도 구미시 금오산로 162'),('8801139','구미중학교','경상북도 구미시 문장로 159'),('8801140','금오중학교','경상북도 구미시 왕산로'),('8801141','도송중학교','경상북도 구미시 송동로7길 53'),('8801142','무을중학교','경상북도 구미시 무을면 무등2길 21-14'),('8801143','봉곡중학교','경상북도 구미시 봉곡서로11안길 9-8'),('8801144','산동중학교','경상북도 구미시 산동면 강동로 998'),('8801145','상모중학교','경상북도 구미시 상사동로 70'),('8801147','선산중학교','경상북도 구미시 선산읍 선상서로14길 19-20'),('8801148','선주중학교','경상북도 구미시 야은로13길 27'),('8801149','송정여자중학교','경상북도 구미시 송정대로6길 72-12'),('8801150','오태중학교','경상북도 구미시 금오대로24길 33'),('8801151','옥계동부중학교','경상북도 구미시 옥계북로 87'),('8801152','옥계중학교','경상북도 구미시 거양길 18-7'),('8801153','인동중학교','경상북도 구미시 여헌로14길 17'),('8801154','진평중학교','경상북도 구미시 인동20길 70'),('8801155','천생중학교','경상북도 구미시 인동가산로 250-33'),('8801156','해평중학교','경상북도 구미시 해평면 강동로 1654'),('8801157','형곡중학교','경상북도 구미시 형곡서로1길 29'),('8801158','형남중학교','경상북도 구미시 형곡동로 1-3'),('8801159','경구중학교','경상북도 구미시 봉곡로9길 25'),('8801160','도개중학교','경상북도 구미시 도개면 도안로 120'),('8801161','오상중학교','경상북도 구미시 장천면 강동로 164'),('8801162','현일중학교','경상북도 구미시 고아읍 선산대로 656'),('8801193','해마루중학교','경상북도 구미시 산호대로 '),('8801205','구미인덕중학교','경상북도 구미시 산동면 신당인덕3로 33'),('8811054','단산중학교','경상북도 영주시 단산면 소백로3255번길 6'),('8811055','부석중학교','경상북도 영주시 부석면 부석로 29'),('8811056','소수중학교','경상북도 영주시 순흥면 순흥로 24'),('8811057','영주여자중학교','경상북도 영주시 신재로 14'),('8811058','영주중학교','경상북도 영주시 남간로 29'),('8811059','풍기중학교','경상북도 영주시 풍기읍 동성로 34'),('8811060','금계중학교','경상북도 영주시 풍기읍 금계로 147'),('8811061','대영중학교','경상북도 영주시 구성로150번길 45'),('8811062','동산여자중학교','경상북도 영주시 영봉로 49'),('8811063','영광여자중학교','경상북도 영주시 두서길 120'),('8811064','영광중학교','경상북도 영주시 광복로 17'),('8821056','금호여자중학교','경상북도 영천시 금호읍 성천앞길 112-53'),('8821057','신녕중학교','경상북도 영천시 신녕면 찰방길 8'),('8821058','영안중학교','경상북도 영천시 북안면 운북로 2025'),('8821060','영천여자중학교','경상북도 영천시 상아탑길 28'),('8821061','영천중학교','경상북도 영천시 중앙동1길 126'),('8821064','청통중학교','경상북도 영천시 청통면 새학길 33-11'),('8821065','화산중학교','경상북도 영천시 화산면 연유길 14'),('8821066','금호중학교','경상북도 영천시 금호읍 교대길 8-18'),('8821067','산동중학교','경상북도 영천시 화남면 천문로 1709'),('8821068','성남여자중학교','경상북도 영천시 남촌길 17'),('8821069','영동중학교','경상북도 영천시 안야사길 13'),('8821077','별빛중학교','경상북도 영천시 고경면 월천길 1-27'),('8831082','낙동중학교','경상북도 상주시 낙동면 낙동3길 14-5'),('8831083','낙운중학교','경상북도 상주시 낙동면 삼봉로 472-20'),('8831084','내서중학교','경상북도 상주시 내서면 영남제일로 3239'),('8831085','모서중학교','경상북도 상주시 모서면 삼포2길 30'),('8831086','상주여자중학교','경상북도 상주시 상산로 222'),('8831087','상주중학교','경상북도 상주시 북천로 55-13'),('8831088','은척중학교','경상북도 상주시 은척면 우기1길 10'),('8831089','중모중학교','경상북도 상주시 모동면 덕곡1길 13'),('8831090','청리중학교','경상북도 상주시 청리면 청하3길 35-16'),('8831091','화동중학교','경상북도 상주시 화동면 이소3길 86-6'),('8831092','화령중학교','경상북도 상주시 화서면 중화로 2187'),('8831093','화북중학교','경상북도 상주시 화북면 문장로 1682'),('8831094','남산중학교','경상북도 상주시 낙양1길 29'),('8831095','상지여자중학교','경상북도 상주시 함창읍 함창중앙로 176'),('8831096','성신여자중학교','경상북도 상주시 북천로 117'),('8831097','용운중학교','경상북도 상주시 공성면 문화마을길 23'),('8831098','함창중학교','경상북도 상주시 함창읍 함창중앙로 85'),('8841053','가은중학교','경상북도 문경시 가은읍 가은로 205'),('8841054','동로중학교','경상북도 문경시 동로면 적성큰마길 11'),('8841055','마성중학교','경상북도 문경시 마성면 외어1길 125'),('8841056','문경서중학교','경상북도 문경시 문경읍 문경서중길 1'),('8841057','문경여자중학교','경상북도 문경시 돈달로 15'),('8841058','문경중학교','경상북도 문경시 중앙로 242'),('8841059','산북중학교','경상북도 문경시 산북면 금천로 560'),('8841060','산양중학교','경상북도 문경시 산양면 불암1길 27'),('8841061','점촌중학교','경상북도 문경시 돈달산길 15'),('8851087','경북체육중학교','경상북도 경산시 경안로 43'),('8851088','경산중학교','경상북도 경산시 원효로 89'),('8851089','사동중학교','경상북도 경산시 백양로33길 31'),('8851090','삼성현중학교','경상북도 경산시 경청로216길 17'),('8851091','신상중학교','경상북도 경산시 진량읍 공단1로1길 36-8'),('8851092','용성중학교','경상북도 경산시 용성면 원효로 1410'),('8851093','자인중학교','경상북도 경산시 자인면 일연로 93'),('8851094','장산중학교','경상북도 경산시 경산로 112'),('8851096','경산여자중학교','경상북도 경산시 경산로 91'),('8851097','대구가톨릭대학교사범대학부속무학중학교','경상북도 경산시 하양읍 금송로 71-11'),('8851098','문명중학교','경상북도 경산시 경청로230길 30'),('8851099','진량중학교','경상북도 경산시 진량읍 대학로 1051'),('8851100','하양여자중학교','경상북도 경산시 하양읍 지식산업로8길 21'),('8851135','압량중학교','경상북도 경산시 압량면 부적길 36-19'),('8851143','경산제일중학교','경상북도 경산시 자인면 원효로 851-16'),('8861027','군위중학교','경상북도 군위군 군위읍 군청로 254-6'),('8861028','부계중학교','경상북도 군위군 부계면 춘산1길 16'),('8861030','의흥중학교','경상북도 군위군 의흥면 읍내길 89-32'),('8861031','효령중학교','경상북도 군위군 효령면 중리길 6-25'),('8861035','군위중학교우보분교장','경상북도 군위군 우보면 솔밭길 74'),('8871048','금성중학교','경상북도 의성군 금성면 금성현서로 41-66'),('8871049','다인중학교','경상북도 의성군 다인면 서릉2길 27'),('8871051','봉양중학교','경상북도 의성군 봉양면 봉호로 14'),('8871053','안계중학교','경상북도 의성군 안계면 용기5길 23'),('8871055','옥산중학교','경상북도 의성군 옥산면 금봉로 27'),('8871056','의성여자중학교','경상북도 의성군 의성읍 군청길 77'),('8871057','의성중학교','경상북도 의성군 의성읍 구봉길 172'),('8871059','삼성중학교','경상북도 의성군 단북면 도안로 2133'),('8871060','탑리여자중학교','경상북도 의성군 금성면 탑리4길 25-6'),('8871063','경북중부중학교','경상북도 의성군 비안면 이두2길 5'),('8881023','구천중학교','경상북도 청송군 부남면 부남로 523'),('8881024','안덕중학교','경상북도 청송군 안덕면 안덕로 65-3'),('8881025','청송중학교','경상북도 청송군 청송읍 금곡1길 13'),('8881026','현서중학교','경상북도 청송군 현서면 구덕길 74'),('8881027','진보중학교','경상북도 청송군 진보면 진성로 25'),('8881029','진성중학교','경상북도 청송군 진보면 못안길 33'),('8881030','청송여자중학교','경상북도 청송군 청송읍 군청로 69'),('8881031','현동중학교','경상북도 청송군 현동면 청송로 2686'),('8881032','청송중학교부동분교장','경상북도 청송군 부동면 부동로 1011-28'),('8891022','석보중학교','경상북도 영양군 석보면 석보로 572-6'),('8891023','수비중학교','경상북도 영양군 수비면 낙동정맥로 2417'),('8891024','영양중학교','경상북도 영양군 영양읍 중앙로 81'),('8891026','영양여자중학교','경상북도 영양군 영양읍 영양창수로 141'),('8891028','영양중학교입암분교장','경상북도 영양군 입암면 산해1길 9-4'),('8901036','강구중학교','경상북도 영덕군 강구면 신강구1길 45-5'),('8901037','남정중학교','경상북도 영덕군 남정면 진불길 11-27'),('8901038','병곡중학교','경상북도 영덕군 병곡면 병곡길 24-7'),('8901039','영덕중학교','경상북도 영덕군 영덕읍 군청1길 13'),('8901040','영해중학교','경상북도 영덕군 영해면 예주길 135'),('8901041','지품중학교','경상북도 영덕군 지품면 신안1길 33'),('8901042','축산중학교','경상북도 영덕군 축산면 도곡1길 54'),('8901043','영덕여자중학교','경상북도 영덕군 영덕읍 영덕로 206'),('8911039','금천중학교','경상북도 청도군 금천면 선암로 574-11'),('8911040','매전중학교','경상북도 청도군 매전면 동산길 13'),('8911041','풍각중학교','경상북도 청도군 풍각면 헐티로 185'),('8911042','모계중학교','경상북도 청도군 화양읍 청화로 67'),('8911043','이서중학교','경상북도 청도군 이서면 학산1길 22'),('8911044','청도중학교','경상북도 청도군 청도읍 청화로 219-21'),('8921029','고령중학교','경상북도 고령군 대가야읍 가야금길 20'),('8921030','성산중학교','경상북도 고령군 성산면 운성로 877'),('8921031','쌍림중학교','경상북도 고령군 쌍림면 대가야로 659'),('8921032','우곡중학교','경상북도 고령군 우곡면 우곡로 492-19'),('8921033','다산중학교','경상북도 고령군 다산면 다산로 443'),('8921034','고령중학교개진분교장','경상북도 고령군 개진면 오사길 83'),('8931040','벽진중학교','경상북도 성주군 벽진면 수촌5길 49-71'),('8931041','성주중학교','경상북도 성주군 성주읍 주천로 15-18'),('8931042','용암중학교','경상북도 성주군 용암면 상성로 222'),('8931043','초전중학교','경상북도 성주군 초전면 대장길 124'),('8931044','명인중학교','경상북도 성주군 선남면 도성2길 4'),('8931045','성주여자중학교','경상북도 성주군 성주읍 성주여중고길 19'),('8931046','수륜중학교','경상북도 성주군 수륜면 참별로 888'),('8931052','성주중학교가천분교장','경상북도 성주군 가천면 창천5길 13'),('8941061','동명중학교','경상북도 칠곡군 동명면 백송로 797'),('8941062','북삼중학교','경상북도 칠곡군 북삼읍 북삼로 29'),('8941063','석전중학교','경상북도 칠곡군 왜관읍 석전로7길 14'),('8941064','신동중학교','경상북도 칠곡군 지천면 신동로 99'),('8941065','약목중학교','경상북도 칠곡군 약목면 복성8길 20'),('8941066','왜관중학교','경상북도 칠곡군 왜관읍 평장1길 34'),('8941067','인평중학교','경상북도 칠곡군 북삼읍 북삼로 223'),('8941068','장곡중학교','경상북도 칠곡군 석적읍 남중리8길 13'),('8941069','순심여자중학교','경상북도 칠곡군 왜관읍 남부1길 22'),('8941070','순심중학교','경상북도 칠곡군 왜관읍 평장2길 6'),('8941078','석적중학교','경상북도 칠곡군 석적읍 남율로18길 10'),('8951029','감천중학교','경상북도 예천군 감천면 충효로 1429'),('8951030','예천여자중학교','경상북도 예천군 예천읍 양궁로 53'),('8951031','예천중학교','경상북도 예천군 예천읍 예천중앞길 7'),('8951032','용궁중학교','경상북도 예천군 용궁면 읍부1길 33'),('8951033','용문중학교','경상북도 예천군 용문면 상금시장길 45-2'),('8951034','지보중학교','경상북도 예천군 지보면 지보로 167-7'),('8951035','풍양중학교','경상북도 예천군 풍양면 낙상1길 94'),('8951036','대창중학교','경상북도 예천군 예천읍 대창학교길 33'),('8951037','은풍중학교','경상북도 예천군 은풍면 도효자로 1114-26'),('8961048','물야중학교','경상북도 봉화군 물야면 오록4길 11'),('8961050','봉화중학교','경상북도 봉화군 봉화읍 내성로 138'),('8961052','석포중학교','경상북도 봉화군 석포면 석포로 226-1'),('8961053','소천중학교','경상북도 봉화군 소천면 소천로 1237'),('8961055','춘양중학교','경상북도 봉화군 춘양면 서원촌길 8-14'),('8961056','춘양중학교서벽분교장','경상북도 봉화군 춘양면 춘양로 1490'),('8961061','청량중학교','경상북도 봉화군 명호면 양지마을길 14'),('8971045','기성중학교','경상북도 울진군 기성면 기성본길 58-5'),('8971046','매화중학교','경상북도 울진군 매화면 매화1길 71-6'),('8971047','부구중학교','경상북도 울진군 북면 상흥부1길 6-15'),('8971048','온정중학교','경상북도 울진군 온정면 온정학교길 61'),('8971049','울진중학교','경상북도 울진군 울진읍 연호로 39'),('8971050','죽변중학교','경상북도 울진군 죽변면 죽변4길 19'),('8971052','평해중학교','경상북도 울진군 평해읍 평해7길 61-3'),('8971053','후포중학교','경상북도 울진군 후포면 후포로 41'),('8981025','울릉중학교','경상북도 울릉군 울릉읍 사동2길 219'),('9022115','경원중학교','경상남도 창원시 성산구 두대로 195'),('9022116','광려중학교','경상남도 창원시 마산회원구 내서읍 광려로 108'),('9022120','구암중학교','경상남도 창원시 마산회원구 구암북11길 26'),('9022121','남산중학교','경상남도 창원시 성산구 가음정로 157'),('9022122','내서중학교','경상남도 창원시 마산회원구 내서읍 광려천서로 35'),('9022123','대방중학교','경상남도 창원시 성산구 가양로 133'),('9022124','도계중학교','경상남도 창원시 의창구 원이대로56번길 19-15'),('9022125','동진여자중학교','경상남도 창원시 진해구 진해대로982번길 26'),('9022126','동진중학교','경상남도 창원시 진해구 덕산로46번길 25'),('9022127','마산동중학교','경상남도 창원시 마산회원구 회원북7길 40'),('9022128','마산무학여자중학교','경상남도 창원시 마산회원구 회원동33길 17-1'),('9022129','마산삼진중학교','경상남도 창원시 마산합포구 진동면 성산길 51'),('9022130','마산서중학교','경남 창원시 마산합포구 월영남로 6'),('9022131','마산여자중학교','경상남도 창원시 마산회원구 무학로 587'),('9022132','마산의신여자중학교','경상남도 창원시 마산합포구 천하장사로 21'),('9022133','마산제일여자중학교','경상남도 창원시 마산합포구 고운로 65'),('9022134','마산중앙중학교','경상남도 창원시 마산회원구 학교단지로 53-1'),('9022135','마산중학교','경상남도 창원시 마산합포구 심온길 49'),('9022136','명곡여자중학교','경상남도 창원시 의창구 우곡로159번길 32'),('9022137','명서중학교','경상남도 창원시 의창구 명지로 54'),('9022138','반림중학교','경상남도 창원시 성산구 외동반림로 237'),('9022139','반송여자중학교','경상남도 창원시 성산구 반송로 168'),('9022140','반송중학교','경상남도 창원시 성산구 반송로 182 '),('9022141','봉곡중학교','경상남도 창원시 의창구 봉곡로23번길 6'),('9022142','봉림중학교','경상남도 창원시 의창구 사림로16번길 15'),('9022143','사파중학교','경상남도 창원시 성산구 신사로 155'),('9022144','삼계중학교','경상남도 창원시 마산회원구 내서읍 삼계9길 40'),('9022145','삼정자중학교','경상남도 창원시 성산구 외리로34번길 32'),('9022146','석동중학교','경상남도 창원시 진해구 석동로 40'),('9022147','성지여자중학교','경남 창원시 마산합포구 완월남로 20'),('9022148','신월중학교','경상남도 창원시 성산구 신월로37번길 12'),('9022149','안골포중학교','경상남도 창원시 진해구 안청남로 29'),('9022150','안남중학교','경상남도 창원시 성산구 창이대로899번길 13'),('9022151','안민중학교','경상남도 창원시 성산구 안민로160번길 11'),('9022152','양곡중학교','경상남도 창원시 성산구 신촌로134번길 12'),('9022153','양덕여자중학교','경상남도 창원시 마산회원구 학교단지로 21'),('9022154','양덕중학교','경상남도 창원시 마산회원구 학교단지로 47'),('9022155','용원중학교','경상남도 창원시 진해구 용원로77번길 16'),('9022156','웅남중학교','경상남도 창원시 성산구 단정로98번길 8'),('9022157','웅동중학교','경상남도 창원시 진해구 남의로116번길 50'),('9022158','진전중학교','경상남도 창원시 마산합포구 진전면 월안로 23'),('9022159','진해남중학교','경남 창원시 진해구 병암북로 9'),('9022160','진해여자중학교','경상남도 창원시 진해구 여좌남로 25'),('9022161','진해중학교','경상남도 창원시 진해구 여좌로 98'),('9022162','창덕중학교','경상남도 창원시 의창구 동읍 의창대로900번길 12'),('9022163','창북중학교','경상남도 창원시 의창구 북면 무동서로 8'),('9022164','창신중학교','경상남도 창원시 마산회원구 봉암북7길 11'),('9022165','창원남중학교','경상남도 창원시 성산구 창원대로 813'),('9022166','창원대산중학교','경상남도 창원시 의창구 대산면 진산대로 380'),('9022167','창원동중학교','경상남도 창원시 의창구 동읍로 189'),('9022168','창원상남중학교','경상남도 창원시 성산구 동산로55번길 9'),('9022169','창원여자중학교','경상남도 창원시 의창구 팔용로 487'),('9022170','창원중앙중학교','경상남도 창원시 성산구 반지로3번길 14'),('9022171','창원중학교','경상남도 창원시 의창구 도계로107번길 10'),('9022172','토월중학교','경상남도 창원시 성산구 원이대로 687'),('9022173','팔룡중학교','경상남도 창원시 의창구 사화로104번길 3'),('9022174','합포여자중학교','경상남도 창원시 마산회원구 회성남11길 27'),('9022175','합포중학교','경상남도 창원시 마산합포구 산호남10길 18'),('9022176','해운중학교','경상남도 창원시 마산합포구 월영동남로 16-1'),('9022177','호계중학교','경상남도 창원시 마산회원구 내서읍 호계본동로 107'),('9022442','감계중학교','경상남도 창원시 의창구 북면 감계로 220'),('9022447','진해냉천중학교','경상남도 창원시 진해구 냉천로 219'),('9022466','구산중학교','경상남도 창원시 마산합포구 현동9길 23'),('9022467','진해신항중학교','경상남도 창원시 진해구 신항동로 161'),('9022469','구산중학교구남분교장','경상남도 창원시 마산합포구 구산면 이순신로 7'),('9022485','웅천중학교','경상남도 창원시 진해구 웅천동로'),('9051048','개양중학교','경상남도 진주시 동부로 27'),('9051049','경해여자중학교','경상남도 진주시 남강로29번길 30-6'),('9051050','금곡중학교','경상남도 진주시 금곡면 월아산로 255'),('9051051','대곡중학교','경상남도 진주시 소호로 8'),('9051052','대아중학교','경상남도 진주시 서장대로185번길 14'),('9051053','명석중학교','경상남도 진주시 명석면 광제산로12번길 8'),('9051054','문산중학교','경상남도 진주시 충의로 68'),('9051055','반성중학교','경상남도 진주시 사봉면 동부로 1917'),('9051056','삼현여자중학교','경남 진주시 돗골로 115'),('9051057','지수중학교','경상남도 진주시 지수면 용봉로 7'),('9051058','진명여자중학교','경상남도 진주시 남강로1413번길 34'),('9051059','진서중학교','경상남도 진주시 수곡면 옥수로 625'),('9051060','진주남중학교','경상남도 진주시 진주대로 900'),('9051061','진주동명중학교','경상남도 진주시 대신로 454-25'),('9051062','진주동중학교','경상남도 진주시 금산면 중천로 42'),('9051063','진주봉원중학교','경상남도 진주시 진주성로 169'),('9051064','진주여자중학교','경상남도 진주시 평거로 195'),('9051065','진주제일중학교','경상남도 진주시 평거로 60'),('9051066','진주중앙중학교','경상남도 진주시 모덕로 287'),('9051067','진주중학교','경상남도 진주시 의곡길 15'),('9051144','선인국제중학교','경상남도 진주시 대곡면 월암로 341'),('9071038','도산중학교','경상남도 통영시 도산면 도산일주로 34'),('9071039','사량중학교','경상남도 통영시 사량면 진촌1길 72'),('9071040','산양중학교','경상남도 통영시 산양읍 산양중앙로 47'),('9071041','욕지중학교','경상남도 통영시 욕지면 중촌길 121'),('9071042','충무여자중학교','경상남도 통영시 평인일주로 75'),('9071043','충무중학교','경상남도 통영시 평인일주로 65'),('9071044','통영여자중학교','경상남도 통영시 도리1길 45'),('9071045','통영중앙중학교','경상남도 통영시 무전3길 23-10'),('9071046','통영중학교','경상남도 통영시 봉수로 25'),('9071047','한산중학교','경상남도 통영시 한산면 한산일주로 850-2'),('9071048','충렬여자중학교','경상남도 통영시 용남면 견내량로 70'),('9071087','동원중학교','경상남도 통영시 광도면 용호로 12-29'),('9081030','곤양중학교','경상남도 사천시 곤양면 광포만로 21'),('9081031','사천중학교','경상남도 사천시 사천읍 동문로 20'),('9081032','삼천포제일중학교','경상남도 사천시 상강청길 34'),('9081033','삼천포중앙여자중학교','경상남도 사천시 삼상로 147'),('9081034','서포중학교','경상남도 사천시 서포면 서포로 293-6'),('9081035','곤명중학교','경상남도 사천시 곤명면 송림길 34'),('9081036','남양중학교','경상남도 사천시 진삼로 147'),('9081037','사천여자중학교','경상남도 사천시 정동면 서당길 32'),('9081038','삼천포여자중학교','경상남도 사천시 강청길 58-19'),('9081039','삼천포중학교','경상남도 사천시 벌리6길 77'),('9081040','용남중학교','경상남도 사천시 용현면 선진길 24'),('9091062','가야중학교','경상남도 김해시 경원로 95'),('9091063','관동중학교','경상남도 김해시 덕정로 77'),('9091064','구산중학교','경상남도 김해시 구산로5번길 31'),('9091065','김해대곡중학교','경상남도 김해시 활천로 195-35'),('9091066','김해대동중학교','경상남도 김해시 대동면 동남로49번길 14'),('9091067','김해삼계중학교','경상남도 김해시 가야로38번길 40'),('9091068','김해서중학교','경상남도 김해시 주촌면 선지로45번길 24'),('9091069','김해여자중학교','경상남도 김해시 구지로 127'),('9091070','김해중학교','경상남도 김해시 호계로 456'),('9091071','내덕중학교','경상남도 김해시 내덕로 80'),('9091072','내동중학교','경상남도 김해시 평전로 135'),('9091073','능동중학교','경상남도 김해시 번화1로123번길 34-14'),('9091074','봉명중학교','경상남도 김해시 분성로134번길 40'),('9091075','분성중학교','경상남도 김해시 삼계로 199'),('9091076','삼정중학교','경상남도 김해시 인제로51번길 32'),('9091077','생림중학교','경상남도 김해시 생림면 마사로 106'),('9091078','신어중학교','경상남도 김해시 삼안로195번길 7'),('9091079','영운중학교','경상남도 김해시 인제로284번길 49'),('9091080','월산중학교','경상남도 김해시 월산로 104'),('9091081','율하중학교','경상남도 김해시 율하1로 39'),('9091082','임호중학교','경상남도 김해시 내외로 117'),('9091084','진영중학교','경상남도 김해시 진영읍 장등로 29'),('9091085','한얼중학교','경상남도 김해시 진영읍 진영로265번길 9-8'),('9091086','활천중학교','경상남도 김해시 분성로 707'),('9091087','경운중학교','경상남도 김해시 우암로 62'),('9091088','김해중앙여자중학교','경상남도 김해시 분성로376번길 21-22'),('9091089','장유중학교','경상남도 김해시 장유로 420'),('9091090','진례중학교','경상남도 김해시 진례면 송현로 77-7'),('9091091','한림중학교','경상남도 김해시 한림면 한림로365번길 33'),('9091177','대청중학교','경상남도 김해시 번화1로 8'),('9091210','수남중학교','경상남도 김해시 율하2로 197'),('9091226','김해모산중학교','경상남도 김해시 율하5로 75'),('9091233','진영장등중학교','경상남도 김해시 진영읍 장등로 120'),('9101028','무안중학교','경상남도 밀양시 무안면 사명로 617-18'),('9101029','밀양여자중학교','경상남도 밀양시 삼문강변로 2'),('9101030','밀양중학교','경상남도 밀양시 삼문중앙로4길 19'),('9101035','동국대학교사범대학부속홍제중학교','경상남도 밀양시 단장면 표충로 106'),('9101036','동명중학교','경상남도 밀양시 하남읍 동명길 14'),('9101037','밀성여자중학교','경상남도 밀양시 밀성로 17'),('9101038','밀성중학교','경상남도 밀양시 석정로 127'),('9101039','밀양동강중학교','경상남도 밀양시 산내면 송백2길 26'),('9101040','삼랑진중학교','경상남도 밀양시 삼랑진읍 만어로 16'),('9101041','세종중학교','경상남도 밀양시 가곡8길 28'),('9101076','미리벌중학교','경상남도 밀양시 청도면 창밀로 2232'),('9111043','거제고현중학교','경상남도 거제시 거제중앙로7길 19'),('9111044','거제제일중학교','경상남도 거제시 거제면 읍내로13길 12'),('9111045','거제중앙중학교','경상남도 거제시 중곡로2길 51'),('9111046','계룡중학교','경상남도 거제시 고현로14길 37'),('9111047','동부중학교','경상남도 거제시 동부면 동부로 28-6'),('9111048','성포중학교','경상남도 거제시 사등면 가조로 46'),('9111049','수월중학교','경상남도 거제시 해명로 70'),('9111050','신현중학교','경상남도 거제시 서문로1길 17'),('9111051','연초중학교','경상남도 거제시 연초면 죽토양지1길 26'),('9111052','옥포성지중학교','경상남도 거제시 거제대로 3699'),('9111053','옥포중학교','경상남도 거제시 옥포대첩로 99'),('9111054','지세포중학교','경상남도 거제시 일운면 지세포3길 3'),('9111055','하청중학교','경상남도 거제시 하청면 서리1길 5'),('9111056','거제중학교','경상남도 거제시 아주로3길 61'),('9111057','둔덕중학교','경상남도 거제시 둔덕면 하둔3길 7-3'),('9111058','외포중학교','경상남도 거제시 장목면 옥포대첩로 942'),('9111059','장목중학교','경상남도 거제시 장목면 옥포대첩로1595-8'),('9111060','해성중학교','경상남도 거제시 두모길 4-2'),('9111117','거제장평중학교','경상남도 거제시 장평4로 40'),('9121018','신반중학교','경상남도 의령군 부림면 한지28길 18-12'),('9121019','의령중학교','경상남도 의령군 의령읍 충익로4길 11'),('9121020','의령여자중학교','경상남도 의령군 가례면 의병로 67'),('9121021','정곡중학교','경상남도 의령군 정곡면 의합대로 1061-6'),('9121022','지정중학교','경상남도 의령군 지정면 마산로 81-14'),('9131026','함안중학교','경상남도 함안군 가야읍 함안대로 632'),('9131027','호암중학교','경상남도 함안군 칠원읍 호암길 29'),('9131028','군북중학교','경상남도 함안군 군북면 사군로 1570'),('9131029','대산중학교','경상남도 함안군 대산면 대산중앙로 102-2'),('9131030','칠성중학교','경상남도 함안군 칠서면 삼칠로 1303'),('9131031','칠원중학교','경상남도 함안군 칠서면 삼칠로 281'),('9131032','함성중학교','경상남도 함안군 함안면 함안대로 105-2'),('9131033','함안여자중학교','경상남도 함안군 가야읍 고분길 107'),('9141025','부곡중학교','경상남도 창녕군 부곡면 부곡로 101-32'),('9141026','영산중학교','경상남도 창녕군 영산면 영산계성로 87'),('9141027','창녕중학교','경상남도 창녕군 창녕읍 남창녕로 48'),('9141028','남지여자중학교','경상남도 창녕군 남지읍 낙동로 403-14'),('9141029','남지중학교','경상남도 창녕군 남지읍 낙동로 411-5'),('9141030','대성중학교','경상남도 창녕군 대합면 신안길 17'),('9141031','성산중학교','경상남도 창녕군 성산면 창한로 175'),('9141032','신창여자중학교','경상남도 창녕군 창녕읍 서재골길 7'),('9141033','창녕여자중학교','경상남도 창녕군 창녕읍 화왕산로 72'),('9141034','창녕옥야중학교','경상남도 창녕군 이방면 이방로 943-15'),('9151038','범어중학교','경상남도 양산시 물금읍 범어로 14'),('9151039','삼성중학교','경상남도 양산시 북정중앙로 19'),('9151040','서창중학교','경상남도 양산시 대운9길 8'),('9151041','신주중학교','경상남도 양산시 물금읍 신주로 21'),('9151042','양산중앙중학교','경상남도 양산시 양주로 21'),('9151043','양산중학교','경상남도 양산시 북안북12길 7'),('9151044','양주중학교','경상남도 양산시 상북면 양주마을2길 18'),('9151045','웅상여자중학교','경상남도 양산시 배움터길 72'),('9151046','웅상중학교','경상남도 양산시 배움터길 48'),('9151047','원동중학교','경상남도 양산시 원동면 원동로 1654'),('9151048','개운중학교','경상남도 양산시 서창로 144'),('9151049','물금동아중학교','경상남도 양산시 물금읍 청운로 46'),('9151050','보광중학교','경상남도 양산시 하북면 신평로 46'),('9151051','양산여자중학교','경상남도 양산시 교동1길 23'),('9151141','물금중학교','경상남도 양산시 물금읍 새실로 39'),('9151151','금오중학교','경상남도 양산시 동면 금오16길 97'),('9161024','고성동중학교','경상남도 고성군 거류면 당동1길 59-14'),('9161025','고성여자중학교','경상남도 고성군 고성읍 동외로195번길 10-3'),('9161026','고성중학교','경상남도 고성군 고성읍 송학고분로 117'),('9161028','동해중학교','경상남도 고성군 동해면 동해로 1613'),('9161030','영천중학교','경상남도 고성군 영오면 영회로 511'),('9161032','회화중학교','경상남도 고성군 회화면 배둔서길 42-35'),('9161033','철성중학교','경상남도 고성군 고성읍 대가로 36'),('9161056','소가야중학교','경상남도 고성군 삼산면 삼봉2길 51'),('9171021','남해여자중학교','경상남도 남해군 남해읍 망운로21번가길 24-56'),('9171022','남해중학교','경상남도 남해군 남해읍 화전로78번길 29'),('9171024','미조중학교','경상남도 남해군 미조면 미송로2번길 73-8'),('9171025','설천중학교','경상남도 남해군 설천면 설천로 678'),('9171026','상주중학교','경상남도 남해군 상주면 남해대로 651'),('9171027','이동중학교','경상남도 남해군 이동면 무림로 46-2'),('9171028','창선중학교','경상남도 남해군 창선면 창선로 97-12'),('9171029','해성중학교','경상남도 남해군 남면 남면로1835번길 8-4'),('9171045','꽃내중학교','경상남도 남해군 삼동면 동부대로 1316'),('9181024','금남중학교','경상남도 하동군 금남면 섬진강대로 656-7'),('9181025','악양중학교','경상남도 하동군 악양면 신흥길 20'),('9181027','옥종중학교','경상남도 하동군 옥종면 옥종중앙길 35'),('9181029','진교중학교','경상남도 하동군 진교면 민다리길 168'),('9181030','청암중학교','경상남도 하동군 청암면 청학로 718-15'),('9181031','하동중앙중학교','경상남도 하동군 하동읍 연화길 77'),('9181032','화개중학교','경상남도 하동군 화개면 화개로 142'),('9181034','하동중학교','경상남도 하동군 하동읍 송림1길 32'),('9181071','한다사중학교','경상남도 하동군 양보면 진양로 1097'),('9191020','단성중학교','경상남도 산청군 단성면 강누방목로 2'),('9191021','덕산중학교','경상남도 산청군 시천면 남명로159번길 1'),('9191022','산청중학교','경상남도 산청군 산청읍 웅석봉로86번길 9-8'),('9191025','신등중학교','경상남도 산청군 신등면 신등가회로 125'),('9201018','마천중학교','경상남도 함양군 마천면 마천삼정로 108'),('9201019','서상중학교','경상남도 함양군 서상면 서상로 232-1'),('9201020','수동중학교','경상남도 함양군 수동면 수동내동길 19'),('9201021','함양여자중학교','경상남도 함양군 함양읍 함양여중길 18-9'),('9201022','함양중학교','경상남도 함양군 함양읍 함양배움길 11'),('9201023','안의중학교','경상남도 함양군 안의면 거함대로 1654'),('9211021','가조중학교','경상남도 거창군 가조면 가조가야로 1101-23'),('9211022','거창여자중학교','경상남도 거창군 거창읍 죽전4길 39'),('9211023','거창중학교','경상남도 거창군 거창읍 동동6길 9'),('9211024','거창중학교고제분교장','경상남도 거창군 고제면 고제로 48'),('9211027','웅양중학교','경상남도 거창군 웅양면 원촌3길 39-13'),('9211029','거창대성중학교','경상남도 거창군 거창읍 성산길 1'),('9211030','샛별중학교','경상남도 거창군 거창읍 죽전4길 92'),('9211031','혜성여자중학교','경상남도 거창군 거창읍 상동8길 15'),('9211051','거창덕유중학교','경상남도 거창군 위천면 화리골1길 56'),('9221025','삼가중학교','경상남도 합천군 삼가면 삼가로 364'),('9221027','야로중학교','경상남도 합천군 야로면 구정묵촌길 14'),('9221028','초계중학교','경상남도 합천군 초계면 초계중앙로 83'),('9221029','합천중학교','경상남도 합천군 합천읍 동서로 140'),('9221030','가회중학교','경상남도 합천군 가회면 황매산로 62'),('9221031','대병중학교','경상남도 합천군 대병면 신성동길 53-16'),('9221032','묘산중학교','경상남도 합천군 묘산면 묘산로 157-70'),('9221033','합천여자중학교','경상남도 합천군 합천읍 남정길 25-5'),('9221035','해인중학교','경상남도 합천군 가야면 가조가야로 2871'),('9296011','제주제일중학교','제주특별자치도 제주시 남광로 33'),('9296012','제주중앙중학교','제주특별자치도 제주시 선덕로5길 37'),('9296013','제주중앙여자중학교','제주특별자치도 제주시 서사로11길 8'),('9296014','제주동여자중학교','제주특별자치도 제주시 천수로 24'),('9296015','제주동중학교','제주특별자치도 제주시 동화로 12-1'),('9296016','제주서중학교','제주특별자치도 제주시 일주서로 7811'),('9296017','아라중학교','제주특별자치도 제주시 간월동로 30'),('9296018','한라중학교','제주특별자치도 제주시 과원북2길 24'),('9296019','신엄중학교','제주특별자치도 제주시 애월읍 일주서로 6711'),('9296020','애월중학교','제주특별자치도 제주시 애월읍 애월로15길 8'),('9296021','한림중학교','제주특별자치도 제주시 한림읍 명월성로 21'),('9296022','한림여자중학교','제주특별자치도 제주시 한림읍 한림로 604'),('9296023','고산중학교','제주특별자치도 제주시 한경면 용고로 70'),('9296024','저청중학교','제주특별자치도 제주시 한경면 중산간서로 3590'),('9296025','신창중학교','제주특별자치도 제주시 한경면 두신로 72'),('9296026','조천중학교','제주특별자치도 제주시 조천읍 신북로 31'),('9296027','함덕중학교','제주특별자치도 제주시 조천읍 일주동로 1234'),('9296028','김녕중학교','제주특별자치도 제주시 구좌읍 김녕로 118-20'),('9296029','세화중학교','제주특별자치도 제주시 구좌읍 일주동로 3132'),('9296030','우도중학교','제주특별자치도 제주시 우도면 우도로 156-11'),('9296031','추자중학교','제주특별자치도 제주시 추자면 신양3길 15'),('9296032','오현중학교','제주특별자치도 제주시 일주동로 101'),('9296033','제주중학교','제주특별자치도 제주시 서문로 47'),('9296034','신성여자중학교','제주특별자치도 제주시 아봉로 174-5'),('9296035','제주여자중학교','제주특별자치도 제주시 구산로 50'),('9296036','귀일중학교','제주특별자치도 제주시 애월읍 항몽로 44'),('9296174','탐라중학교','제주특별자치도 제주시 신설로 56'),('9296185','노형중학교','제주특별자치도 제주시 노형1길 28'),('9296197','오름중학교','제주특별자치도 제주시 화삼북로 110'),('9299009','서귀포중학교','제주특별자치도 서귀포시 태평로 474'),('9299010','서귀포여자중학교','제주특별자치도 서귀포시 일주동로 8820'),('9299011','서귀중앙여자중학교','제주특별자치도 서귀포시 중앙로 120'),('9299012','효돈중학교','제주특별자치도 서귀포시 효돈로 207'),('9299013','중문중학교','제주특별자치도 서귀포시 천제연로232번길 10'),('9299014','서귀포대신중학교','제주특별자치도 서귀포시 신중로 13번길 15'),('9299015','성산중학교','제주특별자치도 서귀포시 성산읍 일주동로 4316'),('9299016','표선중학교','제주특별자치도 서귀포시 표선면 표선중앙로 31'),('9299017','남원중학교','제주특별자치도 서귀포시 남원읍 남한로 36'),('9299018','위미중학교','제주특별자치도 서귀포시 남원읍 위미상원북로 34'),('9299019','안덕중학교','제주특별자치도 서귀포시 안덕면 화순로 74'),('9299020','대정중학교','제주특별자치도 서귀포시 대정읍 비행장로 18'),('9299021','무릉중학교','제주특별자치도 서귀포시 대정읍 서삼중로 106'),('9299022','신산중학교','제주특별자치도 서귀포시 성산읍 일주동로 5104'),('9299023','남주중학교','제주특별자치도 서귀포시 동홍로303번길 14'),('9300045','조치원중학교','세종특별자치시  조치원읍 대첩로 90'),('9300047','연동중학교','세종특별자치시  연동면 내판로 10-13'),('9300048','연서중학교','세종특별자치시  연서면 연서로 115'),('9300049','금호중학교','세종특별자치시  대평로 27'),('9300050','전의중학교','세종특별자치시  전의면 운주산로 1260-6'),('9300051','장기중학교','세종특별자치시  장군면 장척로 359'),('9300052','부강중학교','세종특별자치시  부강면 부강로 25-7'),('9300053','한솔중학교','세종특별자치시  나리로 43'),('9300106','도담중학교','세종특별자치시  보람로 80'),('9300116','아름중학교','세종특별자치시  달빛1로 167'),('9300123','새롬중학교','세종특별자치시  어울로 41'),('9300173','두루중학교','세종특별자치시  만남로 211'),('9300174','고운중학교','세종특별자치시  만남로 65'),('9300175','양지중학교','세종특별자치시  갈매로 512'),('9300176','종촌중학교','세종특별자치시  도움1로 126'),('9300195','소담중학교','세종특별자치시  남세종로 340'),('9300201','어진중학교','세종특별자치시  다솜로 10'),('9300215','새움중학교','세종특별자치시  다정서로 12'),('9300216','새뜸중학교','세종특별자치시  새롬중앙로 62-12'),('9300217','보람중학교','세종특별자치시  남세종로 423'),('9300218','글벗중학교','세종특별자치시  소담4로 33'),('9300227','다정중학교','세종특별자치시  다정서로 52'),('9300238','반곡중학교','세종특별자치시  시청대로 480'),('9300269','해밀중학교','세종특별자치시 해밀2로 6'),('9300286','나성중학교','세종특별자치시  갈매로 298'),('9300305','세종중학교 ','세종특별자치시  조치원읍 새내로 160'),('9300311','집현중학교','세종특별자치시  집현서로 42');
/*!40000 ALTER TABLE `accounts_schoolinfo` ENABLE KEYS */;
UNLOCK TABLES;
/*!40103 SET TIME_ZONE=@OLD_TIME_ZONE */;

/*!40101 SET SQL_MODE=@OLD_SQL_MODE */;
/*!40014 SET FOREIGN_KEY_CHECKS=@OLD_FOREIGN_KEY_CHECKS */;
/*!40014 SET UNIQUE_CHECKS=@OLD_UNIQUE_CHECKS */;
/*!40101 SET CHARACTER_SET_CLIENT=@OLD_CHARACTER_SET_CLIENT */;
/*!40101 SET CHARACTER_SET_RESULTS=@OLD_CHARACTER_SET_RESULTS */;
/*!40101 SET COLLATION_CONNECTION=@OLD_COLLATION_CONNECTION */;
/*!40111 SET SQL_NOTES=@OLD_SQL_NOTES */;

-- Dump completed on 2022-08-19 10:03:06
-- MySQL dump 10.13  Distrib 8.0.28, for Win64 (x86_64)
--
-- Host: 3.36.69.192    Database: educolab
-- ------------------------------------------------------
-- Server version	8.0.30-0ubuntu0.20.04.2

/*!40101 SET @OLD_CHARACTER_SET_CLIENT=@@CHARACTER_SET_CLIENT */;
/*!40101 SET @OLD_CHARACTER_SET_RESULTS=@@CHARACTER_SET_RESULTS */;
/*!40101 SET @OLD_COLLATION_CONNECTION=@@COLLATION_CONNECTION */;
/*!50503 SET NAMES utf8 */;
/*!40103 SET @OLD_TIME_ZONE=@@TIME_ZONE */;
/*!40103 SET TIME_ZONE='+00:00' */;
/*!40014 SET @OLD_UNIQUE_CHECKS=@@UNIQUE_CHECKS, UNIQUE_CHECKS=0 */;
/*!40014 SET @OLD_FOREIGN_KEY_CHECKS=@@FOREIGN_KEY_CHECKS, FOREIGN_KEY_CHECKS=0 */;
/*!40101 SET @OLD_SQL_MODE=@@SQL_MODE, SQL_MODE='NO_AUTO_VALUE_ON_ZERO' */;
/*!40111 SET @OLD_SQL_NOTES=@@SQL_NOTES, SQL_NOTES=0 */;

--
-- Table structure for table `accounts_userinfo_own_title`
--

DROP TABLE IF EXISTS `accounts_userinfo_own_title`;
/*!40101 SET @saved_cs_client     = @@character_set_client */;
/*!50503 SET character_set_client = utf8mb4 */;
CREATE TABLE `accounts_userinfo_own_title` (
  `id` bigint NOT NULL AUTO_INCREMENT,
  `userinfo_id` varchar(20) NOT NULL,
  `ptitle_id` bigint NOT NULL,
  PRIMARY KEY (`id`),
  UNIQUE KEY `accounts_userinfo_own_title_userinfo_id_title_id_b55ebc22_uniq` (`userinfo_id`,`ptitle_id`),
  KEY `accounts_userinfo_ow_ptitle_id_6f8ab53d_fk_pointshop` (`ptitle_id`),
  CONSTRAINT `accounts_userinfo_ow_ptitle_id_6f8ab53d_fk_pointshop` FOREIGN KEY (`ptitle_id`) REFERENCES `pointshop_ptitle` (`id`),
  CONSTRAINT `accounts_userinfo_ow_userinfo_id_31914d49_fk_accounts_` FOREIGN KEY (`userinfo_id`) REFERENCES `accounts_userinfo` (`username`)
) ENGINE=InnoDB AUTO_INCREMENT=15 DEFAULT CHARSET=utf8mb4 COLLATE=utf8mb4_0900_ai_ci;
/*!40101 SET character_set_client = @saved_cs_client */;

--
-- Dumping data for table `accounts_userinfo_own_title`
--

LOCK TABLES `accounts_userinfo_own_title` WRITE;
/*!40000 ALTER TABLE `accounts_userinfo_own_title` DISABLE KEYS */;
INSERT INTO `accounts_userinfo_own_title` VALUES (12,'consultant_stu',7),(13,'consultant_stu',8),(9,'Ejddb2252',8),(6,'stu01',1),(1,'stu01',2),(5,'stu01',3),(7,'stu01',7),(8,'stu01',8),(14,'stu04',1),(11,'stu05',4),(10,'stu05',7);
/*!40000 ALTER TABLE `accounts_userinfo_own_title` ENABLE KEYS */;
UNLOCK TABLES;
/*!40103 SET TIME_ZONE=@OLD_TIME_ZONE */;

/*!40101 SET SQL_MODE=@OLD_SQL_MODE */;
/*!40014 SET FOREIGN_KEY_CHECKS=@OLD_FOREIGN_KEY_CHECKS */;
/*!40014 SET UNIQUE_CHECKS=@OLD_UNIQUE_CHECKS */;
/*!40101 SET CHARACTER_SET_CLIENT=@OLD_CHARACTER_SET_CLIENT */;
/*!40101 SET CHARACTER_SET_RESULTS=@OLD_CHARACTER_SET_RESULTS */;
/*!40101 SET COLLATION_CONNECTION=@OLD_COLLATION_CONNECTION */;
/*!40111 SET SQL_NOTES=@OLD_SQL_NOTES */;

-- Dump completed on 2022-08-19 10:03:19

-- MySQL dump 10.13  Distrib 8.0.28, for Win64 (x86_64)
--
-- Host: 3.36.69.192    Database: educolab
-- ------------------------------------------------------
-- Server version	8.0.30-0ubuntu0.20.04.2

/*!40101 SET @OLD_CHARACTER_SET_CLIENT=@@CHARACTER_SET_CLIENT */;
/*!40101 SET @OLD_CHARACTER_SET_RESULTS=@@CHARACTER_SET_RESULTS */;
/*!40101 SET @OLD_COLLATION_CONNECTION=@@COLLATION_CONNECTION */;
/*!50503 SET NAMES utf8 */;
/*!40103 SET @OLD_TIME_ZONE=@@TIME_ZONE */;
/*!40103 SET TIME_ZONE='+00:00' */;
/*!40014 SET @OLD_UNIQUE_CHECKS=@@UNIQUE_CHECKS, UNIQUE_CHECKS=0 */;
/*!40014 SET @OLD_FOREIGN_KEY_CHECKS=@@FOREIGN_KEY_CHECKS, FOREIGN_KEY_CHECKS=0 */;
/*!40101 SET @OLD_SQL_MODE=@@SQL_MODE, SQL_MODE='NO_AUTO_VALUE_ON_ZERO' */;
/*!40111 SET @OLD_SQL_NOTES=@@SQL_NOTES, SQL_NOTES=0 */;

--
-- Table structure for table `accounts_userinfo`
--

DROP TABLE IF EXISTS `accounts_userinfo`;
/*!40101 SET @saved_cs_client     = @@character_set_client */;
/*!50503 SET character_set_client = utf8mb4 */;
CREATE TABLE `accounts_userinfo` (
  `password` varchar(128) NOT NULL,
  `last_login` datetime(6) DEFAULT NULL,
  `is_superuser` tinyint(1) NOT NULL,
  `first_name` varchar(150) NOT NULL,
  `last_name` varchar(150) NOT NULL,
  `email` varchar(254) NOT NULL,
  `is_staff` tinyint(1) NOT NULL,
  `is_active` tinyint(1) NOT NULL,
  `date_joined` datetime(6) NOT NULL,
  `username` varchar(20) NOT NULL,
  `userflag` tinyint(1) NOT NULL,
  `name` varchar(30) NOT NULL,
  `birthday` date NOT NULL,
  `phone_number` varchar(11) NOT NULL,
  `grade` int DEFAULT NULL,
  `class_field` int DEFAULT NULL,
  `subject` varchar(20) DEFAULT NULL,
  `homeroom_teacher_flag` int DEFAULT NULL,
  `plus_point` int NOT NULL,
  `minus_point` int NOT NULL,
  `profil` varchar(100) NOT NULL,
  `school` varchar(7) NOT NULL,
  `acc_point` int DEFAULT NULL,
  `wear_title_id` bigint DEFAULT NULL,
  `wear_icon_id` bigint DEFAULT NULL,
  PRIMARY KEY (`username`),
  KEY `accounts_userinfo_school_1667a02f_fk_accounts_schoolinfo_code` (`school`),
  KEY `accounts_userinfo_wear_title_id_09fcb635_fk_pointshop_ptitle_id` (`wear_title_id`),
  KEY `accounts_userinfo_wear_icon_id_1f36bb7c_fk_pointshop_icon_id` (`wear_icon_id`),
  CONSTRAINT `accounts_userinfo_school_1667a02f_fk_accounts_schoolinfo_code` FOREIGN KEY (`school`) REFERENCES `accounts_schoolinfo` (`code`),
  CONSTRAINT `accounts_userinfo_wear_icon_id_1f36bb7c_fk_pointshop_icon_id` FOREIGN KEY (`wear_icon_id`) REFERENCES `pointshop_icon` (`id`),
  CONSTRAINT `accounts_userinfo_wear_title_id_09fcb635_fk_pointshop_ptitle_id` FOREIGN KEY (`wear_title_id`) REFERENCES `pointshop_ptitle` (`id`)
) ENGINE=InnoDB DEFAULT CHARSET=utf8mb4 COLLATE=utf8mb4_0900_ai_ci;
/*!40101 SET character_set_client = @saved_cs_client */;

--
-- Dumping data for table `accounts_userinfo`
--

LOCK TABLES `accounts_userinfo` WRITE;
/*!40000 ALTER TABLE `accounts_userinfo` DISABLE KEYS */;
INSERT INTO `accounts_userinfo` VALUES ('pbkdf2_sha256$260000$GLGFzhDLAichhbh8J1xSm7$KKiOZmIh3D+t2NcMogDOri7CbqnSve47RLzTMn1IcE8=','2022-08-18 06:03:25.894802',0,'','','test523@test.com',0,1,'2022-08-18 06:03:25.681061','coach_stu',0,'김동유','2008-03-12','01089435424',1,5,NULL,NULL,0,-10,'accounts/profils/profile1.jpg','7003850',80,NULL,22),('pbkdf2_sha256$260000$gYXhnU6E7Cln9jXkWxaU8t$sv4ZwQ59vF8XrTj+m9aLFCEEBzC9zvNjwnZKOrsg2so=','2022-08-18 05:29:26.420209',0,'','','coach_teach@gmail.com',0,1,'2022-08-18 05:29:26.209065','coach_teach',1,'하현서','2000-06-16','01012345678',NULL,NULL,'국어',0,0,0,'accounts/profils/profile1.jpg','7003850',0,NULL,NULL),('pbkdf2_sha256$260000$uvEgM8u7xohbMDoUjSRi38$GgapyAcvBxWF6GT7MBZ2pfiRGzPcEaoByVUfV65FAsA=','2022-08-18 05:38:50.687329',0,'','','consultant_stu@gmail.com',0,1,'2022-08-18 05:38:50.475780','consultant_stu',0,'김성준','2008-05-07','01012344321',1,5,NULL,NULL,10,0,'accounts/profils/game01_98_4dZl6gG.jpg','7003850',50,8,14),('pbkdf2_sha256$260000$YrJ2JXigOcwq0qUuOSDcDs$QwOU0UDFbk8adNc764+M88Fue2yzs4Lfwj6MVzIInzQ=','2022-08-18 05:37:52.872407',0,'','','consultant_teach@gmail.com',0,1,'2022-08-18 05:37:52.660963','consultant_teach',1,'김성준','1972-01-01','01012341234',1,5,'수학',1,0,0,'accounts/profils/profile1.jpg','7003850',0,NULL,NULL),('pbkdf2_sha256$260000$gVdyWtdhcMFOTkiyBwPkaT$8fQsRoQ9OgMqnl0KkL/cknfVKHvP+7BpA9AruDaaUXs=','2022-08-03 02:06:41.179615',0,'','','pubhan35@gmail.com',0,1,'2022-08-03 02:06:40.829824','dkdlel',0,'나원경','2008-01-01','93840974023',1,5,NULL,NULL,500,0,'accounts/profils/profile1.jpg','7391151',0,NULL,NULL),('pbkdf2_sha256$260000$8LzchKG9psmzWyZ6GSXCHs$BbpllKqTfvqZxG8Z5ATZbcKJxV1fvuWs24uWigReZ3U=','2022-08-09 03:42:30.141310',0,'','','ehddb2252@gmail.com',0,1,'2022-08-09 03:42:29.926585','ehddb2252',1,'김동유','1995-02-19','01000000000',NULL,NULL,'수학',0,0,0,'accounts/profils/profile1.jpg','7003850',0,NULL,NULL),('pbkdf2_sha256$260000$n2RyoKzfUknVQKYxU1dcuu$M2W0tbDbrCrxmXew9c7AKoZlZDIFvBLzFD3DmDmdvBc=','2022-08-09 03:45:40.712376',0,'','','ehddb2252@naver.com',0,1,'2022-08-09 03:45:40.501830','Ejddb2252',0,'김동유','2008-01-01','01000000000',1,5,NULL,NULL,0,-10,'accounts/profils/profile1.jpg','7003850',0,NULL,NULL),('pbkdf2_sha256$260000$wU71l2EtEuZNBBuSzSXjZ0$o1yHBvQVEogJ/Bxff7YinT64u0XASP7rvMZ3/LP4nFY=','2022-08-16 19:35:36.966691',0,'','','h5282000@naver.com',0,1,'2022-08-16 19:35:36.728421','h5282000',1,'마동탁','1972-01-01','01011234123',NULL,NULL,'기술가정',NULL,0,0,'accounts/profils/profile1.jpg','7003850',0,NULL,NULL),('pbkdf2_sha256$260000$NijnTwMjgMLqjXtBcLnSbE$ERdrKirrsKTmMQJATnIwU1ga8O4qlW7Wqs7P0Veg8EE=','2022-08-18 19:48:11.479522',0,'','','gkswlstjdwkd@naver.com',0,1,'2022-08-18 19:48:11.261216','h5282001',0,'한진상','2008-01-16','01012341234',1,5,NULL,NULL,0,0,'accounts/profils/profile1.jpg','7003850',0,NULL,NULL),('pbkdf2_sha256$260000$FrzLi6ax5wgvBJJ2yz2tER$/U/sxKqqGRqurBfbZtfzEaiY4WQmxIX8STPyKCavTX0=','2022-08-18 05:56:06.447273',0,'','','tekjhs8@teha.com',0,1,'2022-08-18 05:56:06.235318','onefourone',0,'이사일','2008-11-11','01087357321',1,4,NULL,NULL,0,0,'accounts/profils/profile1.jpg','7003850',0,NULL,NULL),('pbkdf2_sha256$260000$jFfuKZ77KEmjwtxEe6DOFV$5Uo3O+nuI0pwMwimxKKpcqu+WgrUHkKVDcev0Q3mC1Y=','2022-08-18 06:01:24.858687',0,'','','teas2@test.com',0,1,'2022-08-18 06:01:24.648169','onefourtwo',0,'이사이','2008-05-05','01034841215',1,4,NULL,NULL,0,0,'accounts/profils/profile1.jpg','7003850',0,NULL,NULL),('pbkdf2_sha256$260000$JLmFsWYGzF3SeHvXltBKZl$fCTmgzKUoVEQ1yP/wh3IIBp2KHlH8QY8+OTEpbLqNwk=','2022-08-18 05:52:36.087920',0,'','','test2@test.com',0,1,'2022-08-18 05:52:35.871996','onethreeone',0,'이일삼','2008-01-03','01012345678',1,3,NULL,NULL,0,0,'accounts/profils/profile1.jpg','7003850',0,NULL,NULL),('pbkdf2_sha256$260000$sG7ku4SQzRlux8jPOyhDYz$+gD7XFl+cP4gh0IAh9zL2Okx+0nkagn2wXdl8WFOxoo=','2022-08-18 05:55:03.007502',0,'','','testi82@test.com',0,1,'2022-08-18 05:55:02.793012','onethreeth',0,'이삼삼','2008-06-16','01083524832',1,3,NULL,NULL,0,0,'accounts/profils/profile1.jpg','7003850',0,NULL,NULL),('pbkdf2_sha256$260000$QPYrfJLIgXrpiosOMXK8FW$PaBcTJN1qRQ3v9wxCCQO1xqnhvmZe2AOuGV8K6gx9F4=','2022-08-18 05:53:53.302934',0,'','','test52@gmail.com',0,1,'2022-08-18 05:53:53.092983','onethreetwo',0,'이삼일','2008-07-02','01012567821',1,3,NULL,NULL,0,0,'accounts/profils/profile1.jpg','7003850',0,NULL,NULL),('pbkdf2_sha256$260000$1rMQSa3FGMToCvQb6JQ14T$p2L8IL/LEUZvKPwSB73AeX0nwWviTRXz+AFiKNVO/D0=','2022-08-17 10:45:08.540736',0,'','','test@test.com',0,1,'2022-08-17 10:45:08.326350','sal0203',0,'홍찬기','2008-07-02','01090255890',1,5,NULL,NULL,0,0,'accounts/profils/profile1.jpg','7561008',0,NULL,NULL),('pbkdf2_sha256$260000$tbFWV7Az4HiezaFybQ1EEL$cEIcIhj9/8P3rjbVnIJWGW5oUYYC5gAzvzkEKciLUBQ=','2022-08-02 04:35:03.828430',0,'','','stu01@stu3.co.kr',0,1,'2022-08-02 04:35:03.525762','stu01',0,'여동준','2008-01-10','01012341234',1,5,NULL,NULL,55,-6,'accounts/profils/cat3.png','7003850',745,3,2),('pbkdf2_sha256$260000$pu0PSVrqKeqoc3wii9ium9$WvPJDHEr6ukcGkVe3+8nQu4oXNyVv2ygcMw0H/IJIxg=','2022-08-02 04:35:12.293311',0,'','','stu02@stu.com',0,1,'2022-08-02 04:35:11.996691','stu02',0,'홍찬기','2008-01-01','01012341234',1,5,NULL,NULL,17,-3,'accounts/profils/profile1.jpg','7003850',47,NULL,2),('pbkdf2_sha256$260000$O3T2W1uQpjEpHXroPLOKH7$DmCFOj48/or5C9RoMckJBOiS41VpzusuMwWfsy7JKIM=','2022-08-02 04:35:18.917008',0,'','','stu03@stu.com',0,1,'2022-08-02 04:35:18.632930','stu03',0,'나원경','2008-01-01','01012341234',1,5,NULL,NULL,500,-3,'accounts/profils/profile1.jpg','7003850',35,NULL,2),('pbkdf2_sha256$260000$2cGapqCc7FUk8XEu9NxdwI$LFh54Y86c1JaX2yvuFiMVuPgX2ItQ/jm+Hc0ugqAdNw=','2022-08-02 04:35:41.631244',0,'','','stu04@stu.com',0,1,'2022-08-02 04:35:41.349927','stu04',0,'정석호','2008-01-01','01012341234',1,5,NULL,NULL,370,0,'accounts/profils/이미지파일.jpg','7003850',0,1,24),('pbkdf2_sha256$260000$XeEpzyQDDWaTqsrUrJkJ1Y$7e0Xl9E9rtxg7EXoNM9zJKKQ1FkvjUfHPPnzn78GAk0=','2022-08-02 15:00:03.192353',0,'','','stu05@stu.com',0,1,'2022-08-02 15:00:02.918079','stu05',0,'한진성','1988-01-01','01012341234',1,5,NULL,NULL,290,-1,'accounts/profils/game01_98_9hcWqtY.jpg','7003850',0,4,NULL),('pbkdf2_sha256$260000$GmYswTlD79m6Mpa9kIZQbB$jvyrEuNCuqR0LPpdj0u87qaOkf5DmzNjIyHL/KmyWpQ=','2022-08-02 16:43:51.906314',0,'','','stu06@stu.com',0,1,'2022-08-02 16:43:51.621261','stu06',0,'학생6','2008-01-01','01012341234',1,5,NULL,NULL,0,-1,'accounts/profils/profile1.jpg','7003850',0,NULL,NULL),('pbkdf2_sha256$260000$XatVDwCJx73F7jhi46ivPa$a7U7f682BeFPVoJKxWK2lM47M2WZ5XKQUDzFVnvlO/4=','2022-08-07 19:28:19.684666',0,'','','stu07@stu.com',0,1,'2022-08-07 19:28:19.411606','stu07',0,'학생7','2008-01-01','01012341234',1,5,NULL,NULL,0,-1,'accounts/profils/profile1.jpg','7003850',0,NULL,NULL),('pbkdf2_sha256$260000$SlMsnqXyMfNbgz2Uwzgy00$76Aq4n0vpPquPFy2SemKh99ysfyvGkq65DwjrZrQVSk=','2022-08-07 19:36:02.168224',0,'','','stu08@stu.com',0,1,'2022-08-07 19:36:01.877296','stu08',0,'학생8','2008-01-01','01012341234',1,5,NULL,NULL,2,-1,'accounts/profils/profile1.jpg','7003850',2,NULL,NULL),('pbkdf2_sha256$260000$CXXGE9opwwjrAzI5WsOUcH$mjeZ/E5l1NpflXq50eBC+WJr3pGZPVqfW6mcMoiglzs=','2022-08-18 04:23:54.022800',0,'','','h5282001@naver.com',0,1,'2022-08-18 04:23:53.807530','teacher00',1,'한진성','1997-05-28','01012341234',NULL,NULL,'국어',NULL,500,0,'accounts/profils/profile1.jpg','7003850',0,NULL,NULL),('pbkdf2_sha256$260000$TGvqhTHGCofFGEV4zA7c3H$OydAXe42AcM4WgWLxy+KgdjPp4z8QbnmvPu+a0VMnrU=','2022-08-02 04:42:49.481585',0,'','','teacher01@stu2.com',0,1,'2022-08-02 04:42:49.230238','teacher01',1,'마동석','1988-01-07','01058741234',NULL,NULL,'기술가정',0,0,0,'accounts/profils/game01_67.gif','7003850',0,NULL,NULL),('pbkdf2_sha256$260000$tOZK7u33bBNndk02DLgJvi$NKSmC8ElhTG9c2Zux+irF+a7/5ZFHrp7TzPDNZV+H8I=','2022-08-02 04:41:44.563532',0,'','','teacher02@stu.com',0,1,'2022-08-02 04:41:44.313743','teacher02',1,'선생2','2008-01-01','01012341234',NULL,NULL,NULL,0,0,0,'accounts/profils/profile1.jpg','7003850',0,NULL,NULL),('pbkdf2_sha256$260000$Iv4BucfLyWXOinX4VkahMr$GTZsUXsfx3Qw+ly9BnVW3rlbgFdnFdA0xVBzXm08dAk=','2022-08-04 00:47:01.241512',0,'','','pubhan3@gmail.com',0,1,'2022-08-04 00:47:00.520205','teacher1',1,'나우너경','1972-01-01','45646466767',NULL,NULL,'보건',0,0,0,'accounts/profils/profile1.jpg','7003850',0,NULL,NULL),('pbkdf2_sha256$260000$en82sa9sXS3dfE3KhlROSH$imBE1zzszVevanc7w3WJ0EWhmg3q9IFME0cKFdI46gc=','2022-08-18 14:15:25.845976',0,'','','codepark21@gmail.com',0,1,'2022-08-18 14:15:25.628115','tontonyufriendjyp',1,'톤톤유친구','2008-03-11','01012342344',NULL,NULL,'수학',NULL,0,0,'accounts/profils/profile1.jpg','7003850',0,NULL,NULL);
/*!40000 ALTER TABLE `accounts_userinfo` ENABLE KEYS */;
UNLOCK TABLES;
/*!40103 SET TIME_ZONE=@OLD_TIME_ZONE */;

/*!40101 SET SQL_MODE=@OLD_SQL_MODE */;
/*!40014 SET FOREIGN_KEY_CHECKS=@OLD_FOREIGN_KEY_CHECKS */;
/*!40014 SET UNIQUE_CHECKS=@OLD_UNIQUE_CHECKS */;
/*!40101 SET CHARACTER_SET_CLIENT=@OLD_CHARACTER_SET_CLIENT */;
/*!40101 SET CHARACTER_SET_RESULTS=@OLD_CHARACTER_SET_RESULTS */;
/*!40101 SET COLLATION_CONNECTION=@OLD_COLLATION_CONNECTION */;
/*!40111 SET SQL_NOTES=@OLD_SQL_NOTES */;

-- Dump completed on 2022-08-19 10:03:12

-- MySQL dump 10.13  Distrib 8.0.28, for Win64 (x86_64)
--
-- Host: 3.36.69.192    Database: educolab
-- ------------------------------------------------------
-- Server version	8.0.30-0ubuntu0.20.04.2

/*!40101 SET @OLD_CHARACTER_SET_CLIENT=@@CHARACTER_SET_CLIENT */;
/*!40101 SET @OLD_CHARACTER_SET_RESULTS=@@CHARACTER_SET_RESULTS */;
/*!40101 SET @OLD_COLLATION_CONNECTION=@@COLLATION_CONNECTION */;
/*!50503 SET NAMES utf8 */;
/*!40103 SET @OLD_TIME_ZONE=@@TIME_ZONE */;
/*!40103 SET TIME_ZONE='+00:00' */;
/*!40014 SET @OLD_UNIQUE_CHECKS=@@UNIQUE_CHECKS, UNIQUE_CHECKS=0 */;
/*!40014 SET @OLD_FOREIGN_KEY_CHECKS=@@FOREIGN_KEY_CHECKS, FOREIGN_KEY_CHECKS=0 */;
/*!40101 SET @OLD_SQL_MODE=@@SQL_MODE, SQL_MODE='NO_AUTO_VALUE_ON_ZERO' */;
/*!40111 SET @OLD_SQL_NOTES=@@SQL_NOTES, SQL_NOTES=0 */;

--
-- Table structure for table `accounts_userinfo_groups`
--

DROP TABLE IF EXISTS `accounts_userinfo_groups`;
/*!40101 SET @saved_cs_client     = @@character_set_client */;
/*!50503 SET character_set_client = utf8mb4 */;
CREATE TABLE `accounts_userinfo_groups` (
  `id` bigint NOT NULL AUTO_INCREMENT,
  `userinfo_id` varchar(20) NOT NULL,
  `group_id` int NOT NULL,
  PRIMARY KEY (`id`),
  UNIQUE KEY `accounts_userinfo_groups_userinfo_id_group_id_01255cb3_uniq` (`userinfo_id`,`group_id`),
  KEY `accounts_userinfo_groups_group_id_49447a02_fk_auth_group_id` (`group_id`),
  CONSTRAINT `accounts_userinfo_gr_userinfo_id_c54a9ca8_fk_accounts_` FOREIGN KEY (`userinfo_id`) REFERENCES `accounts_userinfo` (`username`),
  CONSTRAINT `accounts_userinfo_groups_group_id_49447a02_fk_auth_group_id` FOREIGN KEY (`group_id`) REFERENCES `auth_group` (`id`)
) ENGINE=InnoDB DEFAULT CHARSET=utf8mb4 COLLATE=utf8mb4_0900_ai_ci;
/*!40101 SET character_set_client = @saved_cs_client */;

--
-- Dumping data for table `accounts_userinfo_groups`
--

LOCK TABLES `accounts_userinfo_groups` WRITE;
/*!40000 ALTER TABLE `accounts_userinfo_groups` DISABLE KEYS */;
/*!40000 ALTER TABLE `accounts_userinfo_groups` ENABLE KEYS */;
UNLOCK TABLES;
/*!40103 SET TIME_ZONE=@OLD_TIME_ZONE */;

/*!40101 SET SQL_MODE=@OLD_SQL_MODE */;
/*!40014 SET FOREIGN_KEY_CHECKS=@OLD_FOREIGN_KEY_CHECKS */;
/*!40014 SET UNIQUE_CHECKS=@OLD_UNIQUE_CHECKS */;
/*!40101 SET CHARACTER_SET_CLIENT=@OLD_CHARACTER_SET_CLIENT */;
/*!40101 SET CHARACTER_SET_RESULTS=@OLD_CHARACTER_SET_RESULTS */;
/*!40101 SET COLLATION_CONNECTION=@OLD_COLLATION_CONNECTION */;
/*!40111 SET SQL_NOTES=@OLD_SQL_NOTES */;

-- Dump completed on 2022-08-19 10:03:20

-- MySQL dump 10.13  Distrib 8.0.28, for Win64 (x86_64)
--
-- Host: 3.36.69.192    Database: educolab
-- ------------------------------------------------------
-- Server version	8.0.30-0ubuntu0.20.04.2

/*!40101 SET @OLD_CHARACTER_SET_CLIENT=@@CHARACTER_SET_CLIENT */;
/*!40101 SET @OLD_CHARACTER_SET_RESULTS=@@CHARACTER_SET_RESULTS */;
/*!40101 SET @OLD_COLLATION_CONNECTION=@@COLLATION_CONNECTION */;
/*!50503 SET NAMES utf8 */;
/*!40103 SET @OLD_TIME_ZONE=@@TIME_ZONE */;
/*!40103 SET TIME_ZONE='+00:00' */;
/*!40014 SET @OLD_UNIQUE_CHECKS=@@UNIQUE_CHECKS, UNIQUE_CHECKS=0 */;
/*!40014 SET @OLD_FOREIGN_KEY_CHECKS=@@FOREIGN_KEY_CHECKS, FOREIGN_KEY_CHECKS=0 */;
/*!40101 SET @OLD_SQL_MODE=@@SQL_MODE, SQL_MODE='NO_AUTO_VALUE_ON_ZERO' */;
/*!40111 SET @OLD_SQL_NOTES=@@SQL_NOTES, SQL_NOTES=0 */;

--
-- Table structure for table `accounts_userinfo_own_icon`
--

DROP TABLE IF EXISTS `accounts_userinfo_own_icon`;
/*!40101 SET @saved_cs_client     = @@character_set_client */;
/*!50503 SET character_set_client = utf8mb4 */;
CREATE TABLE `accounts_userinfo_own_icon` (
  `id` bigint NOT NULL AUTO_INCREMENT,
  `userinfo_id` varchar(20) NOT NULL,
  `icon_id` bigint NOT NULL,
  PRIMARY KEY (`id`),
  UNIQUE KEY `accounts_userinfo_own_icon_userinfo_id_icon_id_832107cf_uniq` (`userinfo_id`,`icon_id`),
  KEY `accounts_userinfo_own_icon_icon_id_398cd05e_fk_pointshop_icon_id` (`icon_id`),
  CONSTRAINT `accounts_userinfo_ow_userinfo_id_bac04494_fk_accounts_` FOREIGN KEY (`userinfo_id`) REFERENCES `accounts_userinfo` (`username`),
  CONSTRAINT `accounts_userinfo_own_icon_icon_id_398cd05e_fk_pointshop_icon_id` FOREIGN KEY (`icon_id`) REFERENCES `pointshop_icon` (`id`)
) ENGINE=InnoDB AUTO_INCREMENT=16 DEFAULT CHARSET=utf8mb4 COLLATE=utf8mb4_0900_ai_ci;
/*!40101 SET character_set_client = @saved_cs_client */;

--
-- Dumping data for table `accounts_userinfo_own_icon`
--

LOCK TABLES `accounts_userinfo_own_icon` WRITE;
/*!40000 ALTER TABLE `accounts_userinfo_own_icon` DISABLE KEYS */;
INSERT INTO `accounts_userinfo_own_icon` VALUES (12,'coach_stu',22),(13,'coach_stu',27),(14,'consultant_stu',14),(1,'stu01',2),(2,'stu01',6),(9,'stu01',8),(3,'stu01',10),(4,'stu01',11),(5,'stu01',14),(6,'stu01',15),(7,'stu01',20),(8,'stu01',28),(11,'stu02',2),(10,'stu03',2),(15,'stu04',24);
/*!40000 ALTER TABLE `accounts_userinfo_own_icon` ENABLE KEYS */;
UNLOCK TABLES;
/*!40103 SET TIME_ZONE=@OLD_TIME_ZONE */;

/*!40101 SET SQL_MODE=@OLD_SQL_MODE */;
/*!40014 SET FOREIGN_KEY_CHECKS=@OLD_FOREIGN_KEY_CHECKS */;
/*!40014 SET UNIQUE_CHECKS=@OLD_UNIQUE_CHECKS */;
/*!40101 SET CHARACTER_SET_CLIENT=@OLD_CHARACTER_SET_CLIENT */;
/*!40101 SET CHARACTER_SET_RESULTS=@OLD_CHARACTER_SET_RESULTS */;
/*!40101 SET COLLATION_CONNECTION=@OLD_COLLATION_CONNECTION */;
/*!40111 SET SQL_NOTES=@OLD_SQL_NOTES */;

-- Dump completed on 2022-08-19 10:03:18

-- MySQL dump 10.13  Distrib 8.0.28, for Win64 (x86_64)
--
-- Host: 3.36.69.192    Database: educolab
-- ------------------------------------------------------
-- Server version	8.0.30-0ubuntu0.20.04.2

/*!40101 SET @OLD_CHARACTER_SET_CLIENT=@@CHARACTER_SET_CLIENT */;
/*!40101 SET @OLD_CHARACTER_SET_RESULTS=@@CHARACTER_SET_RESULTS */;
/*!40101 SET @OLD_COLLATION_CONNECTION=@@COLLATION_CONNECTION */;
/*!50503 SET NAMES utf8 */;
/*!40103 SET @OLD_TIME_ZONE=@@TIME_ZONE */;
/*!40103 SET TIME_ZONE='+00:00' */;
/*!40014 SET @OLD_UNIQUE_CHECKS=@@UNIQUE_CHECKS, UNIQUE_CHECKS=0 */;
/*!40014 SET @OLD_FOREIGN_KEY_CHECKS=@@FOREIGN_KEY_CHECKS, FOREIGN_KEY_CHECKS=0 */;
/*!40101 SET @OLD_SQL_MODE=@@SQL_MODE, SQL_MODE='NO_AUTO_VALUE_ON_ZERO' */;
/*!40111 SET @OLD_SQL_NOTES=@@SQL_NOTES, SQL_NOTES=0 */;

--
-- Table structure for table `auth_group`
--

DROP TABLE IF EXISTS `auth_group`;
/*!40101 SET @saved_cs_client     = @@character_set_client */;
/*!50503 SET character_set_client = utf8mb4 */;
CREATE TABLE `auth_group` (
  `id` int NOT NULL AUTO_INCREMENT,
  `name` varchar(150) NOT NULL,
  PRIMARY KEY (`id`),
  UNIQUE KEY `name` (`name`)
) ENGINE=InnoDB DEFAULT CHARSET=utf8mb4 COLLATE=utf8mb4_0900_ai_ci;
/*!40101 SET character_set_client = @saved_cs_client */;

--
-- Dumping data for table `auth_group`
--

LOCK TABLES `auth_group` WRITE;
/*!40000 ALTER TABLE `auth_group` DISABLE KEYS */;
/*!40000 ALTER TABLE `auth_group` ENABLE KEYS */;
UNLOCK TABLES;
/*!40103 SET TIME_ZONE=@OLD_TIME_ZONE */;

/*!40101 SET SQL_MODE=@OLD_SQL_MODE */;
/*!40014 SET FOREIGN_KEY_CHECKS=@OLD_FOREIGN_KEY_CHECKS */;
/*!40014 SET UNIQUE_CHECKS=@OLD_UNIQUE_CHECKS */;
/*!40101 SET CHARACTER_SET_CLIENT=@OLD_CHARACTER_SET_CLIENT */;
/*!40101 SET CHARACTER_SET_RESULTS=@OLD_CHARACTER_SET_RESULTS */;
/*!40101 SET COLLATION_CONNECTION=@OLD_COLLATION_CONNECTION */;
/*!40111 SET SQL_NOTES=@OLD_SQL_NOTES */;

-- Dump completed on 2022-08-19 10:03:11
-- MySQL dump 10.13  Distrib 8.0.28, for Win64 (x86_64)
--
-- Host: 3.36.69.192    Database: educolab
-- ------------------------------------------------------
-- Server version	8.0.30-0ubuntu0.20.04.2

/*!40101 SET @OLD_CHARACTER_SET_CLIENT=@@CHARACTER_SET_CLIENT */;
/*!40101 SET @OLD_CHARACTER_SET_RESULTS=@@CHARACTER_SET_RESULTS */;
/*!40101 SET @OLD_COLLATION_CONNECTION=@@COLLATION_CONNECTION */;
/*!50503 SET NAMES utf8 */;
/*!40103 SET @OLD_TIME_ZONE=@@TIME_ZONE */;
/*!40103 SET TIME_ZONE='+00:00' */;
/*!40014 SET @OLD_UNIQUE_CHECKS=@@UNIQUE_CHECKS, UNIQUE_CHECKS=0 */;
/*!40014 SET @OLD_FOREIGN_KEY_CHECKS=@@FOREIGN_KEY_CHECKS, FOREIGN_KEY_CHECKS=0 */;
/*!40101 SET @OLD_SQL_MODE=@@SQL_MODE, SQL_MODE='NO_AUTO_VALUE_ON_ZERO' */;
/*!40111 SET @OLD_SQL_NOTES=@@SQL_NOTES, SQL_NOTES=0 */;

--
-- Table structure for table `auth_permission`
--

DROP TABLE IF EXISTS `auth_permission`;
/*!40101 SET @saved_cs_client     = @@character_set_client */;
/*!50503 SET character_set_client = utf8mb4 */;
CREATE TABLE `auth_permission` (
  `id` int NOT NULL AUTO_INCREMENT,
  `name` varchar(255) NOT NULL,
  `content_type_id` int NOT NULL,
  `codename` varchar(100) NOT NULL,
  PRIMARY KEY (`id`),
  UNIQUE KEY `auth_permission_content_type_id_codename_01ab375a_uniq` (`content_type_id`,`codename`),
  CONSTRAINT `auth_permission_content_type_id_2f476e4b_fk_django_co` FOREIGN KEY (`content_type_id`) REFERENCES `django_content_type` (`id`)
) ENGINE=InnoDB AUTO_INCREMENT=141 DEFAULT CHARSET=utf8mb4 COLLATE=utf8mb4_0900_ai_ci;
/*!40101 SET character_set_client = @saved_cs_client */;

--
-- Dumping data for table `auth_permission`
--

LOCK TABLES `auth_permission` WRITE;
/*!40000 ALTER TABLE `auth_permission` DISABLE KEYS */;
INSERT INTO `auth_permission` VALUES (1,'Can add survey list',1,'add_surveylist'),(2,'Can change survey list',1,'change_surveylist'),(3,'Can delete survey list',1,'delete_surveylist'),(4,'Can view survey list',1,'view_surveylist'),(5,'Can add survey questions',2,'add_surveyquestions'),(6,'Can change survey questions',2,'change_surveyquestions'),(7,'Can delete survey questions',2,'delete_surveyquestions'),(8,'Can view survey questions',2,'view_surveyquestions'),(9,'Can add survey questions answer',3,'add_surveyquestionsanswer'),(10,'Can change survey questions answer',3,'change_surveyquestionsanswer'),(11,'Can delete survey questions answer',3,'delete_surveyquestionsanswer'),(12,'Can view survey questions answer',3,'view_surveyquestionsanswer'),(13,'Can add suevey template',4,'add_sueveytemplate'),(14,'Can change suevey template',4,'change_sueveytemplate'),(15,'Can delete suevey template',4,'delete_sueveytemplate'),(16,'Can view suevey template',4,'view_sueveytemplate'),(17,'Can add notice',5,'add_notice'),(18,'Can change notice',5,'change_notice'),(19,'Can delete notice',5,'delete_notice'),(20,'Can view notice',5,'view_notice'),(21,'Can add files',6,'add_files'),(22,'Can change files',6,'change_files'),(23,'Can delete files',6,'delete_files'),(24,'Can view files',6,'view_files'),(25,'Can add school info',7,'add_schoolinfo'),(26,'Can change school info',7,'change_schoolinfo'),(27,'Can delete school info',7,'delete_schoolinfo'),(28,'Can view school info',7,'view_schoolinfo'),(29,'Can add user',8,'add_userinfo'),(30,'Can change user',8,'change_userinfo'),(31,'Can delete user',8,'delete_userinfo'),(32,'Can view user',8,'view_userinfo'),(33,'Can add site',9,'add_site'),(34,'Can change site',9,'change_site'),(35,'Can delete site',9,'delete_site'),(36,'Can view site',9,'view_site'),(37,'Can add social application',10,'add_socialapp'),(38,'Can change social application',10,'change_socialapp'),(39,'Can delete social application',10,'delete_socialapp'),(40,'Can view social application',10,'view_socialapp'),(41,'Can add social account',11,'add_socialaccount'),(42,'Can change social account',11,'change_socialaccount'),(43,'Can delete social account',11,'delete_socialaccount'),(44,'Can view social account',11,'view_socialaccount'),(45,'Can add social application token',12,'add_socialtoken'),(46,'Can change social application token',12,'change_socialtoken'),(47,'Can delete social application token',12,'delete_socialtoken'),(48,'Can view social application token',12,'view_socialtoken'),(49,'Can add email address',13,'add_emailaddress'),(50,'Can change email address',13,'change_emailaddress'),(51,'Can delete email address',13,'delete_emailaddress'),(52,'Can view email address',13,'view_emailaddress'),(53,'Can add email confirmation',14,'add_emailconfirmation'),(54,'Can change email confirmation',14,'change_emailconfirmation'),(55,'Can delete email confirmation',14,'delete_emailconfirmation'),(56,'Can view email confirmation',14,'view_emailconfirmation'),(57,'Can add Token',15,'add_token'),(58,'Can change Token',15,'change_token'),(59,'Can delete Token',15,'delete_token'),(60,'Can view Token',15,'view_token'),(61,'Can add token',16,'add_tokenproxy'),(62,'Can change token',16,'change_tokenproxy'),(63,'Can delete token',16,'delete_tokenproxy'),(64,'Can view token',16,'view_tokenproxy'),(65,'Can add log entry',17,'add_logentry'),(66,'Can change log entry',17,'change_logentry'),(67,'Can delete log entry',17,'delete_logentry'),(68,'Can view log entry',17,'view_logentry'),(69,'Can add permission',18,'add_permission'),(70,'Can change permission',18,'change_permission'),(71,'Can delete permission',18,'delete_permission'),(72,'Can view permission',18,'view_permission'),(73,'Can add group',19,'add_group'),(74,'Can change group',19,'change_group'),(75,'Can delete group',19,'delete_group'),(76,'Can view group',19,'view_group'),(77,'Can add content type',20,'add_contenttype'),(78,'Can change content type',20,'change_contenttype'),(79,'Can delete content type',20,'delete_contenttype'),(80,'Can view content type',20,'view_contenttype'),(81,'Can add session',21,'add_session'),(82,'Can change session',21,'change_session'),(83,'Can delete session',21,'delete_session'),(84,'Can view session',21,'view_session'),(85,'Can add point log',22,'add_pointlog'),(86,'Can change point log',22,'change_pointlog'),(87,'Can delete point log',22,'delete_pointlog'),(88,'Can view point log',22,'view_pointlog'),(89,'Can add student homework',23,'add_studenthomework'),(90,'Can change student homework',23,'change_studenthomework'),(91,'Can delete student homework',23,'delete_studenthomework'),(92,'Can view student homework',23,'view_studenthomework'),(93,'Can add teacher homework',24,'add_teacherhomework'),(94,'Can change teacher homework',24,'change_teacherhomework'),(95,'Can delete teacher homework',24,'delete_teacherhomework'),(96,'Can view teacher homework',24,'view_teacherhomework'),(97,'Can add submit homework',25,'add_submithomework'),(98,'Can change submit homework',25,'change_submithomework'),(99,'Can delete submit homework',25,'delete_submithomework'),(100,'Can view submit homework',25,'view_submithomework'),(101,'Can add files',26,'add_files'),(102,'Can change files',26,'change_files'),(103,'Can delete files',26,'delete_files'),(104,'Can view files',26,'view_files'),(105,'Can add time line',27,'add_timeline'),(106,'Can change time line',27,'change_timeline'),(107,'Can delete time line',27,'delete_timeline'),(108,'Can view time line',27,'view_timeline'),(109,'Can add event',28,'add_event'),(110,'Can change event',28,'change_event'),(111,'Can delete event',28,'delete_event'),(112,'Can view event',28,'view_event'),(113,'Can add quiz list',29,'add_quizlist'),(114,'Can change quiz list',29,'change_quizlist'),(115,'Can delete quiz list',29,'delete_quizlist'),(116,'Can view quiz list',29,'view_quizlist'),(117,'Can add quiz questions',30,'add_quizquestions'),(118,'Can change quiz questions',30,'change_quizquestions'),(119,'Can delete quiz questions',30,'delete_quizquestions'),(120,'Can view quiz questions',30,'view_quizquestions'),(121,'Can add p title',31,'add_ptitle'),(122,'Can change p title',31,'change_ptitle'),(123,'Can delete p title',31,'delete_ptitle'),(124,'Can view p title',31,'view_ptitle'),(125,'Can add icon',32,'add_icon'),(126,'Can change icon',32,'change_icon'),(127,'Can delete icon',32,'delete_icon'),(128,'Can view icon',32,'view_icon'),(129,'Can add quiz room',33,'add_quizroom'),(130,'Can change quiz room',33,'change_quizroom'),(131,'Can delete quiz room',33,'delete_quizroom'),(132,'Can view quiz room',33,'view_quizroom'),(133,'Can add quiz user',34,'add_quizuser'),(134,'Can change quiz user',34,'change_quizuser'),(135,'Can delete quiz user',34,'delete_quizuser'),(136,'Can view quiz user',34,'view_quizuser'),(137,'Can add quiz answer',35,'add_quizanswer'),(138,'Can change quiz answer',35,'change_quizanswer'),(139,'Can delete quiz answer',35,'delete_quizanswer'),(140,'Can view quiz answer',35,'view_quizanswer');
/*!40000 ALTER TABLE `auth_permission` ENABLE KEYS */;
UNLOCK TABLES;
/*!40103 SET TIME_ZONE=@OLD_TIME_ZONE */;

/*!40101 SET SQL_MODE=@OLD_SQL_MODE */;
/*!40014 SET FOREIGN_KEY_CHECKS=@OLD_FOREIGN_KEY_CHECKS */;
/*!40014 SET UNIQUE_CHECKS=@OLD_UNIQUE_CHECKS */;
/*!40101 SET CHARACTER_SET_CLIENT=@OLD_CHARACTER_SET_CLIENT */;
/*!40101 SET CHARACTER_SET_RESULTS=@OLD_CHARACTER_SET_RESULTS */;
/*!40101 SET COLLATION_CONNECTION=@OLD_COLLATION_CONNECTION */;
/*!40111 SET SQL_NOTES=@OLD_SQL_NOTES */;

-- Dump completed on 2022-08-19 10:03:10
-- MySQL dump 10.13  Distrib 8.0.28, for Win64 (x86_64)
--
-- Host: 3.36.69.192    Database: educolab
-- ------------------------------------------------------
-- Server version	8.0.30-0ubuntu0.20.04.2

/*!40101 SET @OLD_CHARACTER_SET_CLIENT=@@CHARACTER_SET_CLIENT */;
/*!40101 SET @OLD_CHARACTER_SET_RESULTS=@@CHARACTER_SET_RESULTS */;
/*!40101 SET @OLD_COLLATION_CONNECTION=@@COLLATION_CONNECTION */;
/*!50503 SET NAMES utf8 */;
/*!40103 SET @OLD_TIME_ZONE=@@TIME_ZONE */;
/*!40103 SET TIME_ZONE='+00:00' */;
/*!40014 SET @OLD_UNIQUE_CHECKS=@@UNIQUE_CHECKS, UNIQUE_CHECKS=0 */;
/*!40014 SET @OLD_FOREIGN_KEY_CHECKS=@@FOREIGN_KEY_CHECKS, FOREIGN_KEY_CHECKS=0 */;
/*!40101 SET @OLD_SQL_MODE=@@SQL_MODE, SQL_MODE='NO_AUTO_VALUE_ON_ZERO' */;
/*!40111 SET @OLD_SQL_NOTES=@@SQL_NOTES, SQL_NOTES=0 */;

--
-- Table structure for table `auth_group_permissions`
--

DROP TABLE IF EXISTS `auth_group_permissions`;
/*!40101 SET @saved_cs_client     = @@character_set_client */;
/*!50503 SET character_set_client = utf8mb4 */;
CREATE TABLE `auth_group_permissions` (
  `id` bigint NOT NULL AUTO_INCREMENT,
  `group_id` int NOT NULL,
  `permission_id` int NOT NULL,
  PRIMARY KEY (`id`),
  UNIQUE KEY `auth_group_permissions_group_id_permission_id_0cd325b0_uniq` (`group_id`,`permission_id`),
  KEY `auth_group_permissio_permission_id_84c5c92e_fk_auth_perm` (`permission_id`),
  CONSTRAINT `auth_group_permissio_permission_id_84c5c92e_fk_auth_perm` FOREIGN KEY (`permission_id`) REFERENCES `auth_permission` (`id`),
  CONSTRAINT `auth_group_permissions_group_id_b120cbf9_fk_auth_group_id` FOREIGN KEY (`group_id`) REFERENCES `auth_group` (`id`)
) ENGINE=InnoDB DEFAULT CHARSET=utf8mb4 COLLATE=utf8mb4_0900_ai_ci;
/*!40101 SET character_set_client = @saved_cs_client */;

--
-- Dumping data for table `auth_group_permissions`
--

LOCK TABLES `auth_group_permissions` WRITE;
/*!40000 ALTER TABLE `auth_group_permissions` DISABLE KEYS */;
/*!40000 ALTER TABLE `auth_group_permissions` ENABLE KEYS */;
UNLOCK TABLES;
/*!40103 SET TIME_ZONE=@OLD_TIME_ZONE */;

/*!40101 SET SQL_MODE=@OLD_SQL_MODE */;
/*!40014 SET FOREIGN_KEY_CHECKS=@OLD_FOREIGN_KEY_CHECKS */;
/*!40014 SET UNIQUE_CHECKS=@OLD_UNIQUE_CHECKS */;
/*!40101 SET CHARACTER_SET_CLIENT=@OLD_CHARACTER_SET_CLIENT */;
/*!40101 SET CHARACTER_SET_RESULTS=@OLD_CHARACTER_SET_RESULTS */;
/*!40101 SET COLLATION_CONNECTION=@OLD_COLLATION_CONNECTION */;
/*!40111 SET SQL_NOTES=@OLD_SQL_NOTES */;

-- Dump completed on 2022-08-19 10:03:05
-- MySQL dump 10.13  Distrib 8.0.28, for Win64 (x86_64)
--
-- Host: 3.36.69.192    Database: educolab
-- ------------------------------------------------------
-- Server version	8.0.30-0ubuntu0.20.04.2

/*!40101 SET @OLD_CHARACTER_SET_CLIENT=@@CHARACTER_SET_CLIENT */;
/*!40101 SET @OLD_CHARACTER_SET_RESULTS=@@CHARACTER_SET_RESULTS */;
/*!40101 SET @OLD_COLLATION_CONNECTION=@@COLLATION_CONNECTION */;
/*!50503 SET NAMES utf8 */;
/*!40103 SET @OLD_TIME_ZONE=@@TIME_ZONE */;
/*!40103 SET TIME_ZONE='+00:00' */;
/*!40014 SET @OLD_UNIQUE_CHECKS=@@UNIQUE_CHECKS, UNIQUE_CHECKS=0 */;
/*!40014 SET @OLD_FOREIGN_KEY_CHECKS=@@FOREIGN_KEY_CHECKS, FOREIGN_KEY_CHECKS=0 */;
/*!40101 SET @OLD_SQL_MODE=@@SQL_MODE, SQL_MODE='NO_AUTO_VALUE_ON_ZERO' */;
/*!40111 SET @OLD_SQL_NOTES=@@SQL_NOTES, SQL_NOTES=0 */;

--
-- Table structure for table `authtoken_token`
--

DROP TABLE IF EXISTS `authtoken_token`;
/*!40101 SET @saved_cs_client     = @@character_set_client */;
/*!50503 SET character_set_client = utf8mb4 */;
CREATE TABLE `authtoken_token` (
  `key` varchar(40) NOT NULL,
  `created` datetime(6) NOT NULL,
  `user_id` varchar(20) NOT NULL,
  PRIMARY KEY (`key`),
  UNIQUE KEY `user_id` (`user_id`),
  CONSTRAINT `authtoken_token_user_id_35299eff_fk_accounts_userinfo_username` FOREIGN KEY (`user_id`) REFERENCES `accounts_userinfo` (`username`)
) ENGINE=InnoDB DEFAULT CHARSET=utf8mb4 COLLATE=utf8mb4_0900_ai_ci;
/*!40101 SET character_set_client = @saved_cs_client */;

--
-- Dumping data for table `authtoken_token`
--

LOCK TABLES `authtoken_token` WRITE;
/*!40000 ALTER TABLE `authtoken_token` DISABLE KEYS */;
/*!40000 ALTER TABLE `authtoken_token` ENABLE KEYS */;
UNLOCK TABLES;
/*!40103 SET TIME_ZONE=@OLD_TIME_ZONE */;

/*!40101 SET SQL_MODE=@OLD_SQL_MODE */;
/*!40014 SET FOREIGN_KEY_CHECKS=@OLD_FOREIGN_KEY_CHECKS */;
/*!40014 SET UNIQUE_CHECKS=@OLD_UNIQUE_CHECKS */;
/*!40101 SET CHARACTER_SET_CLIENT=@OLD_CHARACTER_SET_CLIENT */;
/*!40101 SET CHARACTER_SET_RESULTS=@OLD_CHARACTER_SET_RESULTS */;
/*!40101 SET COLLATION_CONNECTION=@OLD_COLLATION_CONNECTION */;
/*!40111 SET SQL_NOTES=@OLD_SQL_NOTES */;

-- Dump completed on 2022-08-19 10:03:17
-- MySQL dump 10.13  Distrib 8.0.28, for Win64 (x86_64)
--
-- Host: 3.36.69.192    Database: educolab
-- ------------------------------------------------------
-- Server version	8.0.30-0ubuntu0.20.04.2

/*!40101 SET @OLD_CHARACTER_SET_CLIENT=@@CHARACTER_SET_CLIENT */;
/*!40101 SET @OLD_CHARACTER_SET_RESULTS=@@CHARACTER_SET_RESULTS */;
/*!40101 SET @OLD_COLLATION_CONNECTION=@@COLLATION_CONNECTION */;
/*!50503 SET NAMES utf8 */;
/*!40103 SET @OLD_TIME_ZONE=@@TIME_ZONE */;
/*!40103 SET TIME_ZONE='+00:00' */;
/*!40014 SET @OLD_UNIQUE_CHECKS=@@UNIQUE_CHECKS, UNIQUE_CHECKS=0 */;
/*!40014 SET @OLD_FOREIGN_KEY_CHECKS=@@FOREIGN_KEY_CHECKS, FOREIGN_KEY_CHECKS=0 */;
/*!40101 SET @OLD_SQL_MODE=@@SQL_MODE, SQL_MODE='NO_AUTO_VALUE_ON_ZERO' */;
/*!40111 SET @OLD_SQL_NOTES=@@SQL_NOTES, SQL_NOTES=0 */;

--
-- Table structure for table `chat_quizanswer`
--

DROP TABLE IF EXISTS `chat_quizanswer`;
/*!40101 SET @saved_cs_client     = @@character_set_client */;
/*!50503 SET character_set_client = utf8mb4 */;
CREATE TABLE `chat_quizanswer` (
  `id` bigint NOT NULL AUTO_INCREMENT,
  `answerflag` tinyint(1) NOT NULL,
  `question_id` bigint NOT NULL,
  `room_id` int NOT NULL,
  `student_id` varchar(20) NOT NULL,
  `quizuser_id` bigint NOT NULL,
  PRIMARY KEY (`id`),
  KEY `chat_quizanswer_question_id_66250257_fk_quiz_quizquestions_id` (`question_id`),
  KEY `chat_quizanswer_room_id_5dcf2f32_fk_chat_quizroom_roomnum` (`room_id`),
  KEY `chat_quizanswer_student_id_e9dd7467_fk_accounts_` (`student_id`),
  KEY `chat_quizanswer_quizuser_id_b9ccc9ec_fk_chat_quizuser_id` (`quizuser_id`),
  CONSTRAINT `chat_quizanswer_question_id_66250257_fk_quiz_quizquestions_id` FOREIGN KEY (`question_id`) REFERENCES `quiz_quizquestions` (`id`),
  CONSTRAINT `chat_quizanswer_quizuser_id_b9ccc9ec_fk_chat_quizuser_id` FOREIGN KEY (`quizuser_id`) REFERENCES `chat_quizuser` (`id`),
  CONSTRAINT `chat_quizanswer_room_id_5dcf2f32_fk_chat_quizroom_roomnum` FOREIGN KEY (`room_id`) REFERENCES `chat_quizroom` (`roomnum`),
  CONSTRAINT `chat_quizanswer_student_id_e9dd7467_fk_accounts_` FOREIGN KEY (`student_id`) REFERENCES `accounts_userinfo` (`username`)
) ENGINE=InnoDB AUTO_INCREMENT=158 DEFAULT CHARSET=utf8mb4 COLLATE=utf8mb4_0900_ai_ci;
/*!40101 SET character_set_client = @saved_cs_client */;

--
-- Dumping data for table `chat_quizanswer`
--

LOCK TABLES `chat_quizanswer` WRITE;
/*!40000 ALTER TABLE `chat_quizanswer` DISABLE KEYS */;
INSERT INTO `chat_quizanswer` VALUES (156,1,150,71081228,'consultant_stu',990),(157,1,151,71081228,'consultant_stu',990);
/*!40000 ALTER TABLE `chat_quizanswer` ENABLE KEYS */;
UNLOCK TABLES;
/*!40103 SET TIME_ZONE=@OLD_TIME_ZONE */;

/*!40101 SET SQL_MODE=@OLD_SQL_MODE */;
/*!40014 SET FOREIGN_KEY_CHECKS=@OLD_FOREIGN_KEY_CHECKS */;
/*!40014 SET UNIQUE_CHECKS=@OLD_UNIQUE_CHECKS */;
/*!40101 SET CHARACTER_SET_CLIENT=@OLD_CHARACTER_SET_CLIENT */;
/*!40101 SET CHARACTER_SET_RESULTS=@OLD_CHARACTER_SET_RESULTS */;
/*!40101 SET COLLATION_CONNECTION=@OLD_COLLATION_CONNECTION */;
/*!40111 SET SQL_NOTES=@OLD_SQL_NOTES */;

-- Dump completed on 2022-08-19 10:03:17
-- MySQL dump 10.13  Distrib 8.0.28, for Win64 (x86_64)
--
-- Host: 3.36.69.192    Database: educolab
-- ------------------------------------------------------
-- Server version	8.0.30-0ubuntu0.20.04.2

/*!40101 SET @OLD_CHARACTER_SET_CLIENT=@@CHARACTER_SET_CLIENT */;
/*!40101 SET @OLD_CHARACTER_SET_RESULTS=@@CHARACTER_SET_RESULTS */;
/*!40101 SET @OLD_COLLATION_CONNECTION=@@COLLATION_CONNECTION */;
/*!50503 SET NAMES utf8 */;
/*!40103 SET @OLD_TIME_ZONE=@@TIME_ZONE */;
/*!40103 SET TIME_ZONE='+00:00' */;
/*!40014 SET @OLD_UNIQUE_CHECKS=@@UNIQUE_CHECKS, UNIQUE_CHECKS=0 */;
/*!40014 SET @OLD_FOREIGN_KEY_CHECKS=@@FOREIGN_KEY_CHECKS, FOREIGN_KEY_CHECKS=0 */;
/*!40101 SET @OLD_SQL_MODE=@@SQL_MODE, SQL_MODE='NO_AUTO_VALUE_ON_ZERO' */;
/*!40111 SET @OLD_SQL_NOTES=@@SQL_NOTES, SQL_NOTES=0 */;

--
-- Table structure for table `chat_quizroom`
--

DROP TABLE IF EXISTS `chat_quizroom`;
/*!40101 SET @saved_cs_client     = @@character_set_client */;
/*!50503 SET character_set_client = utf8mb4 */;
CREATE TABLE `chat_quizroom` (
  `roomnum` int NOT NULL,
  `quiz_id` bigint NOT NULL,
  `teacher_id` varchar(20) NOT NULL,
  PRIMARY KEY (`roomnum`),
  KEY `chat_quizroom_quiz_id_e1800ed3_fk_quiz_quizlist_id` (`quiz_id`),
  KEY `chat_quizroom_teacher_id_bbf8fdca_fk_accounts_userinfo_username` (`teacher_id`),
  CONSTRAINT `chat_quizroom_quiz_id_e1800ed3_fk_quiz_quizlist_id` FOREIGN KEY (`quiz_id`) REFERENCES `quiz_quizlist` (`id`),
  CONSTRAINT `chat_quizroom_teacher_id_bbf8fdca_fk_accounts_userinfo_username` FOREIGN KEY (`teacher_id`) REFERENCES `accounts_userinfo` (`username`)
) ENGINE=InnoDB DEFAULT CHARSET=utf8mb4 COLLATE=utf8mb4_0900_ai_ci;
/*!40101 SET character_set_client = @saved_cs_client */;

--
-- Dumping data for table `chat_quizroom`
--

LOCK TABLES `chat_quizroom` WRITE;
/*!40000 ALTER TABLE `chat_quizroom` DISABLE KEYS */;
INSERT INTO `chat_quizroom` VALUES (71081228,84,'consultant_teach');
/*!40000 ALTER TABLE `chat_quizroom` ENABLE KEYS */;
UNLOCK TABLES;
/*!40103 SET TIME_ZONE=@OLD_TIME_ZONE */;

/*!40101 SET SQL_MODE=@OLD_SQL_MODE */;
/*!40014 SET FOREIGN_KEY_CHECKS=@OLD_FOREIGN_KEY_CHECKS */;
/*!40014 SET UNIQUE_CHECKS=@OLD_UNIQUE_CHECKS */;
/*!40101 SET CHARACTER_SET_CLIENT=@OLD_CHARACTER_SET_CLIENT */;
/*!40101 SET CHARACTER_SET_RESULTS=@OLD_CHARACTER_SET_RESULTS */;
/*!40101 SET COLLATION_CONNECTION=@OLD_COLLATION_CONNECTION */;
/*!40111 SET SQL_NOTES=@OLD_SQL_NOTES */;

-- Dump completed on 2022-08-19 10:03:12
-- MySQL dump 10.13  Distrib 8.0.28, for Win64 (x86_64)
--
-- Host: 3.36.69.192    Database: educolab
-- ------------------------------------------------------
-- Server version	8.0.30-0ubuntu0.20.04.2

/*!40101 SET @OLD_CHARACTER_SET_CLIENT=@@CHARACTER_SET_CLIENT */;
/*!40101 SET @OLD_CHARACTER_SET_RESULTS=@@CHARACTER_SET_RESULTS */;
/*!40101 SET @OLD_COLLATION_CONNECTION=@@COLLATION_CONNECTION */;
/*!50503 SET NAMES utf8 */;
/*!40103 SET @OLD_TIME_ZONE=@@TIME_ZONE */;
/*!40103 SET TIME_ZONE='+00:00' */;
/*!40014 SET @OLD_UNIQUE_CHECKS=@@UNIQUE_CHECKS, UNIQUE_CHECKS=0 */;
/*!40014 SET @OLD_FOREIGN_KEY_CHECKS=@@FOREIGN_KEY_CHECKS, FOREIGN_KEY_CHECKS=0 */;
/*!40101 SET @OLD_SQL_MODE=@@SQL_MODE, SQL_MODE='NO_AUTO_VALUE_ON_ZERO' */;
/*!40111 SET @OLD_SQL_NOTES=@@SQL_NOTES, SQL_NOTES=0 */;

--
-- Table structure for table `chat_quizuser`
--

DROP TABLE IF EXISTS `chat_quizuser`;
/*!40101 SET @saved_cs_client     = @@character_set_client */;
/*!50503 SET character_set_client = utf8mb4 */;
CREATE TABLE `chat_quizuser` (
  `id` bigint NOT NULL AUTO_INCREMENT,
  `score` int NOT NULL,
  `room_id` int NOT NULL,
  `student_id` varchar(20) NOT NULL,
  PRIMARY KEY (`id`),
  KEY `chat_quizuser_room_id_7ec4747a_fk_chat_quizroom_roomnum` (`room_id`),
  KEY `chat_quizuser_student_id_baeff742_fk_accounts_userinfo_username` (`student_id`),
  CONSTRAINT `chat_quizuser_room_id_7ec4747a_fk_chat_quizroom_roomnum` FOREIGN KEY (`room_id`) REFERENCES `chat_quizroom` (`roomnum`),
  CONSTRAINT `chat_quizuser_student_id_baeff742_fk_accounts_userinfo_username` FOREIGN KEY (`student_id`) REFERENCES `accounts_userinfo` (`username`)
) ENGINE=InnoDB AUTO_INCREMENT=991 DEFAULT CHARSET=utf8mb4 COLLATE=utf8mb4_0900_ai_ci;
/*!40101 SET character_set_client = @saved_cs_client */;

--
-- Dumping data for table `chat_quizuser`
--

LOCK TABLES `chat_quizuser` WRITE;
/*!40000 ALTER TABLE `chat_quizuser` DISABLE KEYS */;
INSERT INTO `chat_quizuser` VALUES (990,200,71081228,'consultant_stu');
/*!40000 ALTER TABLE `chat_quizuser` ENABLE KEYS */;
UNLOCK TABLES;
/*!40103 SET TIME_ZONE=@OLD_TIME_ZONE */;

/*!40101 SET SQL_MODE=@OLD_SQL_MODE */;
/*!40014 SET FOREIGN_KEY_CHECKS=@OLD_FOREIGN_KEY_CHECKS */;
/*!40014 SET UNIQUE_CHECKS=@OLD_UNIQUE_CHECKS */;
/*!40101 SET CHARACTER_SET_CLIENT=@OLD_CHARACTER_SET_CLIENT */;
/*!40101 SET CHARACTER_SET_RESULTS=@OLD_CHARACTER_SET_RESULTS */;
/*!40101 SET COLLATION_CONNECTION=@OLD_COLLATION_CONNECTION */;
/*!40111 SET SQL_NOTES=@OLD_SQL_NOTES */;

-- Dump completed on 2022-08-19 10:03:23
-- MySQL dump 10.13  Distrib 8.0.28, for Win64 (x86_64)
--
-- Host: 3.36.69.192    Database: educolab
-- ------------------------------------------------------
-- Server version	8.0.30-0ubuntu0.20.04.2

/*!40101 SET @OLD_CHARACTER_SET_CLIENT=@@CHARACTER_SET_CLIENT */;
/*!40101 SET @OLD_CHARACTER_SET_RESULTS=@@CHARACTER_SET_RESULTS */;
/*!40101 SET @OLD_COLLATION_CONNECTION=@@COLLATION_CONNECTION */;
/*!50503 SET NAMES utf8 */;
/*!40103 SET @OLD_TIME_ZONE=@@TIME_ZONE */;
/*!40103 SET TIME_ZONE='+00:00' */;
/*!40014 SET @OLD_UNIQUE_CHECKS=@@UNIQUE_CHECKS, UNIQUE_CHECKS=0 */;
/*!40014 SET @OLD_FOREIGN_KEY_CHECKS=@@FOREIGN_KEY_CHECKS, FOREIGN_KEY_CHECKS=0 */;
/*!40101 SET @OLD_SQL_MODE=@@SQL_MODE, SQL_MODE='NO_AUTO_VALUE_ON_ZERO' */;
/*!40111 SET @OLD_SQL_NOTES=@@SQL_NOTES, SQL_NOTES=0 */;

--
-- Table structure for table `django_admin_log`
--

DROP TABLE IF EXISTS `django_admin_log`;
/*!40101 SET @saved_cs_client     = @@character_set_client */;
/*!50503 SET character_set_client = utf8mb4 */;
CREATE TABLE `django_admin_log` (
  `id` int NOT NULL AUTO_INCREMENT,
  `action_time` datetime(6) NOT NULL,
  `object_id` longtext,
  `object_repr` varchar(200) NOT NULL,
  `action_flag` smallint unsigned NOT NULL,
  `change_message` longtext NOT NULL,
  `content_type_id` int DEFAULT NULL,
  `user_id` varchar(20) NOT NULL,
  PRIMARY KEY (`id`),
  KEY `django_admin_log_content_type_id_c4bce8eb_fk_django_co` (`content_type_id`),
  KEY `django_admin_log_user_id_c564eba6_fk_accounts_userinfo_username` (`user_id`),
  CONSTRAINT `django_admin_log_content_type_id_c4bce8eb_fk_django_co` FOREIGN KEY (`content_type_id`) REFERENCES `django_content_type` (`id`),
  CONSTRAINT `django_admin_log_user_id_c564eba6_fk_accounts_userinfo_username` FOREIGN KEY (`user_id`) REFERENCES `accounts_userinfo` (`username`),
  CONSTRAINT `django_admin_log_chk_1` CHECK ((`action_flag` >= 0))
) ENGINE=InnoDB DEFAULT CHARSET=utf8mb4 COLLATE=utf8mb4_0900_ai_ci;
/*!40101 SET character_set_client = @saved_cs_client */;

--
-- Dumping data for table `django_admin_log`
--

LOCK TABLES `django_admin_log` WRITE;
/*!40000 ALTER TABLE `django_admin_log` DISABLE KEYS */;
/*!40000 ALTER TABLE `django_admin_log` ENABLE KEYS */;
UNLOCK TABLES;
/*!40103 SET TIME_ZONE=@OLD_TIME_ZONE */;

/*!40101 SET SQL_MODE=@OLD_SQL_MODE */;
/*!40014 SET FOREIGN_KEY_CHECKS=@OLD_FOREIGN_KEY_CHECKS */;
/*!40014 SET UNIQUE_CHECKS=@OLD_UNIQUE_CHECKS */;
/*!40101 SET CHARACTER_SET_CLIENT=@OLD_CHARACTER_SET_CLIENT */;
/*!40101 SET CHARACTER_SET_RESULTS=@OLD_CHARACTER_SET_RESULTS */;
/*!40101 SET COLLATION_CONNECTION=@OLD_COLLATION_CONNECTION */;
/*!40111 SET SQL_NOTES=@OLD_SQL_NOTES */;

-- Dump completed on 2022-08-19 10:03:09
-- MySQL dump 10.13  Distrib 8.0.28, for Win64 (x86_64)
--
-- Host: 3.36.69.192    Database: educolab
-- ------------------------------------------------------
-- Server version	8.0.30-0ubuntu0.20.04.2

/*!40101 SET @OLD_CHARACTER_SET_CLIENT=@@CHARACTER_SET_CLIENT */;
/*!40101 SET @OLD_CHARACTER_SET_RESULTS=@@CHARACTER_SET_RESULTS */;
/*!40101 SET @OLD_COLLATION_CONNECTION=@@COLLATION_CONNECTION */;
/*!50503 SET NAMES utf8 */;
/*!40103 SET @OLD_TIME_ZONE=@@TIME_ZONE */;
/*!40103 SET TIME_ZONE='+00:00' */;
/*!40014 SET @OLD_UNIQUE_CHECKS=@@UNIQUE_CHECKS, UNIQUE_CHECKS=0 */;
/*!40014 SET @OLD_FOREIGN_KEY_CHECKS=@@FOREIGN_KEY_CHECKS, FOREIGN_KEY_CHECKS=0 */;
/*!40101 SET @OLD_SQL_MODE=@@SQL_MODE, SQL_MODE='NO_AUTO_VALUE_ON_ZERO' */;
/*!40111 SET @OLD_SQL_NOTES=@@SQL_NOTES, SQL_NOTES=0 */;

--
-- Table structure for table `django_content_type`
--

DROP TABLE IF EXISTS `django_content_type`;
/*!40101 SET @saved_cs_client     = @@character_set_client */;
/*!50503 SET character_set_client = utf8mb4 */;
CREATE TABLE `django_content_type` (
  `id` int NOT NULL AUTO_INCREMENT,
  `app_label` varchar(100) NOT NULL,
  `model` varchar(100) NOT NULL,
  PRIMARY KEY (`id`),
  UNIQUE KEY `django_content_type_app_label_model_76bd3d3b_uniq` (`app_label`,`model`)
) ENGINE=InnoDB AUTO_INCREMENT=36 DEFAULT CHARSET=utf8mb4 COLLATE=utf8mb4_0900_ai_ci;
/*!40101 SET character_set_client = @saved_cs_client */;

--
-- Dumping data for table `django_content_type`
--

LOCK TABLES `django_content_type` WRITE;
/*!40000 ALTER TABLE `django_content_type` DISABLE KEYS */;
INSERT INTO `django_content_type` VALUES (13,'account','emailaddress'),(14,'account','emailconfirmation'),(22,'accounts','pointlog'),(7,'accounts','schoolinfo'),(8,'accounts','userinfo'),(17,'admin','logentry'),(11,'allauth','socialaccount'),(10,'allauth','socialapp'),(12,'allauth','socialtoken'),(19,'auth','group'),(18,'auth','permission'),(15,'authtoken','token'),(16,'authtoken','tokenproxy'),(35,'chat','quizanswer'),(33,'chat','quizroom'),(34,'chat','quizuser'),(20,'contenttypes','contenttype'),(26,'homework','files'),(23,'homework','studenthomework'),(25,'homework','submithomework'),(24,'homework','teacherhomework'),(28,'mainpage','event'),(27,'mainpage','timeline'),(6,'notice','files'),(5,'notice','notice'),(32,'pointshop','icon'),(31,'pointshop','ptitle'),(29,'quiz','quizlist'),(30,'quiz','quizquestions'),(21,'sessions','session'),(9,'sites','site'),(4,'survey','sueveytemplate'),(1,'survey','surveylist'),(2,'survey','surveyquestions'),(3,'survey','surveyquestionsanswer');
/*!40000 ALTER TABLE `django_content_type` ENABLE KEYS */;
UNLOCK TABLES;
/*!40103 SET TIME_ZONE=@OLD_TIME_ZONE */;

/*!40101 SET SQL_MODE=@OLD_SQL_MODE */;
/*!40014 SET FOREIGN_KEY_CHECKS=@OLD_FOREIGN_KEY_CHECKS */;
/*!40014 SET UNIQUE_CHECKS=@OLD_UNIQUE_CHECKS */;
/*!40101 SET CHARACTER_SET_CLIENT=@OLD_CHARACTER_SET_CLIENT */;
/*!40101 SET CHARACTER_SET_RESULTS=@OLD_CHARACTER_SET_RESULTS */;
/*!40101 SET COLLATION_CONNECTION=@OLD_COLLATION_CONNECTION */;
/*!40111 SET SQL_NOTES=@OLD_SQL_NOTES */;

-- Dump completed on 2022-08-19 10:03:08
-- MySQL dump 10.13  Distrib 8.0.28, for Win64 (x86_64)
--
-- Host: 3.36.69.192    Database: educolab
-- ------------------------------------------------------
-- Server version	8.0.30-0ubuntu0.20.04.2

/*!40101 SET @OLD_CHARACTER_SET_CLIENT=@@CHARACTER_SET_CLIENT */;
/*!40101 SET @OLD_CHARACTER_SET_RESULTS=@@CHARACTER_SET_RESULTS */;
/*!40101 SET @OLD_COLLATION_CONNECTION=@@COLLATION_CONNECTION */;
/*!50503 SET NAMES utf8 */;
/*!40103 SET @OLD_TIME_ZONE=@@TIME_ZONE */;
/*!40103 SET TIME_ZONE='+00:00' */;
/*!40014 SET @OLD_UNIQUE_CHECKS=@@UNIQUE_CHECKS, UNIQUE_CHECKS=0 */;
/*!40014 SET @OLD_FOREIGN_KEY_CHECKS=@@FOREIGN_KEY_CHECKS, FOREIGN_KEY_CHECKS=0 */;
/*!40101 SET @OLD_SQL_MODE=@@SQL_MODE, SQL_MODE='NO_AUTO_VALUE_ON_ZERO' */;
/*!40111 SET @OLD_SQL_NOTES=@@SQL_NOTES, SQL_NOTES=0 */;

--
-- Table structure for table `django_migrations`
--

DROP TABLE IF EXISTS `django_migrations`;
/*!40101 SET @saved_cs_client     = @@character_set_client */;
/*!50503 SET character_set_client = utf8mb4 */;
CREATE TABLE `django_migrations` (
  `id` bigint NOT NULL AUTO_INCREMENT,
  `app` varchar(255) NOT NULL,
  `name` varchar(255) NOT NULL,
  `applied` datetime(6) NOT NULL,
  PRIMARY KEY (`id`)
) ENGINE=InnoDB AUTO_INCREMENT=104 DEFAULT CHARSET=utf8mb4 COLLATE=utf8mb4_0900_ai_ci;
/*!40101 SET character_set_client = @saved_cs_client */;

--
-- Dumping data for table `django_migrations`
--

LOCK TABLES `django_migrations` WRITE;
/*!40000 ALTER TABLE `django_migrations` DISABLE KEYS */;
INSERT INTO `django_migrations` VALUES (1,'contenttypes','0001_initial','2022-08-02 04:05:57.443987'),(2,'contenttypes','0002_remove_content_type_name','2022-08-02 04:05:57.600716'),(3,'auth','0001_initial','2022-08-02 04:05:58.172332'),(4,'auth','0002_alter_permission_name_max_length','2022-08-02 04:05:58.279101'),(5,'auth','0003_alter_user_email_max_length','2022-08-02 04:05:58.306533'),(6,'auth','0004_alter_user_username_opts','2022-08-02 04:05:58.336898'),(7,'auth','0005_alter_user_last_login_null','2022-08-02 04:05:58.364327'),(8,'auth','0006_require_contenttypes_0002','2022-08-02 04:05:58.387835'),(9,'auth','0007_alter_validators_add_error_messages','2022-08-02 04:05:58.417219'),(10,'auth','0008_alter_user_username_max_length','2022-08-02 04:05:58.446607'),(11,'auth','0009_alter_user_last_name_max_length','2022-08-02 04:05:58.473057'),(12,'auth','0010_alter_group_name_max_length','2022-08-02 04:05:58.528891'),(13,'auth','0011_update_proxy_permissions','2022-08-02 04:05:58.586684'),(14,'auth','0012_alter_user_first_name_max_length','2022-08-02 04:05:58.616070'),(15,'accounts','0001_initial','2022-08-02 04:05:59.633159'),(16,'account','0001_initial','2022-08-02 04:06:00.057310'),(17,'account','0002_email_max_length','2022-08-02 04:06:00.115104'),(18,'accounts','0002_alter_schoolinfo_name','2022-08-02 04:06:00.220896'),(19,'accounts','0003_alter_userinfo_grade','2022-08-02 04:06:00.340403'),(20,'accounts','0004_alter_userinfo_school','2022-08-02 04:06:00.615422'),(21,'admin','0001_initial','2022-08-02 04:06:00.969043'),(22,'admin','0002_logentry_remove_auto_add','2022-08-02 04:06:01.006268'),(23,'admin','0003_logentry_add_action_flag_choices','2022-08-02 04:06:01.041533'),(24,'authtoken','0001_initial','2022-08-02 04:06:01.263803'),(25,'authtoken','0002_auto_20160226_1747','2022-08-02 04:06:01.335867'),(26,'authtoken','0003_tokenproxy','2022-08-02 04:06:01.363296'),(30,'sessions','0001_initial','2022-08-02 04:06:02.183786'),(31,'sites','0001_initial','2022-08-02 04:06:02.272494'),(32,'sites','0002_alter_domain_unique','2022-08-02 04:06:02.329308'),(43,'notice','0001_initial','2022-08-03 07:25:33.032065'),(45,'accounts','0005_auto_20220805_0136','2022-08-04 16:36:52.215408'),(46,'survey','0001_initial','2022-08-04 16:41:25.616502'),(47,'survey','0002_auto_20220805_0136','2022-08-04 16:41:26.433526'),(48,'accounts','0006_pointlog_created_at','2022-08-04 16:44:54.782979'),(49,'survey','0003_remove_surveyquestionsanswer_survey_question_pk','2022-08-04 16:44:54.992144'),(50,'accounts','0007_pointlog_teacher','2022-08-05 01:55:18.127202'),(51,'accounts','0008_alter_userinfo_acc_point','2022-08-05 02:29:39.284161'),(52,'accounts','0005_alter_userinfo_school','2022-08-05 10:29:05.531622'),(53,'accounts','0009_merge_20220805_1928','2022-08-05 10:29:05.557089'),(54,'homework','0001_initial','2022-08-05 10:29:06.709053'),(55,'homework','0002_auto_20220802_1403','2022-08-05 10:29:06.951072'),(56,'homework','0003_auto_20220802_1428','2022-08-05 10:29:07.309863'),(57,'homework','0004_auto_20220802_1445','2022-08-05 10:29:08.237925'),(58,'homework','0005_auto_20220802_1531','2022-08-05 10:29:08.559219'),(59,'homework','0006_auto_20220802_1640','2022-08-05 10:29:08.782558'),(60,'homework','0007_alter_studenthomework_student','2022-08-05 10:29:08.848191'),(61,'homework','0008_auto_20220803_1340','2022-08-05 10:29:08.930471'),(62,'homework','0009_auto_20220803_1453','2022-08-05 10:29:09.296828'),(63,'homework','0010_auto_20220804_0938','2022-08-05 10:29:09.441803'),(64,'homework','0011_studenthomework_teacher','2022-08-05 10:29:09.601471'),(65,'notice','0002_alter_notice_views','2022-08-05 10:29:09.645515'),(66,'notice','0003_auto_20220803_1030','2022-08-05 10:30:55.103290'),(67,'accounts','0009_alter_userinfo_profil','2022-08-07 19:05:43.854424'),(68,'accounts','0010_alter_userinfo_profil','2022-08-07 19:12:30.845950'),(69,'accounts','0011_merge_20220808_1008','2022-08-08 01:08:22.225651'),(70,'mainpage','0001_initial','2022-08-08 01:08:22.691329'),(71,'mainpage','0002_rename_data_event_date','2022-08-08 01:08:22.754906'),(72,'accounts','0012_alter_userinfo_profil','2022-08-08 01:23:05.966322'),(73,'homework','0012_alter_submithomework_student','2022-08-08 01:23:06.019718'),(74,'accounts','0011_merge_20220808_1039','2022-08-08 01:40:06.448428'),(75,'survey','0002_alter_surveyquestionsanswer_question','2022-08-08 01:40:06.720457'),(77,'quiz','0001_initial','2022-08-08 06:56:23.560754'),(78,'accounts','0009_merge_20220808_0128','2022-08-09 05:06:19.416400'),(79,'accounts','0013_merge_20220809_1406','2022-08-09 05:06:19.441407'),(81,'pointshop','0001_initial','2022-08-09 15:17:49.807206'),(82,'accounts','0013_auto_20220809_2338','2022-08-09 15:17:50.258576'),(83,'pointshop','0002_rename_title_ptitle','2022-08-09 15:17:50.895491'),(84,'pointshop','0003_ptitle_content','2022-08-09 15:30:18.299403'),(85,'mainpage','0003_delete_timeline','2022-08-10 06:26:13.415693'),(86,'pointshop','0004_icon','2022-08-10 06:26:13.552496'),(87,'accounts','0014_userinfo_own_icon','2022-08-10 06:47:40.617600'),(88,'homework','0013_submithomework_check_flag','2022-08-10 07:45:17.119481'),(89,'accounts','0014_merge_20220811_1517','2022-08-11 06:18:30.886071'),(95,'accounts','0014_merge_20220812_1817','2022-08-12 09:17:55.721287'),(96,'accounts','0015_userinfo_wear_icon','2022-08-14 12:16:57.746509'),(97,'accounts','0016_merge_20220814_2305','2022-08-14 14:06:05.460120'),(98,'accounts','0017_auto_20220814_2305','2022-08-14 14:06:05.640356'),(99,'chat','0001_initial','2022-08-14 14:08:48.807099'),(100,'chat','0002_quizanswer_quizuser','2022-08-14 14:08:48.997136'),(101,'chat','0003_alter_quizuser_room','2022-08-14 14:08:49.056885'),(102,'accounts','0018_auto_20220816_0006','2022-08-15 15:07:20.901365'),(103,'accounts','0019_pointlog_school','2022-08-17 16:48:49.385591');
/*!40000 ALTER TABLE `django_migrations` ENABLE KEYS */;
UNLOCK TABLES;
/*!40103 SET TIME_ZONE=@OLD_TIME_ZONE */;

/*!40101 SET SQL_MODE=@OLD_SQL_MODE */;
/*!40014 SET FOREIGN_KEY_CHECKS=@OLD_FOREIGN_KEY_CHECKS */;
/*!40014 SET UNIQUE_CHECKS=@OLD_UNIQUE_CHECKS */;
/*!40101 SET CHARACTER_SET_CLIENT=@OLD_CHARACTER_SET_CLIENT */;
/*!40101 SET CHARACTER_SET_RESULTS=@OLD_CHARACTER_SET_RESULTS */;
/*!40101 SET COLLATION_CONNECTION=@OLD_COLLATION_CONNECTION */;
/*!40111 SET SQL_NOTES=@OLD_SQL_NOTES */;

-- Dump completed on 2022-08-19 10:03:11
-- MySQL dump 10.13  Distrib 8.0.28, for Win64 (x86_64)
--
-- Host: 3.36.69.192    Database: educolab
-- ------------------------------------------------------
-- Server version	8.0.30-0ubuntu0.20.04.2

/*!40101 SET @OLD_CHARACTER_SET_CLIENT=@@CHARACTER_SET_CLIENT */;
/*!40101 SET @OLD_CHARACTER_SET_RESULTS=@@CHARACTER_SET_RESULTS */;
/*!40101 SET @OLD_COLLATION_CONNECTION=@@COLLATION_CONNECTION */;
/*!50503 SET NAMES utf8 */;
/*!40103 SET @OLD_TIME_ZONE=@@TIME_ZONE */;
/*!40103 SET TIME_ZONE='+00:00' */;
/*!40014 SET @OLD_UNIQUE_CHECKS=@@UNIQUE_CHECKS, UNIQUE_CHECKS=0 */;
/*!40014 SET @OLD_FOREIGN_KEY_CHECKS=@@FOREIGN_KEY_CHECKS, FOREIGN_KEY_CHECKS=0 */;
/*!40101 SET @OLD_SQL_MODE=@@SQL_MODE, SQL_MODE='NO_AUTO_VALUE_ON_ZERO' */;
/*!40111 SET @OLD_SQL_NOTES=@@SQL_NOTES, SQL_NOTES=0 */;

--
-- Table structure for table `django_site`
--

DROP TABLE IF EXISTS `django_site`;
/*!40101 SET @saved_cs_client     = @@character_set_client */;
/*!50503 SET character_set_client = utf8mb4 */;
CREATE TABLE `django_site` (
  `id` int NOT NULL AUTO_INCREMENT,
  `domain` varchar(100) NOT NULL,
  `name` varchar(50) NOT NULL,
  PRIMARY KEY (`id`),
  UNIQUE KEY `django_site_domain_a2e37b91_uniq` (`domain`)
) ENGINE=InnoDB AUTO_INCREMENT=2 DEFAULT CHARSET=utf8mb4 COLLATE=utf8mb4_0900_ai_ci;
/*!40101 SET character_set_client = @saved_cs_client */;

--
-- Dumping data for table `django_site`
--

LOCK TABLES `django_site` WRITE;
/*!40000 ALTER TABLE `django_site` DISABLE KEYS */;
INSERT INTO `django_site` VALUES (1,'example.com','example.com');
/*!40000 ALTER TABLE `django_site` ENABLE KEYS */;
UNLOCK TABLES;
/*!40103 SET TIME_ZONE=@OLD_TIME_ZONE */;

/*!40101 SET SQL_MODE=@OLD_SQL_MODE */;
/*!40014 SET FOREIGN_KEY_CHECKS=@OLD_FOREIGN_KEY_CHECKS */;
/*!40014 SET UNIQUE_CHECKS=@OLD_UNIQUE_CHECKS */;
/*!40101 SET CHARACTER_SET_CLIENT=@OLD_CHARACTER_SET_CLIENT */;
/*!40101 SET CHARACTER_SET_RESULTS=@OLD_CHARACTER_SET_RESULTS */;
/*!40101 SET COLLATION_CONNECTION=@OLD_COLLATION_CONNECTION */;
/*!40111 SET SQL_NOTES=@OLD_SQL_NOTES */;

-- Dump completed on 2022-08-19 10:03:07
-- MySQL dump 10.13  Distrib 8.0.28, for Win64 (x86_64)
--
-- Host: 3.36.69.192    Database: educolab
-- ------------------------------------------------------
-- Server version	8.0.30-0ubuntu0.20.04.2

/*!40101 SET @OLD_CHARACTER_SET_CLIENT=@@CHARACTER_SET_CLIENT */;
/*!40101 SET @OLD_CHARACTER_SET_RESULTS=@@CHARACTER_SET_RESULTS */;
/*!40101 SET @OLD_COLLATION_CONNECTION=@@COLLATION_CONNECTION */;
/*!50503 SET NAMES utf8 */;
/*!40103 SET @OLD_TIME_ZONE=@@TIME_ZONE */;
/*!40103 SET TIME_ZONE='+00:00' */;
/*!40014 SET @OLD_UNIQUE_CHECKS=@@UNIQUE_CHECKS, UNIQUE_CHECKS=0 */;
/*!40014 SET @OLD_FOREIGN_KEY_CHECKS=@@FOREIGN_KEY_CHECKS, FOREIGN_KEY_CHECKS=0 */;
/*!40101 SET @OLD_SQL_MODE=@@SQL_MODE, SQL_MODE='NO_AUTO_VALUE_ON_ZERO' */;
/*!40111 SET @OLD_SQL_NOTES=@@SQL_NOTES, SQL_NOTES=0 */;

--
-- Table structure for table `django_session`
--

DROP TABLE IF EXISTS `django_session`;
/*!40101 SET @saved_cs_client     = @@character_set_client */;
/*!50503 SET character_set_client = utf8mb4 */;
CREATE TABLE `django_session` (
  `session_key` varchar(40) NOT NULL,
  `session_data` longtext NOT NULL,
  `expire_date` datetime(6) NOT NULL,
  PRIMARY KEY (`session_key`),
  KEY `django_session_expire_date_a5c62663` (`expire_date`)
) ENGINE=InnoDB DEFAULT CHARSET=utf8mb4 COLLATE=utf8mb4_0900_ai_ci;
/*!40101 SET character_set_client = @saved_cs_client */;

--
-- Dumping data for table `django_session`
--

LOCK TABLES `django_session` WRITE;
/*!40000 ALTER TABLE `django_session` DISABLE KEYS */;
INSERT INTO `django_session` VALUES ('04d3e2swt69ka4h4usbog2lgmq4hyje1','.eJxVzLsOwjAMheF3yYyixm3dhBGJkWeIHNshLaiVepkQ7w6VOsD8f-e8TKRtLXFbdI69mLO5DiIJoAVz-m2J-KHjDmSg8T5ZnsZ17pPdiT3qYm-T6PNy2L-DQkv5rh2KR2QHqabcEtTB-Qpdh0zAkBttNHisfKeAGQJVoWbWpJQTZW7EvD-HczrT:1oLGBY:ff0xVg5l5b9Wgis3nfGnXSbNxesdLLbkhBIw6e-3OQg','2022-08-23 03:45:40.723870'),('19y6e7m34ax2jwodj1ys5yekmnmnd8k6','.eJxVzEEOgyAQBdC7sG4ICiK47L5nIAMMFUuxUWlimt69NHFjMqv_358PAefmkjfzxiWGiN7gE2IiQy4pXYiBso2mrLiY6MlAtjnX20tYImY_7S9yMhbco-YV-gnyfaau-iVa-if0aFd6mz2m62FPD0ZYx7q2iFxYgZ6BarlSUvRCyqCUsExYqbnvenBtaBho0TAJUjPVNbpVYINynHx_x59JrA:1oOgIv:_9BDiFMyu1lD3QrL0QToWtQ-FtvdyJalAMlEtKV6QPs','2022-09-01 14:15:25.855133'),('6nz5ubbxsli2w00orh7mlu0ie95fn8p4','.eJxVjEEOwiAQRe_C2pCpZQp16d4zEAYGqRpICqyMd7dNutDtf-_9t7Cut2R75dUuQVxEbR2MOP3u5PyT8w7Dw-V7kb7kti4kd0UetMpbCfy6Hu7fQXI1bbWPoAwSqIAqOh_VPGkGg-5spgEZ54hqI8qjGVEPMTIBjECj5kAeSHy-6U45Zw:1oKm4A:ZcLiWU3AZUHN6a6d1P27nQtmjgst3mU-Kb1BElXt8xE','2022-08-21 19:36:02.307918'),('a5aw8q5kp0kvyihp51m1tx0856aks659','.eJxVjzsOwyAQBe9CHSE-_pEyfc6AFnYJJARLNqSJcvfYkhvXM2-k92Xg_dxKtR9aUkiElt6QMruWlvOFWWg12rbSYhOyK6sEPtIi2Qk58C8qO8cnlMfM_VzqkhzfFX7Qld9npHw73FMgwhq3tRNohp5QSAO9dprMqEcplBpQKIRO9ohDMEFPstMkJlDCOQoOw_bCiI79_mjURl4:1oJP0v:B0JrZrxypw6xZwWADn4jiBRhk4lON6Au7M6k3DE-JiM','2022-08-18 00:47:01.300660'),('adhn5k2ihdreybl2y4d8sm98hm3h1hrk','.eJxVzEEOwiAQheG7sDZkhqFQXLr3DGTogFRNm5R2Zby7NulC19__3ktF3tYat5aXOIo6q9qZ3gCgOv1S4uGRp93lztNt1sM8rcuY9J7oQ5u-zpKfl6P9O6jc6neNYpOxhZEcUpcZC3segIPL5DJKxw6sD0RUEAyDlVRSgVCwT-I9q_cHDFU5qg:1oOlUx:p-D3Gb0av8BuzmNgc4X76VU8NTjIbeQPLacJ6lj7ImU','2022-09-01 19:48:11.526597'),('m055b8xicwkzmnplwufd8nubrzx6em2f','.eJxVzEsOgyAUheG9MG6MoPJw2HnXQC7cS6VSSFQ6abr32saJ4_87583A-1LzZl-0xBAJLT0hJjbmmtKFWajbZOtKi43IRoYzJkrsFBz4mfK_PiDfS-NL3pbomh9pjro2t4KUroc9HUywTvsauDay7RXyoLwUnQvOdAMqrzlJrw0GwlYPkoQLXatUr6XoQUphxK65YJ8v46hEnQ:1oJ3mT:XtpWAJu440JdsmkFyU1WZtqgi7qP-bmEGjjex0OYGfs','2022-08-17 02:06:41.355519'),('plyo6uapus5ge3mt1jm0oj6dlfxmirc8','.eJxVzEsOwiAUheG9MDaE4m0pDp13DYT7QKqmJKWMjHvXJh3o-P_OeakQ25ZDq7KGmdVFUYmUQ92aOv02jPSQZQd8j8utaCrLts6od6KPWvVUWJ7Xw_4d5Fjzdy0ggISWR8-9G4jOKB3YfrTJQu86cTaxR0jRe0-DwWRcMizADCBk1PsDWe48Jg:1oOYcn:kPb-2AE1l045sVLQjr6kGY3JMJeo9NurBgJGLAluIJQ','2022-09-01 06:03:25.904627'),('z83m2oxqxptxkhypuehjgpm9l3til13p','.eJxVjsEOwiAQBf-FsyFtgSo9evcbyLIsgiIkFLwY_92a9NLzzJu8DwPE0nMzb6rRR3KGXhATW3JP6cQM9BZMX6ma6NjCGgEGqoNgB2YBn5T_gntAvheOJbcaLf8rfKcrvxVH6bq7h0CANWzrwQNIjecJ_YjzpCwp8jNIqTQ6IYVA7VGiG-WA23FFI8FFaOXIgpiQ2PcHz9pHtg:1oKN8C:VYuVjdw5ELnp7T40D7ALtdRaJUrLN18uSmzvWDfXTwk','2022-08-20 16:58:32.806998');
/*!40000 ALTER TABLE `django_session` ENABLE KEYS */;
UNLOCK TABLES;
/*!40103 SET TIME_ZONE=@OLD_TIME_ZONE */;

/*!40101 SET SQL_MODE=@OLD_SQL_MODE */;
/*!40014 SET FOREIGN_KEY_CHECKS=@OLD_FOREIGN_KEY_CHECKS */;
/*!40014 SET UNIQUE_CHECKS=@OLD_UNIQUE_CHECKS */;
/*!40101 SET CHARACTER_SET_CLIENT=@OLD_CHARACTER_SET_CLIENT */;
/*!40101 SET CHARACTER_SET_RESULTS=@OLD_CHARACTER_SET_RESULTS */;
/*!40101 SET COLLATION_CONNECTION=@OLD_COLLATION_CONNECTION */;
/*!40111 SET SQL_NOTES=@OLD_SQL_NOTES */;

-- Dump completed on 2022-08-19 10:03:21
-- MySQL dump 10.13  Distrib 8.0.28, for Win64 (x86_64)
--
-- Host: 3.36.69.192    Database: educolab
-- ------------------------------------------------------
-- Server version	8.0.30-0ubuntu0.20.04.2

/*!40101 SET @OLD_CHARACTER_SET_CLIENT=@@CHARACTER_SET_CLIENT */;
/*!40101 SET @OLD_CHARACTER_SET_RESULTS=@@CHARACTER_SET_RESULTS */;
/*!40101 SET @OLD_COLLATION_CONNECTION=@@COLLATION_CONNECTION */;
/*!50503 SET NAMES utf8 */;
/*!40103 SET @OLD_TIME_ZONE=@@TIME_ZONE */;
/*!40103 SET TIME_ZONE='+00:00' */;
/*!40014 SET @OLD_UNIQUE_CHECKS=@@UNIQUE_CHECKS, UNIQUE_CHECKS=0 */;
/*!40014 SET @OLD_FOREIGN_KEY_CHECKS=@@FOREIGN_KEY_CHECKS, FOREIGN_KEY_CHECKS=0 */;
/*!40101 SET @OLD_SQL_MODE=@@SQL_MODE, SQL_MODE='NO_AUTO_VALUE_ON_ZERO' */;
/*!40111 SET @OLD_SQL_NOTES=@@SQL_NOTES, SQL_NOTES=0 */;

--
-- Table structure for table `homework_files`
--

DROP TABLE IF EXISTS `homework_files`;
/*!40101 SET @saved_cs_client     = @@character_set_client */;
/*!50503 SET character_set_client = utf8mb4 */;
CREATE TABLE `homework_files` (
  `id` bigint NOT NULL AUTO_INCREMENT,
  `atch_file_name` varchar(45) NOT NULL,
  `atch_file` varchar(100) NOT NULL,
  `student_homework_id` bigint DEFAULT NULL,
  `teacher_homework_id` bigint DEFAULT NULL,
  PRIMARY KEY (`id`),
  KEY `homework_files_student_homework_id_d053f693_fk_homework_` (`student_homework_id`),
  KEY `homework_files_teacher_homework_id_2a41c2b5_fk_homework_` (`teacher_homework_id`),
  CONSTRAINT `homework_files_student_homework_id_d053f693_fk_homework_` FOREIGN KEY (`student_homework_id`) REFERENCES `homework_studenthomework` (`id`),
  CONSTRAINT `homework_files_teacher_homework_id_2a41c2b5_fk_homework_` FOREIGN KEY (`teacher_homework_id`) REFERENCES `homework_teacherhomework` (`id`)
) ENGINE=InnoDB AUTO_INCREMENT=57 DEFAULT CHARSET=utf8mb4 COLLATE=utf8mb4_0900_ai_ci;
/*!40101 SET character_set_client = @saved_cs_client */;

--
-- Dumping data for table `homework_files`
--

LOCK TABLES `homework_files` WRITE;
/*!40000 ALTER TABLE `homework_files` DISABLE KEYS */;
INSERT INTO `homework_files` VALUES (39,'0810국어과제.zip','homework/create/0810국어과제.zip',NULL,57),(40,'0810국어과제.zip','homework/create/0810국어과제_QPxUAgC.zip',NULL,58),(41,'0810국어과제.zip','homework/create/0810국어과제_ljY0RTE.zip',NULL,59),(44,'소인수 분해 문제.hwp','homework/create/소인수_분해_문제.hwp',NULL,61),(45,'최대 공약수 문제.hwp','homework/create/최대_공약수_문제.hwp',NULL,62),(46,'0818기술가정 디자인해오기.zip','homework/create/0818기술가정_디자인해오기.zip',NULL,67),(47,'풀이.md','homework/create/풀이.md',NULL,66),(48,'풀이.md','homework/create/풀이.md',NULL,95),(51,'0818기술가정 디자인해오기.zip','homework/create/0818기술가정_디자인해오기_NKrDRmV.zip',NULL,96),(52,'최소 공배수 문제.hwp','homework/create/최소_공배수_문제.hwp',NULL,63),(53,'방정식 문제.hwp','homework/create/방정식_문제.hwp',NULL,65);
/*!40000 ALTER TABLE `homework_files` ENABLE KEYS */;
UNLOCK TABLES;
/*!40103 SET TIME_ZONE=@OLD_TIME_ZONE */;

/*!40101 SET SQL_MODE=@OLD_SQL_MODE */;
/*!40014 SET FOREIGN_KEY_CHECKS=@OLD_FOREIGN_KEY_CHECKS */;
/*!40014 SET UNIQUE_CHECKS=@OLD_UNIQUE_CHECKS */;
/*!40101 SET CHARACTER_SET_CLIENT=@OLD_CHARACTER_SET_CLIENT */;
/*!40101 SET CHARACTER_SET_RESULTS=@OLD_CHARACTER_SET_RESULTS */;
/*!40101 SET COLLATION_CONNECTION=@OLD_COLLATION_CONNECTION */;
/*!40111 SET SQL_NOTES=@OLD_SQL_NOTES */;

-- Dump completed on 2022-08-19 10:03:06
-- MySQL dump 10.13  Distrib 8.0.28, for Win64 (x86_64)
--
-- Host: 3.36.69.192    Database: educolab
-- ------------------------------------------------------
-- Server version	8.0.30-0ubuntu0.20.04.2

/*!40101 SET @OLD_CHARACTER_SET_CLIENT=@@CHARACTER_SET_CLIENT */;
/*!40101 SET @OLD_CHARACTER_SET_RESULTS=@@CHARACTER_SET_RESULTS */;
/*!40101 SET @OLD_COLLATION_CONNECTION=@@COLLATION_CONNECTION */;
/*!50503 SET NAMES utf8 */;
/*!40103 SET @OLD_TIME_ZONE=@@TIME_ZONE */;
/*!40103 SET TIME_ZONE='+00:00' */;
/*!40014 SET @OLD_UNIQUE_CHECKS=@@UNIQUE_CHECKS, UNIQUE_CHECKS=0 */;
/*!40014 SET @OLD_FOREIGN_KEY_CHECKS=@@FOREIGN_KEY_CHECKS, FOREIGN_KEY_CHECKS=0 */;
/*!40101 SET @OLD_SQL_MODE=@@SQL_MODE, SQL_MODE='NO_AUTO_VALUE_ON_ZERO' */;
/*!40111 SET @OLD_SQL_NOTES=@@SQL_NOTES, SQL_NOTES=0 */;

--
-- Table structure for table `homework_studenthomework`
--

DROP TABLE IF EXISTS `homework_studenthomework`;
/*!40101 SET @saved_cs_client     = @@character_set_client */;
/*!50503 SET character_set_client = utf8mb4 */;
CREATE TABLE `homework_studenthomework` (
  `id` bigint NOT NULL AUTO_INCREMENT,
  `title` varchar(45) NOT NULL,
  `content` longtext NOT NULL,
  `created_at` datetime(6) NOT NULL,
  `updated_at` datetime(6) NOT NULL,
  `deadline` date NOT NULL,
  `agreement` tinyint(1) NOT NULL,
  `student_id` varchar(20) NOT NULL,
  `submit_flag` tinyint(1) NOT NULL,
  `teacher_id` varchar(20) DEFAULT NULL,
  PRIMARY KEY (`id`),
  KEY `homework_studenthome_student_id_711edc22_fk_accounts_` (`student_id`),
  KEY `homework_studenthome_teacher_id_165e91a1_fk_accounts_` (`teacher_id`),
  CONSTRAINT `homework_studenthome_student_id_711edc22_fk_accounts_` FOREIGN KEY (`student_id`) REFERENCES `accounts_userinfo` (`username`),
  CONSTRAINT `homework_studenthome_teacher_id_165e91a1_fk_accounts_` FOREIGN KEY (`teacher_id`) REFERENCES `accounts_userinfo` (`username`)
) ENGINE=InnoDB AUTO_INCREMENT=34 DEFAULT CHARSET=utf8mb4 COLLATE=utf8mb4_0900_ai_ci;
/*!40101 SET character_set_client = @saved_cs_client */;

--
-- Dumping data for table `homework_studenthomework`
--

LOCK TABLES `homework_studenthomework` WRITE;
/*!40000 ALTER TABLE `homework_studenthomework` DISABLE KEYS */;
INSERT INTO `homework_studenthomework` VALUES (24,'0818 수학 자율학습 (에라토스테네스의 체)','에라토스테네스의 체에 대해서 정리해 보도록 하겠습니다.','2022-08-18 07:45:23.988985','2022-08-18 15:26:15.697672','2022-08-24',0,'stu02',0,'consultant_teach'),(25,'국어 자율 학습','.','2022-08-18 08:21:59.118095','2022-08-18 22:37:02.712777','2022-08-15',0,'stu01',1,'consultant_teach'),(26,'수학 자율 학습','시도','2022-08-18 13:03:25.654974','2022-08-18 22:37:09.082047','2022-08-23',0,'stu01',0,'consultant_teach'),(27,'0818 수학 자율학습 (에라토스테네스의 체)','에라토스테네스의 체에 대해서 정리해 보도록 하겠습니다.','2022-08-18 13:08:41.297018','2022-08-18 13:08:41.297054','2022-08-24',0,'stu02',0,'consultant_teach'),(28,'오늘의 문제','우선 과제 등록 시도해봅니다','2022-08-18 13:50:09.926116','2022-08-18 13:50:09.926153','2022-08-23',0,'stu03',0,'consultant_teach'),(29,'자율 학습 수학 (에라토스테네스)','에라토스테네스 체에 대해서 설명해 보세요','2022-08-18 15:22:37.485579','2022-08-18 15:22:37.485616','2022-08-25',0,'stu02',0,'consultant_teach'),(30,'ㅁㄴㅇㄹ','ㅁㄴㅇㄹ','2022-08-18 15:24:57.969980','2022-08-18 15:24:57.970014','2022-08-25',0,'stu02',0,'consultant_teach'),(31,'자율학습 과제','자율학습 하겠습니다.','2022-08-18 17:16:32.357730','2022-08-18 17:16:32.357768','2022-08-20',0,'consultant_stu',0,'consultant_teach'),(32,'수학 공부','수학 문제짐 3Page 풀겠습니다.','2022-08-18 17:16:54.436621','2022-08-18 17:17:44.488616','2022-08-21',0,'consultant_stu',1,'consultant_teach'),(33,'수학 공부','수학 문제집 3page 풀겠습니다.','2022-08-18 17:18:45.875302','2022-08-18 17:19:26.917958','2022-08-22',0,'consultant_stu',1,'consultant_teach');
/*!40000 ALTER TABLE `homework_studenthomework` ENABLE KEYS */;
UNLOCK TABLES;
/*!40103 SET TIME_ZONE=@OLD_TIME_ZONE */;

/*!40101 SET SQL_MODE=@OLD_SQL_MODE */;
/*!40014 SET FOREIGN_KEY_CHECKS=@OLD_FOREIGN_KEY_CHECKS */;
/*!40014 SET UNIQUE_CHECKS=@OLD_UNIQUE_CHECKS */;
/*!40101 SET CHARACTER_SET_CLIENT=@OLD_CHARACTER_SET_CLIENT */;
/*!40101 SET CHARACTER_SET_RESULTS=@OLD_CHARACTER_SET_RESULTS */;
/*!40101 SET COLLATION_CONNECTION=@OLD_COLLATION_CONNECTION */;
/*!40111 SET SQL_NOTES=@OLD_SQL_NOTES */;

-- Dump completed on 2022-08-19 10:03:05
-- MySQL dump 10.13  Distrib 8.0.28, for Win64 (x86_64)
--
-- Host: 3.36.69.192    Database: educolab
-- ------------------------------------------------------
-- Server version	8.0.30-0ubuntu0.20.04.2

/*!40101 SET @OLD_CHARACTER_SET_CLIENT=@@CHARACTER_SET_CLIENT */;
/*!40101 SET @OLD_CHARACTER_SET_RESULTS=@@CHARACTER_SET_RESULTS */;
/*!40101 SET @OLD_COLLATION_CONNECTION=@@COLLATION_CONNECTION */;
/*!50503 SET NAMES utf8 */;
/*!40103 SET @OLD_TIME_ZONE=@@TIME_ZONE */;
/*!40103 SET TIME_ZONE='+00:00' */;
/*!40014 SET @OLD_UNIQUE_CHECKS=@@UNIQUE_CHECKS, UNIQUE_CHECKS=0 */;
/*!40014 SET @OLD_FOREIGN_KEY_CHECKS=@@FOREIGN_KEY_CHECKS, FOREIGN_KEY_CHECKS=0 */;
/*!40101 SET @OLD_SQL_MODE=@@SQL_MODE, SQL_MODE='NO_AUTO_VALUE_ON_ZERO' */;
/*!40111 SET @OLD_SQL_NOTES=@@SQL_NOTES, SQL_NOTES=0 */;

--
-- Table structure for table `homework_submithomework`
--

DROP TABLE IF EXISTS `homework_submithomework`;
/*!40101 SET @saved_cs_client     = @@character_set_client */;
/*!50503 SET character_set_client = utf8mb4 */;
CREATE TABLE `homework_submithomework` (
  `id` bigint NOT NULL AUTO_INCREMENT,
  `content` longtext,
  `submit_at` datetime(6) NOT NULL,
  `submit_flag` tinyint(1) NOT NULL,
  `atch_file_name` varchar(45) DEFAULT NULL,
  `atch_file` varchar(100) DEFAULT NULL,
  `student_id` varchar(20) DEFAULT NULL,
  `student_homework_id` bigint DEFAULT NULL,
  `teacher_homework_id` bigint DEFAULT NULL,
  `check_flag` tinyint(1) NOT NULL,
  PRIMARY KEY (`id`),
  KEY `homework_submithomew_student_homework_id_40f8c557_fk_homework_` (`student_homework_id`),
  KEY `homework_submithomew_teacher_homework_id_03d937ec_fk_homework_` (`teacher_homework_id`),
  KEY `homework_submithomew_student_id_997b4e52_fk_accounts_` (`student_id`),
  CONSTRAINT `homework_submithomew_student_homework_id_40f8c557_fk_homework_` FOREIGN KEY (`student_homework_id`) REFERENCES `homework_studenthomework` (`id`),
  CONSTRAINT `homework_submithomew_student_id_997b4e52_fk_accounts_` FOREIGN KEY (`student_id`) REFERENCES `accounts_userinfo` (`username`),
  CONSTRAINT `homework_submithomew_teacher_homework_id_03d937ec_fk_homework_` FOREIGN KEY (`teacher_homework_id`) REFERENCES `homework_teacherhomework` (`id`)
) ENGINE=InnoDB AUTO_INCREMENT=912 DEFAULT CHARSET=utf8mb4 COLLATE=utf8mb4_0900_ai_ci;
/*!40101 SET character_set_client = @saved_cs_client */;

--
-- Dumping data for table `homework_submithomework`
--

LOCK TABLES `homework_submithomework` WRITE;
/*!40000 ALTER TABLE `homework_submithomework` DISABLE KEYS */;
INSERT INTO `homework_submithomework` VALUES (277,NULL,'2022-08-18 06:36:34.140306',0,'','','onethreeone',NULL,54,0),(278,NULL,'2022-08-18 06:36:34.151128',0,'','','onethreeth',NULL,54,0),(279,NULL,'2022-08-18 06:36:34.163666',0,'','','onethreetwo',NULL,54,0),(280,NULL,'2022-08-18 06:36:44.593043',0,'','','onefourone',NULL,55,0),(281,NULL,'2022-08-18 06:36:44.605606',0,'','','onefourtwo',NULL,55,0),(282,NULL,'2022-08-18 06:37:22.410677',0,'','','coach_stu',NULL,56,0),(283,NULL,'2022-08-18 06:37:22.423032',0,'','','consultant_stu',NULL,56,0),(284,NULL,'2022-08-18 06:37:22.434834',0,'','','Ejddb2252',NULL,56,0),(285,NULL,'2022-08-18 06:37:22.446601',0,'','','stu01',NULL,56,0),(286,'줄임말 과제 제출하겠습니다!','2022-08-18 07:18:45.973870',1,'0818 홍찬기 국어 과제.zip','homework/submit/0818_홍찬기_국어_과제.zip','stu02',NULL,56,0),(287,NULL,'2022-08-18 06:37:22.470125',0,'','','stu03',NULL,56,0),(288,NULL,'2022-08-18 06:37:22.482266',0,'','','stu05',NULL,56,0),(289,NULL,'2022-08-18 06:37:22.492941',0,'','','stu06',NULL,56,0),(290,NULL,'2022-08-18 06:37:22.505228',0,'','','stu07',NULL,56,0),(291,NULL,'2022-08-18 06:37:22.519146',0,'','','stu08',NULL,56,0),(292,NULL,'2022-08-18 07:07:07.902703',0,'','','onethreeone',NULL,57,0),(293,NULL,'2022-08-18 07:07:07.913811',0,'','','onethreeth',NULL,57,0),(294,NULL,'2022-08-18 07:07:07.926830',0,'','','onethreetwo',NULL,57,0),(295,NULL,'2022-08-18 07:07:49.488490',0,'','','onefourone',NULL,58,0),(296,NULL,'2022-08-18 07:07:49.499744',0,'','','onefourtwo',NULL,58,0),(297,NULL,'2022-08-18 07:08:14.230800',0,'','','coach_stu',NULL,59,0),(298,NULL,'2022-08-18 07:08:14.242601',0,'','','consultant_stu',NULL,59,0),(299,NULL,'2022-08-18 07:08:14.253477',0,'','','Ejddb2252',NULL,59,0),(300,NULL,'2022-08-18 07:08:14.265524',0,'','','stu01',NULL,59,0),(301,NULL,'2022-08-18 07:08:14.277721',0,'','','stu02',NULL,59,0),(302,NULL,'2022-08-18 07:08:14.290112',0,'','','stu03',NULL,59,0),(303,NULL,'2022-08-18 07:08:14.303279',0,'','','stu05',NULL,59,0),(304,NULL,'2022-08-18 07:08:14.316463',0,'','','stu06',NULL,59,0),(305,NULL,'2022-08-18 07:08:14.328167',0,'','','stu07',NULL,59,0),(306,NULL,'2022-08-18 07:08:14.340324',0,'','','stu08',NULL,59,0),(307,NULL,'2022-08-18 07:45:24.007986',0,'','','stu02',24,NULL,0),(308,NULL,'2022-08-18 08:21:59.177056',0,'','','stu01',25,NULL,0),(312,NULL,'2022-08-18 10:18:08.840490',0,'','','onethreeone',NULL,60,0),(313,NULL,'2022-08-18 10:18:08.872672',0,'','','onethreeth',NULL,60,0),(314,NULL,'2022-08-18 10:18:08.909602',0,'','','onethreetwo',NULL,60,0),(315,NULL,'2022-08-18 11:40:48.267213',0,'','','coach_stu',NULL,61,0),(316,'문제풀이','2022-08-18 19:24:38.472407',1,'소인수 분해 문제_풀이.hwp','homework/submit/소인수_분해_문제_풀이.hwp','consultant_stu',NULL,61,0),(317,NULL,'2022-08-18 11:40:48.290747',0,'','','Ejddb2252',NULL,61,0),(318,'null','2022-08-18 22:40:10.077445',1,'소인수 분해 문제_풀이.hwp','homework/submit/소인수_분해_문제_풀이_etGgg6Y.hwp','stu01',NULL,61,0),(319,NULL,'2022-08-18 11:40:48.313510',0,'','','stu02',NULL,61,0),(320,'소인수 분해 어려워요','2022-08-18 14:38:11.980791',1,'풀이.md','homework/submit/풀이.md','stu03',NULL,61,0),(321,NULL,'2022-08-18 11:40:48.337598',0,'','','stu05',NULL,61,0),(322,NULL,'2022-08-18 11:40:48.347914',0,'','','stu06',NULL,61,0),(323,NULL,'2022-08-18 11:40:48.361420',0,'','','stu07',NULL,61,0),(324,NULL,'2022-08-18 11:40:48.372881',0,'','','stu08',NULL,61,0),(325,NULL,'2022-08-18 11:45:14.064594',0,'','','coach_stu',NULL,62,0),(326,NULL,'2022-08-18 11:45:14.077095',0,'','','consultant_stu',NULL,62,0),(327,NULL,'2022-08-18 11:45:14.090246',0,'','','Ejddb2252',NULL,62,0),(328,NULL,'2022-08-18 11:45:14.103272',0,'','','stu01',NULL,62,0),(329,NULL,'2022-08-18 11:45:14.115409',0,'','','stu02',NULL,62,0),(330,NULL,'2022-08-18 11:45:14.127487',0,'','','stu03',NULL,62,0),(331,NULL,'2022-08-18 11:45:14.139951',0,'','','stu05',NULL,62,0),(332,NULL,'2022-08-18 11:45:14.151293',0,'','','stu06',NULL,62,0),(333,NULL,'2022-08-18 11:45:14.163489',0,'','','stu07',NULL,62,0),(334,NULL,'2022-08-18 11:45:14.176293',0,'','','stu08',NULL,62,0),(391,NULL,'2022-08-18 12:57:17.059864',0,'','','coach_stu',NULL,67,0),(392,NULL,'2022-08-18 12:57:17.092870',0,'','','consultant_stu',NULL,67,0),(393,NULL,'2022-08-18 12:57:17.121513',0,'','','Ejddb2252',NULL,67,0),(394,'과제 제출합니다','2022-08-18 19:02:47.315850',1,'풀이.md','homework/submit/풀이.md','stu01',NULL,67,0),(395,NULL,'2022-08-18 12:57:17.182218',0,'','','stu02',NULL,67,0),(396,NULL,'2022-08-18 12:57:17.210728',0,'','','stu03',NULL,67,0),(397,NULL,'2022-08-18 12:57:17.241877',0,'','','stu05',NULL,67,0),(398,NULL,'2022-08-18 12:57:17.270883',0,'','','stu06',NULL,67,0),(399,NULL,'2022-08-18 12:57:17.301332',0,'','','stu07',NULL,67,0),(400,NULL,'2022-08-18 12:57:17.332338',0,'','','stu08',NULL,67,0),(401,NULL,'2022-08-18 13:03:25.666601',0,'','','stu01',26,NULL,0),(402,NULL,'2022-08-18 13:08:41.307444',0,'','','stu02',27,NULL,0),(423,NULL,'2022-08-18 13:27:23.158643',0,'','','coach_stu',NULL,69,0),(424,NULL,'2022-08-18 13:27:23.172930',0,'','','consultant_stu',NULL,69,0),(425,NULL,'2022-08-18 13:27:23.184887',0,'','','Ejddb2252',NULL,69,0),(426,NULL,'2022-08-18 13:27:23.197114',0,'','','stu01',NULL,69,0),(427,NULL,'2022-08-18 19:15:07.954553',0,'','','stu02',NULL,69,1),(428,NULL,'2022-08-18 13:27:23.222112',0,'','','stu03',NULL,69,0),(429,NULL,'2022-08-18 13:27:23.234287',0,'','','stu05',NULL,69,0),(430,NULL,'2022-08-18 13:27:23.248567',0,'','','stu06',NULL,69,0),(431,NULL,'2022-08-18 13:27:23.260260',0,'','','stu07',NULL,69,0),(432,NULL,'2022-08-18 13:27:23.271991',0,'','','stu08',NULL,69,0),(443,NULL,'2022-08-18 13:29:21.882717',0,'','','coach_stu',NULL,70,0),(444,NULL,'2022-08-18 13:29:21.896213',0,'','','consultant_stu',NULL,70,0),(445,NULL,'2022-08-18 13:29:21.907462',0,'','','Ejddb2252',NULL,70,0),(446,NULL,'2022-08-18 13:29:21.919680',0,'','','stu01',NULL,70,0),(447,NULL,'2022-08-18 13:29:21.932642',0,'','','stu02',NULL,70,0),(448,NULL,'2022-08-18 13:29:21.944743',0,'','','stu03',NULL,70,0),(449,NULL,'2022-08-18 13:29:21.956886',0,'','','stu05',NULL,70,0),(450,NULL,'2022-08-18 13:29:21.967866',0,'','','stu06',NULL,70,0),(451,NULL,'2022-08-18 13:29:21.981579',0,'','','stu07',NULL,70,0),(452,NULL,'2022-08-18 13:29:21.993103',0,'','','stu08',NULL,70,0),(463,NULL,'2022-08-18 13:50:09.938256',0,'','','stu03',28,NULL,0),(654,NULL,'2022-08-18 15:22:37.496855',0,'','','stu02',29,NULL,0),(655,NULL,'2022-08-18 15:24:57.981926',0,'','','stu02',30,NULL,0),(736,NULL,'2022-08-18 16:30:04.407657',0,'','','coach_stu',NULL,89,0),(737,'x + 20 = 5x + 4\r\nx - 5x = 4 - 20\r\n-4x = -16\r\nx = 4','2022-08-18 16:34:58.832518',1,NULL,'','consultant_stu',NULL,89,0),(738,NULL,'2022-08-18 16:30:04.431019',0,'','','Ejddb2252',NULL,89,0),(739,'정답 x = 4','2022-08-18 16:38:50.818400',1,NULL,'','stu01',NULL,89,0),(740,NULL,'2022-08-18 16:30:04.454495',0,'','','stu02',NULL,89,0),(741,NULL,'2022-08-18 16:30:04.466379',0,'','','stu03',NULL,89,0),(742,NULL,'2022-08-18 16:30:04.477805',0,'','','stu05',NULL,89,0),(743,NULL,'2022-08-18 16:30:04.489721',0,'','','stu06',NULL,89,0),(744,NULL,'2022-08-18 16:30:04.501652',0,'','','stu07',NULL,89,0),(745,NULL,'2022-08-18 16:30:04.512975',0,'','','stu08',NULL,89,0),(756,NULL,'2022-08-18 16:31:18.122728',0,'','','coach_stu',NULL,90,0),(757,'1 -1 -6 + 5 = -1','2022-08-18 16:35:32.624640',1,NULL,'','consultant_stu',NULL,90,0),(758,NULL,'2022-08-18 16:31:18.147775',0,'','','Ejddb2252',NULL,90,0),(759,'정답 : -1','2022-08-18 16:38:43.881560',1,NULL,'','stu01',NULL,90,0),(760,NULL,'2022-08-18 16:31:18.171547',0,'','','stu02',NULL,90,0),(761,NULL,'2022-08-18 16:31:18.183669',0,'','','stu03',NULL,90,0),(762,NULL,'2022-08-18 16:31:18.194961',0,'','','stu05',NULL,90,0),(763,NULL,'2022-08-18 16:31:18.206795',0,'','','stu06',NULL,90,0),(764,NULL,'2022-08-18 16:31:18.218687',0,'','','stu07',NULL,90,0),(765,NULL,'2022-08-18 16:31:18.229531',0,'','','stu08',NULL,90,0),(766,NULL,'2022-08-18 16:32:18.652086',0,'','','coach_stu',NULL,91,0),(767,'최대공약수 : 9','2022-08-18 16:36:42.122009',1,NULL,'','consultant_stu',NULL,91,0),(768,NULL,'2022-08-18 16:32:18.675406',0,'','','Ejddb2252',NULL,91,0),(769,'정답 : 9','2022-08-18 16:38:37.989030',1,NULL,'','stu01',NULL,91,0),(770,NULL,'2022-08-18 16:32:18.698797',0,'','','stu02',NULL,91,0),(771,NULL,'2022-08-18 16:32:18.712122',0,'','','stu03',NULL,91,0),(772,NULL,'2022-08-18 16:32:18.724097',0,'','','stu05',NULL,91,0),(773,NULL,'2022-08-18 16:32:18.735390',0,'','','stu06',NULL,91,0),(774,NULL,'2022-08-18 16:32:18.747577',0,'','','stu07',NULL,91,0),(775,NULL,'2022-08-18 16:32:18.759494',0,'','','stu08',NULL,91,0),(776,NULL,'2022-08-18 16:33:06.686079',0,'','','coach_stu',NULL,92,0),(777,'60','2022-08-18 16:36:58.195609',1,NULL,'','consultant_stu',NULL,92,0),(778,NULL,'2022-08-18 16:33:06.710244',0,'','','Ejddb2252',NULL,92,0),(779,'정답 : 60','2022-08-18 16:38:32.634880',1,NULL,'','stu01',NULL,92,0),(780,NULL,'2022-08-18 16:33:06.733597',0,'','','stu02',NULL,92,0),(781,NULL,'2022-08-18 16:33:06.745288',0,'','','stu03',NULL,92,0),(782,NULL,'2022-08-18 16:33:06.757549',0,'','','stu05',NULL,92,0),(783,NULL,'2022-08-18 16:33:06.768861',0,'','','stu06',NULL,92,0),(784,NULL,'2022-08-18 16:33:06.781292',0,'','','stu07',NULL,92,0),(785,NULL,'2022-08-18 16:33:06.794953',0,'','','stu08',NULL,92,0),(806,NULL,'2022-08-18 17:16:32.369038',0,'','','consultant_stu',31,NULL,0),(807,'수학 문제짐 3Page 풀겠습니다.','2022-08-18 17:17:44.479648',1,NULL,'','consultant_stu',32,NULL,0),(808,'수학 문제집 3page 풀겠습니다.','2022-08-18 17:19:26.909349',1,NULL,'','consultant_stu',33,NULL,0),(831,NULL,'2022-08-18 19:14:31.796696',0,'','','coach_stu',NULL,96,0),(832,NULL,'2022-08-18 19:14:31.808624',0,'','','consultant_stu',NULL,96,0),(833,NULL,'2022-08-18 19:14:31.820403',0,'','','Ejddb2252',NULL,96,0),(834,NULL,'2022-08-18 19:14:31.833885',0,'','','stu01',NULL,96,0),(835,NULL,'2022-08-18 19:14:31.846020',0,'','','stu02',NULL,96,0),(836,NULL,'2022-08-18 19:14:31.858254',0,'','','stu03',NULL,96,0),(837,NULL,'2022-08-18 19:14:31.870158',0,'','','stu04',NULL,96,0),(838,NULL,'2022-08-18 19:14:31.879225',0,'','','stu05',NULL,96,0),(839,NULL,'2022-08-18 19:14:31.891443',0,'','','stu06',NULL,96,0),(840,NULL,'2022-08-18 19:14:31.901556',0,'','','stu07',NULL,96,0),(841,NULL,'2022-08-18 19:14:31.913387',0,'','','stu08',NULL,96,0),(842,NULL,'2022-08-18 19:20:11.305519',0,'','','coach_stu',NULL,63,0),(843,NULL,'2022-08-18 19:20:11.318679',0,'','','consultant_stu',NULL,63,0),(844,NULL,'2022-08-18 19:20:11.330752',0,'','','Ejddb2252',NULL,63,0),(845,NULL,'2022-08-18 19:20:11.341814',0,'','','stu01',NULL,63,0),(846,NULL,'2022-08-18 19:20:11.353867',0,'','','stu02',NULL,63,0),(847,NULL,'2022-08-18 19:20:11.365641',0,'','','stu03',NULL,63,0),(848,NULL,'2022-08-18 19:20:11.377451',0,'','','stu04',NULL,63,0),(849,NULL,'2022-08-18 19:20:11.388110',0,'','','stu05',NULL,63,0),(850,NULL,'2022-08-18 19:20:11.398927',0,'','','stu06',NULL,63,0),(851,NULL,'2022-08-18 19:20:11.409563',0,'','','stu07',NULL,63,0),(852,NULL,'2022-08-18 19:20:11.421473',0,'','','stu08',NULL,63,0),(853,NULL,'2022-08-18 19:20:24.515299',0,'','','coach_stu',NULL,65,0),(854,NULL,'2022-08-18 19:20:24.527076',0,'','','consultant_stu',NULL,65,0),(855,NULL,'2022-08-18 19:20:24.538795',0,'','','Ejddb2252',NULL,65,0),(856,NULL,'2022-08-18 19:20:24.549707',0,'','','stu01',NULL,65,0),(857,NULL,'2022-08-18 19:20:24.561193',0,'','','stu02',NULL,65,0),(858,NULL,'2022-08-18 19:20:24.573008',0,'','','stu03',NULL,65,0),(859,NULL,'2022-08-18 19:20:24.584948',0,'','','stu04',NULL,65,0),(860,NULL,'2022-08-18 19:20:24.596878',0,'','','stu05',NULL,65,0),(861,NULL,'2022-08-18 19:20:24.608579',0,'','','stu06',NULL,65,0),(862,NULL,'2022-08-18 19:20:24.623410',0,'','','stu07',NULL,65,0),(863,NULL,'2022-08-18 19:20:24.634885',0,'','','stu08',NULL,65,0),(864,NULL,'2022-08-18 22:13:28.760849',0,'','','coach_stu',NULL,97,0),(865,'11','2022-08-18 22:15:08.731897',1,NULL,'','consultant_stu',NULL,97,1),(866,NULL,'2022-08-18 22:13:28.785289',0,'','','Ejddb2252',NULL,97,0),(867,NULL,'2022-08-18 22:13:28.798719',0,'','','h5282001',NULL,97,0),(868,NULL,'2022-08-18 22:13:28.810262',0,'','','stu01',NULL,97,0),(869,NULL,'2022-08-18 22:13:28.821757',0,'','','stu02',NULL,97,0),(870,NULL,'2022-08-18 22:13:28.833587',0,'','','stu03',NULL,97,0),(871,NULL,'2022-08-18 22:13:28.845417',0,'','','stu04',NULL,97,0),(872,NULL,'2022-08-18 22:13:28.855970',0,'','','stu05',NULL,97,0),(873,NULL,'2022-08-18 22:13:28.865645',0,'','','stu06',NULL,97,0),(874,NULL,'2022-08-18 22:13:28.877598',0,'','','stu07',NULL,97,0),(875,NULL,'2022-08-18 22:13:28.889485',0,'','','stu08',NULL,97,0);
/*!40000 ALTER TABLE `homework_submithomework` ENABLE KEYS */;
UNLOCK TABLES;
/*!40103 SET TIME_ZONE=@OLD_TIME_ZONE */;

/*!40101 SET SQL_MODE=@OLD_SQL_MODE */;
/*!40014 SET FOREIGN_KEY_CHECKS=@OLD_FOREIGN_KEY_CHECKS */;
/*!40014 SET UNIQUE_CHECKS=@OLD_UNIQUE_CHECKS */;
/*!40101 SET CHARACTER_SET_CLIENT=@OLD_CHARACTER_SET_CLIENT */;
/*!40101 SET CHARACTER_SET_RESULTS=@OLD_CHARACTER_SET_RESULTS */;
/*!40101 SET COLLATION_CONNECTION=@OLD_COLLATION_CONNECTION */;
/*!40111 SET SQL_NOTES=@OLD_SQL_NOTES */;

-- Dump completed on 2022-08-19 10:03:10
-- MySQL dump 10.13  Distrib 8.0.28, for Win64 (x86_64)
--
-- Host: 3.36.69.192    Database: educolab
-- ------------------------------------------------------
-- Server version	8.0.30-0ubuntu0.20.04.2

/*!40101 SET @OLD_CHARACTER_SET_CLIENT=@@CHARACTER_SET_CLIENT */;
/*!40101 SET @OLD_CHARACTER_SET_RESULTS=@@CHARACTER_SET_RESULTS */;
/*!40101 SET @OLD_COLLATION_CONNECTION=@@COLLATION_CONNECTION */;
/*!50503 SET NAMES utf8 */;
/*!40103 SET @OLD_TIME_ZONE=@@TIME_ZONE */;
/*!40103 SET TIME_ZONE='+00:00' */;
/*!40014 SET @OLD_UNIQUE_CHECKS=@@UNIQUE_CHECKS, UNIQUE_CHECKS=0 */;
/*!40014 SET @OLD_FOREIGN_KEY_CHECKS=@@FOREIGN_KEY_CHECKS, FOREIGN_KEY_CHECKS=0 */;
/*!40101 SET @OLD_SQL_MODE=@@SQL_MODE, SQL_MODE='NO_AUTO_VALUE_ON_ZERO' */;
/*!40111 SET @OLD_SQL_NOTES=@@SQL_NOTES, SQL_NOTES=0 */;

--
-- Table structure for table `homework_teacherhomework`
--

DROP TABLE IF EXISTS `homework_teacherhomework`;
/*!40101 SET @saved_cs_client     = @@character_set_client */;
/*!50503 SET character_set_client = utf8mb4 */;
CREATE TABLE `homework_teacherhomework` (
  `id` bigint NOT NULL AUTO_INCREMENT,
  `title` varchar(45) NOT NULL,
  `subject` varchar(45) NOT NULL,
  `content` longtext NOT NULL,
  `created_at` datetime(6) NOT NULL,
  `updated_at` datetime(6) NOT NULL,
  `deadline` date NOT NULL,
  `grade` int NOT NULL,
  `class_field` int NOT NULL,
  `teacher_id` varchar(20) NOT NULL,
  `check_flag` tinyint(1) NOT NULL,
  PRIMARY KEY (`id`),
  KEY `homework_teacherhome_teacher_id_5cc42f53_fk_accounts_` (`teacher_id`),
  CONSTRAINT `homework_teacherhome_teacher_id_5cc42f53_fk_accounts_` FOREIGN KEY (`teacher_id`) REFERENCES `accounts_userinfo` (`username`)
) ENGINE=InnoDB AUTO_INCREMENT=100 DEFAULT CHARSET=utf8mb4 COLLATE=utf8mb4_0900_ai_ci;
/*!40101 SET character_set_client = @saved_cs_client */;

--
-- Dumping data for table `homework_teacherhomework`
--

LOCK TABLES `homework_teacherhomework` WRITE;
/*!40000 ALTER TABLE `homework_teacherhomework` DISABLE KEYS */;
INSERT INTO `homework_teacherhomework` VALUES (54,'8월 18일 3반 국어 과제','국어','요즘 학생들이 사용하는 줄임말들을 찾아보고 어떤 뜻이 있는지 찾아오세요.<div>한 사람당 5개 이상 찾아오세요.</div>','2022-08-18 06:28:18.170682','2022-08-18 06:36:34.113057','2022-08-25',1,3,'coach_teach',0),(55,'8월 18일 4반 국어 과제','국어','요즘 학생들이 사용하는 줄임말들을 찾아보고 어떤 뜻이 있는지 찾아오세요.<div>한 사람당 5개 이상 찾아오세요.</div>','2022-08-18 06:29:50.062601','2022-08-18 06:36:44.561962','2022-08-25',1,4,'coach_teach',0),(56,'8월 18일 5반 국어 과제','국어','요즘 학생들이 사용하는 줄임말들을 찾아보고 어떤 뜻이 있는지 찾아오세요.<div>한 사람당 5개 이상 찾아오세요.</div>','2022-08-18 06:30:26.495853','2022-08-18 06:37:22.385763','2022-08-25',1,5,'coach_teach',0),(57,'8월 10일 3반 국어 과제','국어','맞춤법 찾기 숙제입니다.&nbsp;<div>파일 다운받아서 잘못 된 부분 찾아서 고쳐오시면 됩니다.<br><div>8월 17일까지 제출하세요.<div><br></div></div></div>','2022-08-18 07:07:07.873924','2022-08-18 07:07:07.873960','2022-08-17',1,3,'coach_teach',0),(58,'8월 10일 4반 국어 숙제','국어','맞춤법 찾기 숙제입니다.&nbsp;<div>파일 다운받아서 잘못 된 부분 찾아서 고쳐오시면 됩니다.<br><div>8월 17일까지 제출하세요.</div></div>','2022-08-18 07:07:49.459222','2022-08-18 07:07:49.459258','2022-08-17',1,4,'coach_teach',0),(59,'8월 10일 5반 국어 과제','국어','맞춤법 찾기 숙제입니다.&nbsp;<div>파일 다운받아서 잘못 된 부분 찾아서 고쳐오시면 됩니다.<br><div>8월 17일까지 제출하세요.</div></div>','2022-08-18 07:08:14.198974','2022-08-18 07:08:14.199009','2022-08-17',1,5,'coach_teach',0),(60,'기술가정 문제','기술가정','기술 가정 무슨 문제가 있었을까','2022-08-18 10:12:24.794256','2022-08-18 10:18:08.690317','2022-08-22',1,3,'teacher01',0),(61,'소인수 분해 예제 문제','수학','첨부파일을 내려받고 정답을 작성하여 제출하세요.','2022-08-18 11:40:48.230812','2022-08-18 11:40:48.230850','2022-08-19',1,5,'consultant_teach',0),(62,'최대 공약수 문제 예제','수학','첨부파일을 내려받고 정답을 입력해서 다시 제출하세요.','2022-08-18 11:45:14.011816','2022-08-18 11:45:14.011853','2022-08-25',1,5,'consultant_teach',0),(63,'최소 공배수 예제 문제','수학','첨부파일을 내려받아 정답을 입력 후 제출하세요.','2022-08-18 12:00:27.522107','2022-08-18 19:20:11.273902','2022-08-24',1,5,'consultant_teach',0),(65,'일차 방정식 문제','수학','첨부파일을 내려받아 문제를 풀고 답을 입력하여 제출하세요.','2022-08-18 12:44:00.971499','2022-08-18 19:20:24.484740','2022-08-24',1,5,'consultant_teach',0),(66,'과제 수정 시도','기술가정','시도 합니다','2022-08-18 12:50:12.861672','2022-08-18 16:20:59.308261','2022-08-16',1,7,'teacher01',1),(67,'0818 기술가정과','기술가정','다음주까지 디자인해오세요','2022-08-18 12:57:16.927143','2022-08-18 12:57:16.927143','2022-08-25',1,5,'teacher01',0),(69,'기술가정 문제 -- 1','기술가정','기술가정 문제 더미 1','2022-08-18 13:26:31.059289','2022-08-18 13:27:23.124288','2022-08-17',1,5,'teacher01',0),(70,'기술가정 문제 -- 2','기술가정','기술가정 문제 더미','2022-08-18 13:27:53.921565','2022-08-18 13:29:21.855783','2022-08-17',1,5,'teacher01',0),(72,'과제 테스트','수학','테스트 테스트','2022-08-18 13:41:12.236278','2022-08-18 13:42:06.981242','1995-02-19',2,2,'ehddb2252',1),(73,'과제 테스트','수학','테스트 테스트','2022-08-18 13:41:15.807773','2022-08-18 13:41:59.767024','1995-02-19',2,2,'ehddb2252',1),(89,'데일리 과제 - 방정식 문제','수학','어떤 수와 20의 합은 어떤 수를 5배 한 것보다 4가 크다고 한다. 어떤 수를 구하여라.\r\n\r\n(이 문제의 정답을 제출 칸에 적어서 제출해주세요)','2022-08-18 16:29:21.350289','2022-08-18 16:30:04.383046','2022-08-15',1,5,'consultant_teach',0),(90,'데일리 과제 - 정수 계산 문제','수학','1 + (-1) + (-6) + 5 의 정답을 제출해주세요.','2022-08-18 16:30:55.451098','2022-08-18 16:31:18.096262','2022-08-16',1,5,'consultant_teach',0),(91,'데일리 과제  - 최대공약수','수학','45와 18의 최대공약수를 구해서 제출해주세요.','2022-08-18 16:32:18.627830','2022-08-18 16:32:18.627870','2022-08-17',1,5,'consultant_teach',0),(92,'데일리 과제 - 최소 공배수','수학','15와 20의 최소 공배수를 구해서 제출해주세요.','2022-08-18 16:33:06.661923','2022-08-18 16:33:06.661958','2022-08-18',1,5,'consultant_teach',0),(95,'등록합니다','과학','내용입니다','2022-08-18 18:47:35.648390','2022-08-18 19:01:03.046734','2022-08-23',1,7,'teacher01',0),(96,'기술 가정 문제 3','기술가정','기술 가정 문제 3번입니다.','2022-08-18 19:12:16.263749','2022-08-18 19:14:31.773520','2022-08-26',1,5,'teacher01',0),(97,'데일리 과제 - 정수 연산 문제 2','수학','6 - (-5)의 결과 값을 제출하세요.','2022-08-18 22:13:28.736513','2022-08-18 22:16:04.366731','2022-08-18',1,5,'consultant_teach',1);
/*!40000 ALTER TABLE `homework_teacherhomework` ENABLE KEYS */;
UNLOCK TABLES;
/*!40103 SET TIME_ZONE=@OLD_TIME_ZONE */;

/*!40101 SET SQL_MODE=@OLD_SQL_MODE */;
/*!40014 SET FOREIGN_KEY_CHECKS=@OLD_FOREIGN_KEY_CHECKS */;
/*!40014 SET UNIQUE_CHECKS=@OLD_UNIQUE_CHECKS */;
/*!40101 SET CHARACTER_SET_CLIENT=@OLD_CHARACTER_SET_CLIENT */;
/*!40101 SET CHARACTER_SET_RESULTS=@OLD_CHARACTER_SET_RESULTS */;
/*!40101 SET COLLATION_CONNECTION=@OLD_COLLATION_CONNECTION */;
/*!40111 SET SQL_NOTES=@OLD_SQL_NOTES */;

-- Dump completed on 2022-08-19 10:03:09
-- MySQL dump 10.13  Distrib 8.0.28, for Win64 (x86_64)
--
-- Host: 3.36.69.192    Database: educolab
-- ------------------------------------------------------
-- Server version	8.0.30-0ubuntu0.20.04.2

/*!40101 SET @OLD_CHARACTER_SET_CLIENT=@@CHARACTER_SET_CLIENT */;
/*!40101 SET @OLD_CHARACTER_SET_RESULTS=@@CHARACTER_SET_RESULTS */;
/*!40101 SET @OLD_COLLATION_CONNECTION=@@COLLATION_CONNECTION */;
/*!50503 SET NAMES utf8 */;
/*!40103 SET @OLD_TIME_ZONE=@@TIME_ZONE */;
/*!40103 SET TIME_ZONE='+00:00' */;
/*!40014 SET @OLD_UNIQUE_CHECKS=@@UNIQUE_CHECKS, UNIQUE_CHECKS=0 */;
/*!40014 SET @OLD_FOREIGN_KEY_CHECKS=@@FOREIGN_KEY_CHECKS, FOREIGN_KEY_CHECKS=0 */;
/*!40101 SET @OLD_SQL_MODE=@@SQL_MODE, SQL_MODE='NO_AUTO_VALUE_ON_ZERO' */;
/*!40111 SET @OLD_SQL_NOTES=@@SQL_NOTES, SQL_NOTES=0 */;

--
-- Table structure for table `homework_teacherhomework_target`
--

DROP TABLE IF EXISTS `homework_teacherhomework_target`;
/*!40101 SET @saved_cs_client     = @@character_set_client */;
/*!50503 SET character_set_client = utf8mb4 */;
CREATE TABLE `homework_teacherhomework_target` (
  `id` bigint NOT NULL AUTO_INCREMENT,
  `teacherhomework_id` bigint NOT NULL,
  `userinfo_id` varchar(20) NOT NULL,
  PRIMARY KEY (`id`),
  UNIQUE KEY `homework_teacherhomework_teacherhomework_id_useri_787203c7_uniq` (`teacherhomework_id`,`userinfo_id`),
  KEY `homework_teacherhome_userinfo_id_fe7f01ce_fk_accounts_` (`userinfo_id`),
  CONSTRAINT `homework_teacherhome_teacherhomework_id_589f5546_fk_homework_` FOREIGN KEY (`teacherhomework_id`) REFERENCES `homework_teacherhomework` (`id`),
  CONSTRAINT `homework_teacherhome_userinfo_id_fe7f01ce_fk_accounts_` FOREIGN KEY (`userinfo_id`) REFERENCES `accounts_userinfo` (`username`)
) ENGINE=InnoDB AUTO_INCREMENT=611 DEFAULT CHARSET=utf8mb4 COLLATE=utf8mb4_0900_ai_ci;
/*!40101 SET character_set_client = @saved_cs_client */;

--
-- Dumping data for table `homework_teacherhomework_target`
--

LOCK TABLES `homework_teacherhomework_target` WRITE;
/*!40000 ALTER TABLE `homework_teacherhomework_target` DISABLE KEYS */;
INSERT INTO `homework_teacherhomework_target` VALUES (227,54,'onethreeone'),(228,54,'onethreeth'),(226,54,'onethreetwo'),(229,55,'onefourone'),(230,55,'onefourtwo'),(237,56,'coach_stu'),(231,56,'consultant_stu'),(233,56,'Ejddb2252'),(238,56,'stu01'),(240,56,'stu02'),(239,56,'stu03'),(236,56,'stu05'),(232,56,'stu06'),(234,56,'stu07'),(235,56,'stu08'),(241,57,'onethreeone'),(243,57,'onethreeth'),(242,57,'onethreetwo'),(244,58,'onefourone'),(245,58,'onefourtwo'),(255,59,'coach_stu'),(250,59,'consultant_stu'),(252,59,'Ejddb2252'),(248,59,'stu01'),(254,59,'stu02'),(246,59,'stu03'),(253,59,'stu05'),(247,59,'stu06'),(251,59,'stu07'),(249,59,'stu08'),(256,60,'onethreeone'),(258,60,'onethreeth'),(257,60,'onethreetwo'),(261,61,'coach_stu'),(259,61,'consultant_stu'),(263,61,'Ejddb2252'),(265,61,'stu01'),(267,61,'stu02'),(266,61,'stu03'),(260,61,'stu05'),(262,61,'stu06'),(264,61,'stu07'),(268,61,'stu08'),(271,62,'coach_stu'),(269,62,'consultant_stu'),(273,62,'Ejddb2252'),(275,62,'stu01'),(277,62,'stu02'),(276,62,'stu03'),(270,62,'stu05'),(272,62,'stu06'),(274,62,'stu07'),(278,62,'stu08'),(279,63,'coach_stu'),(284,63,'consultant_stu'),(286,63,'Ejddb2252'),(281,63,'stu01'),(285,63,'stu02'),(280,63,'stu03'),(573,63,'stu04'),(287,63,'stu05'),(283,63,'stu06'),(288,63,'stu07'),(282,63,'stu08'),(304,65,'coach_stu'),(308,65,'consultant_stu'),(300,65,'Ejddb2252'),(307,65,'stu01'),(299,65,'stu02'),(303,65,'stu03'),(574,65,'stu04'),(302,65,'stu05'),(301,65,'stu06'),(305,65,'stu07'),(306,65,'stu08'),(312,67,'coach_stu'),(315,67,'consultant_stu'),(314,67,'Ejddb2252'),(321,67,'stu01'),(316,67,'stu02'),(317,67,'stu03'),(319,67,'stu05'),(313,67,'stu06'),(320,67,'stu07'),(318,67,'stu08'),(334,69,'coach_stu'),(338,69,'consultant_stu'),(340,69,'Ejddb2252'),(333,69,'stu01'),(339,69,'stu02'),(332,69,'stu03'),(336,69,'stu05'),(335,69,'stu06'),(337,69,'stu07'),(341,69,'stu08'),(344,70,'coach_stu'),(348,70,'consultant_stu'),(350,70,'Ejddb2252'),(343,70,'stu01'),(349,70,'stu02'),(342,70,'stu03'),(346,70,'stu05'),(345,70,'stu06'),(347,70,'stu07'),(351,70,'stu08'),(504,89,'coach_stu'),(502,89,'consultant_stu'),(508,89,'Ejddb2252'),(506,89,'stu01'),(509,89,'stu02'),(511,89,'stu03'),(507,89,'stu05'),(510,89,'stu06'),(505,89,'stu07'),(503,89,'stu08'),(514,90,'coach_stu'),(512,90,'consultant_stu'),(518,90,'Ejddb2252'),(516,90,'stu01'),(519,90,'stu02'),(521,90,'stu03'),(517,90,'stu05'),(520,90,'stu06'),(515,90,'stu07'),(513,90,'stu08'),(524,91,'coach_stu'),(522,91,'consultant_stu'),(528,91,'Ejddb2252'),(526,91,'stu01'),(529,91,'stu02'),(531,91,'stu03'),(527,91,'stu05'),(530,91,'stu06'),(525,91,'stu07'),(523,91,'stu08'),(534,92,'coach_stu'),(532,92,'consultant_stu'),(538,92,'Ejddb2252'),(536,92,'stu01'),(539,92,'stu02'),(541,92,'stu03'),(537,92,'stu05'),(540,92,'stu06'),(535,92,'stu07'),(533,92,'stu08'),(562,96,'coach_stu'),(568,96,'consultant_stu'),(564,96,'Ejddb2252'),(566,96,'stu01'),(567,96,'stu02'),(569,96,'stu03'),(570,96,'stu04'),(563,96,'stu05'),(571,96,'stu06'),(572,96,'stu07'),(565,96,'stu08'),(575,97,'coach_stu'),(586,97,'consultant_stu'),(580,97,'Ejddb2252'),(584,97,'h5282001'),(585,97,'stu01'),(576,97,'stu02'),(577,97,'stu03'),(578,97,'stu04'),(579,97,'stu05'),(581,97,'stu06'),(583,97,'stu07'),(582,97,'stu08');
/*!40000 ALTER TABLE `homework_teacherhomework_target` ENABLE KEYS */;
UNLOCK TABLES;
/*!40103 SET TIME_ZONE=@OLD_TIME_ZONE */;

/*!40101 SET SQL_MODE=@OLD_SQL_MODE */;
/*!40014 SET FOREIGN_KEY_CHECKS=@OLD_FOREIGN_KEY_CHECKS */;
/*!40014 SET UNIQUE_CHECKS=@OLD_UNIQUE_CHECKS */;
/*!40101 SET CHARACTER_SET_CLIENT=@OLD_CHARACTER_SET_CLIENT */;
/*!40101 SET CHARACTER_SET_RESULTS=@OLD_CHARACTER_SET_RESULTS */;
/*!40101 SET COLLATION_CONNECTION=@OLD_COLLATION_CONNECTION */;
/*!40111 SET SQL_NOTES=@OLD_SQL_NOTES */;

-- Dump completed on 2022-08-19 10:03:15
-- MySQL dump 10.13  Distrib 8.0.28, for Win64 (x86_64)
--
-- Host: 3.36.69.192    Database: educolab
-- ------------------------------------------------------
-- Server version	8.0.30-0ubuntu0.20.04.2

/*!40101 SET @OLD_CHARACTER_SET_CLIENT=@@CHARACTER_SET_CLIENT */;
/*!40101 SET @OLD_CHARACTER_SET_RESULTS=@@CHARACTER_SET_RESULTS */;
/*!40101 SET @OLD_COLLATION_CONNECTION=@@COLLATION_CONNECTION */;
/*!50503 SET NAMES utf8 */;
/*!40103 SET @OLD_TIME_ZONE=@@TIME_ZONE */;
/*!40103 SET TIME_ZONE='+00:00' */;
/*!40014 SET @OLD_UNIQUE_CHECKS=@@UNIQUE_CHECKS, UNIQUE_CHECKS=0 */;
/*!40014 SET @OLD_FOREIGN_KEY_CHECKS=@@FOREIGN_KEY_CHECKS, FOREIGN_KEY_CHECKS=0 */;
/*!40101 SET @OLD_SQL_MODE=@@SQL_MODE, SQL_MODE='NO_AUTO_VALUE_ON_ZERO' */;
/*!40111 SET @OLD_SQL_NOTES=@@SQL_NOTES, SQL_NOTES=0 */;

--
-- Table structure for table `notice_notice`
--

DROP TABLE IF EXISTS `notice_notice`;
/*!40101 SET @saved_cs_client     = @@character_set_client */;
/*!50503 SET character_set_client = utf8mb4 */;
CREATE TABLE `notice_notice` (
  `id` bigint NOT NULL AUTO_INCREMENT,
  `classification` varchar(45) NOT NULL,
  `title` varchar(45) NOT NULL,
  `created_at` datetime(6) NOT NULL,
  `updated_at` datetime(6) NOT NULL,
  `content` longtext NOT NULL,
  `views` int NOT NULL,
  `school_id` varchar(7) NOT NULL,
  `teacher_id` varchar(20) NOT NULL,
  PRIMARY KEY (`id`),
  KEY `notice_notice_school_id_0e5f7d23_fk_accounts_schoolinfo_code` (`school_id`),
  KEY `notice_notice_teacher_id_075a0a6d_fk_accounts_userinfo_username` (`teacher_id`),
  CONSTRAINT `notice_notice_school_id_0e5f7d23_fk_accounts_schoolinfo_code` FOREIGN KEY (`school_id`) REFERENCES `accounts_schoolinfo` (`code`),
  CONSTRAINT `notice_notice_teacher_id_075a0a6d_fk_accounts_userinfo_username` FOREIGN KEY (`teacher_id`) REFERENCES `accounts_userinfo` (`username`)
) ENGINE=InnoDB AUTO_INCREMENT=71 DEFAULT CHARSET=utf8mb4 COLLATE=utf8mb4_0900_ai_ci;
/*!40101 SET character_set_client = @saved_cs_client */;

--
-- Dumping data for table `notice_notice`
--

LOCK TABLES `notice_notice` WRITE;
/*!40000 ALTER TABLE `notice_notice` DISABLE KEYS */;
INSERT INTO `notice_notice` VALUES (7,'공지','이번주 수업 참여도 우수자 목록','2022-08-08 01:29:27.522351','2022-08-19 00:59:56.032494','8월 2주차 수업 참여도 우수자 목록입니다.',185,'7003850','teacher01'),(8,'공지','쓰레기를 분리수거 해주세요','2022-08-08 01:31:50.687604','2022-08-17 06:27:32.217016','패트병은 라벨을 제거하여 주시고, 플라스틱, 캔은 찌그러뜨려 부피를 줄여서 버려주시기 바랍니다.',15,'7003850','teacher01'),(9,'행사','체육대회 안내','2022-08-08 01:34:01.685710','2022-08-17 06:06:29.093263','학교 체육대회가 8월 10일 진행됩니다.',12,'7003850','teacher01'),(10,'공지','학부모 참관 수업 안내','2022-08-08 01:35:27.415545','2022-08-17 13:51:39.962689','8월 11일 학부모 참관 수업이 예정되어있습니다. 1',35,'7003850','teacher01'),(11,'공지','학교 축제 당부사항','2022-08-08 01:37:01.837468','2022-08-17 13:51:10.647581','8월 19일 진행되는 학교 축제에서의 당부사항입니다.',11,'7003850','teacher01'),(12,'변경','시간표 변경 안내','2022-08-08 01:38:44.157965','2022-08-19 00:31:10.660982','오늘 수학 교과 OOO 선생님이 출장인 관계로 수학 수준별 수업(상)은 자습으로 대체됩니다.',8,'7003850','teacher01'),(13,'공지','교내봉사 대상자','2022-08-08 01:40:29.759066','2022-08-17 14:53:39.014037','8월 2주차 교내봉사 대상자입니다.',22,'7003850','teacher01'),(14,'공지','특별활동 선택 마감 기한 안내','2022-08-08 01:41:39.926870','2022-08-17 13:46:19.380487','특별활동 선택 마감 기한이 8월 31일 까지입니다. 기한 내에 선택하여 담임선생님께 알려주시길 바랍니다.',18,'7003850','teacher01'),(17,'공지','가정통신','2022-08-08 05:34:29.468493','2022-08-19 01:01:51.418612','가정통신문입니다.',58,'7003850','teacher01'),(51,'공지','급식시간에 줄을 잘 지킵시다.','2022-08-17 06:09:06.639017','2022-08-18 06:37:23.990355','새치기는 하지마세요.',12,'7003850','teacher01'),(52,'공지','중간고사 일정 안내','2022-08-17 06:12:31.978296','2022-08-19 00:59:24.196626','2학기 중간고사는 2022-08-30~2022-09-02 입니다.',18,'7003850','teacher01'),(53,'공지','교내 흡연자 처벌안내','2022-08-17 06:13:32.858596','2022-08-18 23:41:07.358873','앞으로 교내에서 흡연하다 적발 시 벌점을 3점 부여하도록 하겠습니다',7,'7003850','teacher01'),(54,'행사','교내 논술대회 일정 안내','2022-08-17 06:15:45.510467','2022-08-18 23:41:05.215693','2022-09-12(월) 방과후 교내 논술대회가 있을 예정입니다.<div>자세한 내용은 추후 공지사항으로 발송하겠습니다.</div>',10,'7003850','teacher01'),(55,'공지','9월 급식 일정 안내','2022-08-17 06:18:46.459417','2022-08-19 00:59:21.841082','9월 급식 일정입니다.',33,'7003850','teacher01'),(56,'공지','시험 기간 시험 지원 학부모님 안내','2022-08-17 06:20:44.496670','2022-08-19 00:59:02.498655','시험기간 시험을 위해 지원해주신 학부모님들께 문자메세지 드렸습니다.',22,'7003850','teacher01'),(58,'변경','태풍으로 인한 수학여행 취소','2022-08-17 06:51:18.893681','2022-08-19 00:58:52.317641','이번주 수요일부터 상륙하는 태풍 볼라벤으로 인해 불가피하게 수학여행은 취소하게 되었습니다.',123,'7003850','teacher01');
/*!40000 ALTER TABLE `notice_notice` ENABLE KEYS */;
UNLOCK TABLES;
/*!40103 SET TIME_ZONE=@OLD_TIME_ZONE */;

/*!40101 SET SQL_MODE=@OLD_SQL_MODE */;
/*!40014 SET FOREIGN_KEY_CHECKS=@OLD_FOREIGN_KEY_CHECKS */;
/*!40014 SET UNIQUE_CHECKS=@OLD_UNIQUE_CHECKS */;
/*!40101 SET CHARACTER_SET_CLIENT=@OLD_CHARACTER_SET_CLIENT */;
/*!40101 SET CHARACTER_SET_RESULTS=@OLD_CHARACTER_SET_RESULTS */;
/*!40101 SET COLLATION_CONNECTION=@OLD_COLLATION_CONNECTION */;
/*!40111 SET SQL_NOTES=@OLD_SQL_NOTES */;

-- Dump completed on 2022-08-19 10:03:14
-- MySQL dump 10.13  Distrib 8.0.28, for Win64 (x86_64)
--
-- Host: 3.36.69.192    Database: educolab
-- ------------------------------------------------------
-- Server version	8.0.30-0ubuntu0.20.04.2

/*!40101 SET @OLD_CHARACTER_SET_CLIENT=@@CHARACTER_SET_CLIENT */;
/*!40101 SET @OLD_CHARACTER_SET_RESULTS=@@CHARACTER_SET_RESULTS */;
/*!40101 SET @OLD_COLLATION_CONNECTION=@@COLLATION_CONNECTION */;
/*!50503 SET NAMES utf8 */;
/*!40103 SET @OLD_TIME_ZONE=@@TIME_ZONE */;
/*!40103 SET TIME_ZONE='+00:00' */;
/*!40014 SET @OLD_UNIQUE_CHECKS=@@UNIQUE_CHECKS, UNIQUE_CHECKS=0 */;
/*!40014 SET @OLD_FOREIGN_KEY_CHECKS=@@FOREIGN_KEY_CHECKS, FOREIGN_KEY_CHECKS=0 */;
/*!40101 SET @OLD_SQL_MODE=@@SQL_MODE, SQL_MODE='NO_AUTO_VALUE_ON_ZERO' */;
/*!40111 SET @OLD_SQL_NOTES=@@SQL_NOTES, SQL_NOTES=0 */;

--
-- Table structure for table `notice_files`
--

DROP TABLE IF EXISTS `notice_files`;
/*!40101 SET @saved_cs_client     = @@character_set_client */;
/*!50503 SET character_set_client = utf8mb4 */;
CREATE TABLE `notice_files` (
  `id` bigint NOT NULL AUTO_INCREMENT,
  `atch_file_name` varchar(45) NOT NULL,
  `atch_file` varchar(100) NOT NULL,
  `notice_id` bigint NOT NULL,
  PRIMARY KEY (`id`),
  KEY `notice_files_notice_id_63e5b4a3_fk_notice_notice_id` (`notice_id`),
  CONSTRAINT `notice_files_notice_id_63e5b4a3_fk_notice_notice_id` FOREIGN KEY (`notice_id`) REFERENCES `notice_notice` (`id`)
) ENGINE=InnoDB AUTO_INCREMENT=31 DEFAULT CHARSET=utf8mb4 COLLATE=utf8mb4_0900_ai_ci;
/*!40101 SET character_set_client = @saved_cs_client */;

--
-- Dumping data for table `notice_files`
--

LOCK TABLES `notice_files` WRITE;
/*!40000 ALTER TABLE `notice_files` DISABLE KEYS */;
INSERT INTO `notice_files` VALUES (7,'당부사항.txt','notice/files/당부사항.txt',11),(11,'가정통신문.txt','notice/files/가정통신문.txt',17),(27,'교내 봉사 대상자.txt','notice/files/교내_봉사_대상자.txt',13),(30,'1학기 때 해야하는 것.md','notice/files/1학기_때_해야하는_것_NRts6oe.md',7);
/*!40000 ALTER TABLE `notice_files` ENABLE KEYS */;
UNLOCK TABLES;
/*!40103 SET TIME_ZONE=@OLD_TIME_ZONE */;

/*!40101 SET SQL_MODE=@OLD_SQL_MODE */;
/*!40014 SET FOREIGN_KEY_CHECKS=@OLD_FOREIGN_KEY_CHECKS */;
/*!40014 SET UNIQUE_CHECKS=@OLD_UNIQUE_CHECKS */;
/*!40101 SET CHARACTER_SET_CLIENT=@OLD_CHARACTER_SET_CLIENT */;
/*!40101 SET CHARACTER_SET_RESULTS=@OLD_CHARACTER_SET_RESULTS */;
/*!40101 SET COLLATION_CONNECTION=@OLD_COLLATION_CONNECTION */;
/*!40111 SET SQL_NOTES=@OLD_SQL_NOTES */;

-- Dump completed on 2022-08-19 10:03:14
-- MySQL dump 10.13  Distrib 8.0.28, for Win64 (x86_64)
--
-- Host: 3.36.69.192    Database: educolab
-- ------------------------------------------------------
-- Server version	8.0.30-0ubuntu0.20.04.2

/*!40101 SET @OLD_CHARACTER_SET_CLIENT=@@CHARACTER_SET_CLIENT */;
/*!40101 SET @OLD_CHARACTER_SET_RESULTS=@@CHARACTER_SET_RESULTS */;
/*!40101 SET @OLD_COLLATION_CONNECTION=@@COLLATION_CONNECTION */;
/*!50503 SET NAMES utf8 */;
/*!40103 SET @OLD_TIME_ZONE=@@TIME_ZONE */;
/*!40103 SET TIME_ZONE='+00:00' */;
/*!40014 SET @OLD_UNIQUE_CHECKS=@@UNIQUE_CHECKS, UNIQUE_CHECKS=0 */;
/*!40014 SET @OLD_FOREIGN_KEY_CHECKS=@@FOREIGN_KEY_CHECKS, FOREIGN_KEY_CHECKS=0 */;
/*!40101 SET @OLD_SQL_MODE=@@SQL_MODE, SQL_MODE='NO_AUTO_VALUE_ON_ZERO' */;
/*!40111 SET @OLD_SQL_NOTES=@@SQL_NOTES, SQL_NOTES=0 */;

--
-- Table structure for table `mainpage_event`
--

DROP TABLE IF EXISTS `mainpage_event`;
/*!40101 SET @saved_cs_client     = @@character_set_client */;
/*!50503 SET character_set_client = utf8mb4 */;
CREATE TABLE `mainpage_event` (
  `id` bigint NOT NULL AUTO_INCREMENT,
  `title` varchar(20) NOT NULL,
  `date` date NOT NULL,
  `school_id` varchar(7) NOT NULL,
  PRIMARY KEY (`id`),
  KEY `mainpage_event_school_id_4305c97c_fk_accounts_schoolinfo_code` (`school_id`),
  CONSTRAINT `mainpage_event_school_id_4305c97c_fk_accounts_schoolinfo_code` FOREIGN KEY (`school_id`) REFERENCES `accounts_schoolinfo` (`code`)
) ENGINE=InnoDB DEFAULT CHARSET=utf8mb4 COLLATE=utf8mb4_0900_ai_ci;
/*!40101 SET character_set_client = @saved_cs_client */;

--
-- Dumping data for table `mainpage_event`
--

LOCK TABLES `mainpage_event` WRITE;
/*!40000 ALTER TABLE `mainpage_event` DISABLE KEYS */;
/*!40000 ALTER TABLE `mainpage_event` ENABLE KEYS */;
UNLOCK TABLES;
/*!40103 SET TIME_ZONE=@OLD_TIME_ZONE */;

/*!40101 SET SQL_MODE=@OLD_SQL_MODE */;
/*!40014 SET FOREIGN_KEY_CHECKS=@OLD_FOREIGN_KEY_CHECKS */;
/*!40014 SET UNIQUE_CHECKS=@OLD_UNIQUE_CHECKS */;
/*!40101 SET CHARACTER_SET_CLIENT=@OLD_CHARACTER_SET_CLIENT */;
/*!40101 SET CHARACTER_SET_RESULTS=@OLD_CHARACTER_SET_RESULTS */;
/*!40101 SET COLLATION_CONNECTION=@OLD_COLLATION_CONNECTION */;
/*!40111 SET SQL_NOTES=@OLD_SQL_NOTES */;

-- Dump completed on 2022-08-19 10:03:18
-- MySQL dump 10.13  Distrib 8.0.28, for Win64 (x86_64)
--
-- Host: 3.36.69.192    Database: educolab
-- ------------------------------------------------------
-- Server version	8.0.30-0ubuntu0.20.04.2

/*!40101 SET @OLD_CHARACTER_SET_CLIENT=@@CHARACTER_SET_CLIENT */;
/*!40101 SET @OLD_CHARACTER_SET_RESULTS=@@CHARACTER_SET_RESULTS */;
/*!40101 SET @OLD_COLLATION_CONNECTION=@@COLLATION_CONNECTION */;
/*!50503 SET NAMES utf8 */;
/*!40103 SET @OLD_TIME_ZONE=@@TIME_ZONE */;
/*!40103 SET TIME_ZONE='+00:00' */;
/*!40014 SET @OLD_UNIQUE_CHECKS=@@UNIQUE_CHECKS, UNIQUE_CHECKS=0 */;
/*!40014 SET @OLD_FOREIGN_KEY_CHECKS=@@FOREIGN_KEY_CHECKS, FOREIGN_KEY_CHECKS=0 */;
/*!40101 SET @OLD_SQL_MODE=@@SQL_MODE, SQL_MODE='NO_AUTO_VALUE_ON_ZERO' */;
/*!40111 SET @OLD_SQL_NOTES=@@SQL_NOTES, SQL_NOTES=0 */;

--
-- Table structure for table `notice_notice`
--

DROP TABLE IF EXISTS `notice_notice`;
/*!40101 SET @saved_cs_client     = @@character_set_client */;
/*!50503 SET character_set_client = utf8mb4 */;
CREATE TABLE `notice_notice` (
  `id` bigint NOT NULL AUTO_INCREMENT,
  `classification` varchar(45) NOT NULL,
  `title` varchar(45) NOT NULL,
  `created_at` datetime(6) NOT NULL,
  `updated_at` datetime(6) NOT NULL,
  `content` longtext NOT NULL,
  `views` int NOT NULL,
  `school_id` varchar(7) NOT NULL,
  `teacher_id` varchar(20) NOT NULL,
  PRIMARY KEY (`id`),
  KEY `notice_notice_school_id_0e5f7d23_fk_accounts_schoolinfo_code` (`school_id`),
  KEY `notice_notice_teacher_id_075a0a6d_fk_accounts_userinfo_username` (`teacher_id`),
  CONSTRAINT `notice_notice_school_id_0e5f7d23_fk_accounts_schoolinfo_code` FOREIGN KEY (`school_id`) REFERENCES `accounts_schoolinfo` (`code`),
  CONSTRAINT `notice_notice_teacher_id_075a0a6d_fk_accounts_userinfo_username` FOREIGN KEY (`teacher_id`) REFERENCES `accounts_userinfo` (`username`)
) ENGINE=InnoDB AUTO_INCREMENT=71 DEFAULT CHARSET=utf8mb4 COLLATE=utf8mb4_0900_ai_ci;
/*!40101 SET character_set_client = @saved_cs_client */;

--
-- Dumping data for table `notice_notice`
--

LOCK TABLES `notice_notice` WRITE;
/*!40000 ALTER TABLE `notice_notice` DISABLE KEYS */;
INSERT INTO `notice_notice` VALUES (7,'공지','이번주 수업 참여도 우수자 목록','2022-08-08 01:29:27.522351','2022-08-19 00:59:56.032494','8월 2주차 수업 참여도 우수자 목록입니다.',185,'7003850','teacher01'),(8,'공지','쓰레기를 분리수거 해주세요','2022-08-08 01:31:50.687604','2022-08-17 06:27:32.217016','패트병은 라벨을 제거하여 주시고, 플라스틱, 캔은 찌그러뜨려 부피를 줄여서 버려주시기 바랍니다.',15,'7003850','teacher01'),(9,'행사','체육대회 안내','2022-08-08 01:34:01.685710','2022-08-17 06:06:29.093263','학교 체육대회가 8월 10일 진행됩니다.',12,'7003850','teacher01'),(10,'공지','학부모 참관 수업 안내','2022-08-08 01:35:27.415545','2022-08-17 13:51:39.962689','8월 11일 학부모 참관 수업이 예정되어있습니다. 1',35,'7003850','teacher01'),(11,'공지','학교 축제 당부사항','2022-08-08 01:37:01.837468','2022-08-17 13:51:10.647581','8월 19일 진행되는 학교 축제에서의 당부사항입니다.',11,'7003850','teacher01'),(12,'변경','시간표 변경 안내','2022-08-08 01:38:44.157965','2022-08-19 00:31:10.660982','오늘 수학 교과 OOO 선생님이 출장인 관계로 수학 수준별 수업(상)은 자습으로 대체됩니다.',8,'7003850','teacher01'),(13,'공지','교내봉사 대상자','2022-08-08 01:40:29.759066','2022-08-17 14:53:39.014037','8월 2주차 교내봉사 대상자입니다.',22,'7003850','teacher01'),(14,'공지','특별활동 선택 마감 기한 안내','2022-08-08 01:41:39.926870','2022-08-17 13:46:19.380487','특별활동 선택 마감 기한이 8월 31일 까지입니다. 기한 내에 선택하여 담임선생님께 알려주시길 바랍니다.',18,'7003850','teacher01'),(17,'공지','가정통신','2022-08-08 05:34:29.468493','2022-08-19 01:01:51.418612','가정통신문입니다.',58,'7003850','teacher01'),(51,'공지','급식시간에 줄을 잘 지킵시다.','2022-08-17 06:09:06.639017','2022-08-18 06:37:23.990355','새치기는 하지마세요.',12,'7003850','teacher01'),(52,'공지','중간고사 일정 안내','2022-08-17 06:12:31.978296','2022-08-19 00:59:24.196626','2학기 중간고사는 2022-08-30~2022-09-02 입니다.',18,'7003850','teacher01'),(53,'공지','교내 흡연자 처벌안내','2022-08-17 06:13:32.858596','2022-08-18 23:41:07.358873','앞으로 교내에서 흡연하다 적발 시 벌점을 3점 부여하도록 하겠습니다',7,'7003850','teacher01'),(54,'행사','교내 논술대회 일정 안내','2022-08-17 06:15:45.510467','2022-08-18 23:41:05.215693','2022-09-12(월) 방과후 교내 논술대회가 있을 예정입니다.<div>자세한 내용은 추후 공지사항으로 발송하겠습니다.</div>',10,'7003850','teacher01'),(55,'공지','9월 급식 일정 안내','2022-08-17 06:18:46.459417','2022-08-19 00:59:21.841082','9월 급식 일정입니다.',33,'7003850','teacher01'),(56,'공지','시험 기간 시험 지원 학부모님 안내','2022-08-17 06:20:44.496670','2022-08-19 00:59:02.498655','시험기간 시험을 위해 지원해주신 학부모님들께 문자메세지 드렸습니다.',22,'7003850','teacher01'),(58,'변경','태풍으로 인한 수학여행 취소','2022-08-17 06:51:18.893681','2022-08-19 00:58:52.317641','이번주 수요일부터 상륙하는 태풍 볼라벤으로 인해 불가피하게 수학여행은 취소하게 되었습니다.',123,'7003850','teacher01');
/*!40000 ALTER TABLE `notice_notice` ENABLE KEYS */;
UNLOCK TABLES;
/*!40103 SET TIME_ZONE=@OLD_TIME_ZONE */;

/*!40101 SET SQL_MODE=@OLD_SQL_MODE */;
/*!40014 SET FOREIGN_KEY_CHECKS=@OLD_FOREIGN_KEY_CHECKS */;
/*!40014 SET UNIQUE_CHECKS=@OLD_UNIQUE_CHECKS */;
/*!40101 SET CHARACTER_SET_CLIENT=@OLD_CHARACTER_SET_CLIENT */;
/*!40101 SET CHARACTER_SET_RESULTS=@OLD_CHARACTER_SET_RESULTS */;
/*!40101 SET COLLATION_CONNECTION=@OLD_COLLATION_CONNECTION */;
/*!40111 SET SQL_NOTES=@OLD_SQL_NOTES */;

-- Dump completed on 2022-08-19 10:03:14
-- MySQL dump 10.13  Distrib 8.0.28, for Win64 (x86_64)
--
-- Host: 3.36.69.192    Database: educolab
-- ------------------------------------------------------
-- Server version	8.0.30-0ubuntu0.20.04.2

/*!40101 SET @OLD_CHARACTER_SET_CLIENT=@@CHARACTER_SET_CLIENT */;
/*!40101 SET @OLD_CHARACTER_SET_RESULTS=@@CHARACTER_SET_RESULTS */;
/*!40101 SET @OLD_COLLATION_CONNECTION=@@COLLATION_CONNECTION */;
/*!50503 SET NAMES utf8 */;
/*!40103 SET @OLD_TIME_ZONE=@@TIME_ZONE */;
/*!40103 SET TIME_ZONE='+00:00' */;
/*!40014 SET @OLD_UNIQUE_CHECKS=@@UNIQUE_CHECKS, UNIQUE_CHECKS=0 */;
/*!40014 SET @OLD_FOREIGN_KEY_CHECKS=@@FOREIGN_KEY_CHECKS, FOREIGN_KEY_CHECKS=0 */;
/*!40101 SET @OLD_SQL_MODE=@@SQL_MODE, SQL_MODE='NO_AUTO_VALUE_ON_ZERO' */;
/*!40111 SET @OLD_SQL_NOTES=@@SQL_NOTES, SQL_NOTES=0 */;

--
-- Table structure for table `pointshop_icon`
--

DROP TABLE IF EXISTS `pointshop_icon`;
/*!40101 SET @saved_cs_client     = @@character_set_client */;
/*!50503 SET character_set_client = utf8mb4 */;
CREATE TABLE `pointshop_icon` (
  `id` bigint NOT NULL AUTO_INCREMENT,
  `title` varchar(30) NOT NULL,
  `price` int NOT NULL,
  `content` varchar(50) NOT NULL,
  `icon` varchar(100) NOT NULL,
  PRIMARY KEY (`id`)
) ENGINE=InnoDB AUTO_INCREMENT=34 DEFAULT CHARSET=utf8mb4 COLLATE=utf8mb4_0900_ai_ci;
/*!40101 SET character_set_client = @saved_cs_client */;

--
-- Dumping data for table `pointshop_icon`
--

LOCK TABLES `pointshop_icon` WRITE;
/*!40000 ALTER TABLE `pointshop_icon` DISABLE KEYS */;
INSERT INTO `pointshop_icon` VALUES (2,'외계인 실버',30,'실버 등급 외계','pointshop/icon/align1.png'),(3,'외계인 블루',50,'블루 등급 외계인','pointshop/icon/align2.png'),(4,'외계인 레드',100,'레드 등급 외계인','pointshop/icon/align3.png'),(5,'외계인 퍼플',150,'퍼플 등급 외계인','pointshop/icon/align4.png'),(6,'스마일 실버',30,'실버 등급 스마일','pointshop/icon/baby1.png'),(7,'스마일 블루',50,'블루 등급 스마일','pointshop/icon/baby2.png'),(8,'스마일 레드',100,'레드 등급 스마일','pointshop/icon/baby3.png'),(9,'스마일 퍼플',150,'퍼플 등급 스마일','pointshop/icon/baby4.png'),(10,'대학생 실버',30,'실버 등급 대학생','pointshop/icon/brainpeople1.png'),(11,'대학생 블루',50,'블루 등급 대학생','pointshop/icon/brainpeople2.png'),(12,'대학생 레드',100,'레드 등급 대학생','pointshop/icon/brainpeople3.png'),(13,'대학생 퍼플',150,'퍼플 등급 대학생','pointshop/icon/brainpeople4.png'),(14,'고양이 실버',30,'실버 등급 고양이','pointshop/icon/cat1.png'),(15,'고양이 블루',50,'블루 등급 고양이','pointshop/icon/cat2.png'),(16,'고양이 레드',100,'레드 등급 고양이','pointshop/icon/cat3.png'),(17,'고양이 퍼플',150,'퍼플 등급 고양이','pointshop/icon/cat4.png'),(18,'쿠키 실버',30,'실버 등급 쿠키','pointshop/icon/cookie1.png'),(19,'쿠키 블루',50,'블루 등급 쿠키','pointshop/icon/cookie2.png'),(20,'쿠키 레드',100,'레드 등급 쿠키','pointshop/icon/cookie3.png'),(21,'쿠키 퍼플',150,'퍼플 등급 쿠키','pointshop/icon/cookie4.png'),(22,'악마 실버',30,'실버 등급 악마','pointshop/icon/devil1.png'),(23,'악마 블루',50,'블루 등급 악마','pointshop/icon/devil2.png'),(24,'악마 레드',100,'레드 등급 악마','pointshop/icon/devil3.png'),(25,'악마 퍼플',150,'퍼플 등급 악마','pointshop/icon/devil4.png'),(26,'유령 실버',30,'실버 등급 유령','pointshop/icon/ghost1.png'),(27,'유령 블루',50,'블루 등급 유령','pointshop/icon/ghost2.png'),(28,'유령 레드',100,'레드 등급 유령','pointshop/icon/ghost3.png'),(29,'유령 퍼플',150,'퍼플 등급 유령','pointshop/icon/ghost4.png'),(30,'왕 실버',30,'실버 등급 왕','pointshop/icon/king1.png'),(31,'왕 블루',50,'블루 등급 왕','pointshop/icon/king2.png'),(32,'왕 레드',100,'레드 등급 왕','pointshop/icon/king3.png'),(33,'왕 퍼플',150,'퍼플 등급 왕','pointshop/icon/king4.png');
/*!40000 ALTER TABLE `pointshop_icon` ENABLE KEYS */;
UNLOCK TABLES;
/*!40103 SET TIME_ZONE=@OLD_TIME_ZONE */;

/*!40101 SET SQL_MODE=@OLD_SQL_MODE */;
/*!40014 SET FOREIGN_KEY_CHECKS=@OLD_FOREIGN_KEY_CHECKS */;
/*!40014 SET UNIQUE_CHECKS=@OLD_UNIQUE_CHECKS */;
/*!40101 SET CHARACTER_SET_CLIENT=@OLD_CHARACTER_SET_CLIENT */;
/*!40101 SET CHARACTER_SET_RESULTS=@OLD_CHARACTER_SET_RESULTS */;
/*!40101 SET COLLATION_CONNECTION=@OLD_COLLATION_CONNECTION */;
/*!40111 SET SQL_NOTES=@OLD_SQL_NOTES */;

-- Dump completed on 2022-08-19 10:03:11
-- MySQL dump 10.13  Distrib 8.0.28, for Win64 (x86_64)
--
-- Host: 3.36.69.192    Database: educolab
-- ------------------------------------------------------
-- Server version	8.0.30-0ubuntu0.20.04.2

/*!40101 SET @OLD_CHARACTER_SET_CLIENT=@@CHARACTER_SET_CLIENT */;
/*!40101 SET @OLD_CHARACTER_SET_RESULTS=@@CHARACTER_SET_RESULTS */;
/*!40101 SET @OLD_COLLATION_CONNECTION=@@COLLATION_CONNECTION */;
/*!50503 SET NAMES utf8 */;
/*!40103 SET @OLD_TIME_ZONE=@@TIME_ZONE */;
/*!40103 SET TIME_ZONE='+00:00' */;
/*!40014 SET @OLD_UNIQUE_CHECKS=@@UNIQUE_CHECKS, UNIQUE_CHECKS=0 */;
/*!40014 SET @OLD_FOREIGN_KEY_CHECKS=@@FOREIGN_KEY_CHECKS, FOREIGN_KEY_CHECKS=0 */;
/*!40101 SET @OLD_SQL_MODE=@@SQL_MODE, SQL_MODE='NO_AUTO_VALUE_ON_ZERO' */;
/*!40111 SET @OLD_SQL_NOTES=@@SQL_NOTES, SQL_NOTES=0 */;

--
-- Table structure for table `pointshop_ptitle`
--

DROP TABLE IF EXISTS `pointshop_ptitle`;
/*!40101 SET @saved_cs_client     = @@character_set_client */;
/*!50503 SET character_set_client = utf8mb4 */;
CREATE TABLE `pointshop_ptitle` (
  `id` bigint NOT NULL AUTO_INCREMENT,
  `title` varchar(30) NOT NULL,
  `price` int NOT NULL,
  `content` varchar(50) NOT NULL,
  PRIMARY KEY (`id`)
) ENGINE=InnoDB AUTO_INCREMENT=9 DEFAULT CHARSET=utf8mb4 COLLATE=utf8mb4_0900_ai_ci;
/*!40101 SET character_set_client = @saved_cs_client */;

--
-- Dumping data for table `pointshop_ptitle`
--

LOCK TABLES `pointshop_ptitle` WRITE;
/*!40000 ALTER TABLE `pointshop_ptitle` DISABLE KEYS */;
INSERT INTO `pointshop_ptitle` VALUES (1,'vue.js의 끝을 본 자',30,''),(2,'Kivy의 끝을 본 자',50,''),(3,'UCC 마스터',100,''),(4,'Django의 신',200,''),(5,'배포 마스터',300,''),(6,'팀의 대장 \'팀장\'',700,''),(7,'나는야 긍정왕',10,''),(8,'공짜 칭호',0,'');
/*!40000 ALTER TABLE `pointshop_ptitle` ENABLE KEYS */;
UNLOCK TABLES;
/*!40103 SET TIME_ZONE=@OLD_TIME_ZONE */;

/*!40101 SET SQL_MODE=@OLD_SQL_MODE */;
/*!40014 SET FOREIGN_KEY_CHECKS=@OLD_FOREIGN_KEY_CHECKS */;
/*!40014 SET UNIQUE_CHECKS=@OLD_UNIQUE_CHECKS */;
/*!40101 SET CHARACTER_SET_CLIENT=@OLD_CHARACTER_SET_CLIENT */;
/*!40101 SET CHARACTER_SET_RESULTS=@OLD_CHARACTER_SET_RESULTS */;
/*!40101 SET COLLATION_CONNECTION=@OLD_COLLATION_CONNECTION */;
/*!40111 SET SQL_NOTES=@OLD_SQL_NOTES */;

-- Dump completed on 2022-08-19 10:03:22
-- MySQL dump 10.13  Distrib 8.0.28, for Win64 (x86_64)
--
-- Host: 3.36.69.192    Database: educolab
-- ------------------------------------------------------
-- Server version	8.0.30-0ubuntu0.20.04.2

/*!40101 SET @OLD_CHARACTER_SET_CLIENT=@@CHARACTER_SET_CLIENT */;
/*!40101 SET @OLD_CHARACTER_SET_RESULTS=@@CHARACTER_SET_RESULTS */;
/*!40101 SET @OLD_COLLATION_CONNECTION=@@COLLATION_CONNECTION */;
/*!50503 SET NAMES utf8 */;
/*!40103 SET @OLD_TIME_ZONE=@@TIME_ZONE */;
/*!40103 SET TIME_ZONE='+00:00' */;
/*!40014 SET @OLD_UNIQUE_CHECKS=@@UNIQUE_CHECKS, UNIQUE_CHECKS=0 */;
/*!40014 SET @OLD_FOREIGN_KEY_CHECKS=@@FOREIGN_KEY_CHECKS, FOREIGN_KEY_CHECKS=0 */;
/*!40101 SET @OLD_SQL_MODE=@@SQL_MODE, SQL_MODE='NO_AUTO_VALUE_ON_ZERO' */;
/*!40111 SET @OLD_SQL_NOTES=@@SQL_NOTES, SQL_NOTES=0 */;

--
-- Table structure for table `quiz_quizlist`
--

DROP TABLE IF EXISTS `quiz_quizlist`;
/*!40101 SET @saved_cs_client     = @@character_set_client */;
/*!50503 SET character_set_client = utf8mb4 */;
CREATE TABLE `quiz_quizlist` (
  `id` bigint NOT NULL AUTO_INCREMENT,
  `title` varchar(45) NOT NULL,
  `created_at` datetime(6) NOT NULL,
  `updated_at` datetime(6) NOT NULL,
  `teacher_id` varchar(20) NOT NULL,
  PRIMARY KEY (`id`),
  KEY `quiz_quizlist_teacher_id_2523f64a_fk_accounts_userinfo_username` (`teacher_id`),
  CONSTRAINT `quiz_quizlist_teacher_id_2523f64a_fk_accounts_userinfo_username` FOREIGN KEY (`teacher_id`) REFERENCES `accounts_userinfo` (`username`)
) ENGINE=InnoDB AUTO_INCREMENT=96 DEFAULT CHARSET=utf8mb4 COLLATE=utf8mb4_0900_ai_ci;
/*!40101 SET character_set_client = @saved_cs_client */;

--
-- Dumping data for table `quiz_quizlist`
--

LOCK TABLES `quiz_quizlist` WRITE;
/*!40000 ALTER TABLE `quiz_quizlist` DISABLE KEYS */;
INSERT INTO `quiz_quizlist` VALUES (1,'2학년 1반 1교시 국어 퀴즈 문제','2022-08-08 06:57:04.714064','2022-08-15 18:20:20.074288','teacher01'),(4,'깜짝퀴즈04 - 수정','2022-08-08 06:57:33.924746','2022-08-18 20:06:11.534546','teacher01'),(5,'깜짝퀴즈05','2022-08-08 06:57:36.871095','2022-08-08 06:57:36.871095','teacher01'),(6,'깜짝퀴즈06 - 수정','2022-08-08 06:58:03.011805','2022-08-18 20:21:29.564116','teacher01'),(7,'깜짝퀴즈07','2022-08-08 06:58:06.933780','2022-08-18 19:31:21.737498','teacher01'),(8,'깜짝퀴즈08','2022-08-08 06:58:09.974176','2022-08-19 00:04:23.405447','teacher01'),(9,'깜짝퀴즈09','2022-08-08 06:58:12.478705','2022-08-18 19:26:58.370809','teacher01'),(10,'깜짝퀴즈10','2022-08-08 06:58:15.393951','2022-08-18 19:26:13.781688','teacher01'),(67,'수학 깜짝 퀴즈 : 거듭제곱','2022-08-18 07:18:04.180559','2022-08-18 07:18:04.180596','consultant_teach'),(68,'수학 깜짝 퀴즈 : 정수','2022-08-18 07:21:34.241745','2022-08-18 07:21:34.241781','consultant_teach'),(69,'수학 깜짝 퀴즈 : 정수의 대소 관계','2022-08-18 08:09:25.007477','2022-08-18 08:09:25.007518','consultant_teach'),(70,'수학 깜짝 퀴즈 : 1차 방정식','2022-08-18 08:14:55.133102','2022-08-18 08:14:55.133138','consultant_teach'),(71,'SSAFY 퀴즈!!','2022-08-18 10:01:53.576586','2022-08-18 10:01:53.576623','consultant_teach'),(74,'퀴즈 내용 비워놓고 생성 실험','2022-08-18 12:45:19.066039','2022-08-18 12:45:19.066076','teacher01'),(76,'SSAFY 퀴즈!!','2022-08-18 13:40:28.333928','2022-08-18 13:40:28.333972','teacher01'),(84,'SSAFY 상식 퀴즈!!!!','2022-08-18 17:28:37.395937','2022-08-18 21:05:10.411808','consultant_teach');
/*!40000 ALTER TABLE `quiz_quizlist` ENABLE KEYS */;
UNLOCK TABLES;
/*!40103 SET TIME_ZONE=@OLD_TIME_ZONE */;

/*!40101 SET SQL_MODE=@OLD_SQL_MODE */;
/*!40014 SET FOREIGN_KEY_CHECKS=@OLD_FOREIGN_KEY_CHECKS */;
/*!40014 SET UNIQUE_CHECKS=@OLD_UNIQUE_CHECKS */;
/*!40101 SET CHARACTER_SET_CLIENT=@OLD_CHARACTER_SET_CLIENT */;
/*!40101 SET CHARACTER_SET_RESULTS=@OLD_CHARACTER_SET_RESULTS */;
/*!40101 SET COLLATION_CONNECTION=@OLD_COLLATION_CONNECTION */;
/*!40111 SET SQL_NOTES=@OLD_SQL_NOTES */;

-- Dump completed on 2022-08-19 10:03:22
-- MySQL dump 10.13  Distrib 8.0.28, for Win64 (x86_64)
--
-- Host: 3.36.69.192    Database: educolab
-- ------------------------------------------------------
-- Server version	8.0.30-0ubuntu0.20.04.2

/*!40101 SET @OLD_CHARACTER_SET_CLIENT=@@CHARACTER_SET_CLIENT */;
/*!40101 SET @OLD_CHARACTER_SET_RESULTS=@@CHARACTER_SET_RESULTS */;
/*!40101 SET @OLD_COLLATION_CONNECTION=@@COLLATION_CONNECTION */;
/*!50503 SET NAMES utf8 */;
/*!40103 SET @OLD_TIME_ZONE=@@TIME_ZONE */;
/*!40103 SET TIME_ZONE='+00:00' */;
/*!40014 SET @OLD_UNIQUE_CHECKS=@@UNIQUE_CHECKS, UNIQUE_CHECKS=0 */;
/*!40014 SET @OLD_FOREIGN_KEY_CHECKS=@@FOREIGN_KEY_CHECKS, FOREIGN_KEY_CHECKS=0 */;
/*!40101 SET @OLD_SQL_MODE=@@SQL_MODE, SQL_MODE='NO_AUTO_VALUE_ON_ZERO' */;
/*!40111 SET @OLD_SQL_NOTES=@@SQL_NOTES, SQL_NOTES=0 */;

--
-- Table structure for table `survey_sueveytemplate`
--

DROP TABLE IF EXISTS `survey_sueveytemplate`;
/*!40101 SET @saved_cs_client     = @@character_set_client */;
/*!50503 SET character_set_client = utf8mb4 */;
CREATE TABLE `survey_sueveytemplate` (
  `id` bigint NOT NULL AUTO_INCREMENT,
  `data` varchar(450) NOT NULL,
  `teacher_id_id` varchar(20) NOT NULL,
  PRIMARY KEY (`id`),
  KEY `survey_sueveytemplat_teacher_id_id_0f3726c8_fk_accounts_` (`teacher_id_id`),
  CONSTRAINT `survey_sueveytemplat_teacher_id_id_0f3726c8_fk_accounts_` FOREIGN KEY (`teacher_id_id`) REFERENCES `accounts_userinfo` (`username`)
) ENGINE=InnoDB DEFAULT CHARSET=utf8mb4 COLLATE=utf8mb4_0900_ai_ci;
/*!40101 SET character_set_client = @saved_cs_client */;

--
-- Dumping data for table `survey_sueveytemplate`
--

LOCK TABLES `survey_sueveytemplate` WRITE;
/*!40000 ALTER TABLE `survey_sueveytemplate` DISABLE KEYS */;
/*!40000 ALTER TABLE `survey_sueveytemplate` ENABLE KEYS */;
UNLOCK TABLES;
/*!40103 SET TIME_ZONE=@OLD_TIME_ZONE */;

/*!40101 SET SQL_MODE=@OLD_SQL_MODE */;
/*!40014 SET FOREIGN_KEY_CHECKS=@OLD_FOREIGN_KEY_CHECKS */;
/*!40014 SET UNIQUE_CHECKS=@OLD_UNIQUE_CHECKS */;
/*!40101 SET CHARACTER_SET_CLIENT=@OLD_CHARACTER_SET_CLIENT */;
/*!40101 SET CHARACTER_SET_RESULTS=@OLD_CHARACTER_SET_RESULTS */;
/*!40101 SET COLLATION_CONNECTION=@OLD_COLLATION_CONNECTION */;
/*!40111 SET SQL_NOTES=@OLD_SQL_NOTES */;

-- Dump completed on 2022-08-19 10:03:16
-- MySQL dump 10.13  Distrib 8.0.28, for Win64 (x86_64)
--
-- Host: 3.36.69.192    Database: educolab
-- ------------------------------------------------------
-- Server version	8.0.30-0ubuntu0.20.04.2

/*!40101 SET @OLD_CHARACTER_SET_CLIENT=@@CHARACTER_SET_CLIENT */;
/*!40101 SET @OLD_CHARACTER_SET_RESULTS=@@CHARACTER_SET_RESULTS */;
/*!40101 SET @OLD_COLLATION_CONNECTION=@@COLLATION_CONNECTION */;
/*!50503 SET NAMES utf8 */;
/*!40103 SET @OLD_TIME_ZONE=@@TIME_ZONE */;
/*!40103 SET TIME_ZONE='+00:00' */;
/*!40014 SET @OLD_UNIQUE_CHECKS=@@UNIQUE_CHECKS, UNIQUE_CHECKS=0 */;
/*!40014 SET @OLD_FOREIGN_KEY_CHECKS=@@FOREIGN_KEY_CHECKS, FOREIGN_KEY_CHECKS=0 */;
/*!40101 SET @OLD_SQL_MODE=@@SQL_MODE, SQL_MODE='NO_AUTO_VALUE_ON_ZERO' */;
/*!40111 SET @OLD_SQL_NOTES=@@SQL_NOTES, SQL_NOTES=0 */;

--
-- Table structure for table `survey_surveylist_done_target`
--

DROP TABLE IF EXISTS `survey_surveylist_done_target`;
/*!40101 SET @saved_cs_client     = @@character_set_client */;
/*!50503 SET character_set_client = utf8mb4 */;
CREATE TABLE `survey_surveylist_done_target` (
  `id` bigint NOT NULL AUTO_INCREMENT,
  `surveylist_id` bigint NOT NULL,
  `userinfo_id` varchar(20) NOT NULL,
  PRIMARY KEY (`id`),
  UNIQUE KEY `survey_surveylist_done_t_surveylist_id_userinfo_i_dca8b949_uniq` (`surveylist_id`,`userinfo_id`),
  KEY `survey_surveylist_do_userinfo_id_f612ad3b_fk_accounts_` (`userinfo_id`),
  CONSTRAINT `survey_surveylist_do_surveylist_id_2beb299f_fk_survey_su` FOREIGN KEY (`surveylist_id`) REFERENCES `survey_surveylist` (`id`),
  CONSTRAINT `survey_surveylist_do_userinfo_id_f612ad3b_fk_accounts_` FOREIGN KEY (`userinfo_id`) REFERENCES `accounts_userinfo` (`username`)
) ENGINE=InnoDB AUTO_INCREMENT=115 DEFAULT CHARSET=utf8mb4 COLLATE=utf8mb4_0900_ai_ci;
/*!40101 SET character_set_client = @saved_cs_client */;

--
-- Dumping data for table `survey_surveylist_done_target`
--

LOCK TABLES `survey_surveylist_done_target` WRITE;
/*!40000 ALTER TABLE `survey_surveylist_done_target` DISABLE KEYS */;
INSERT INTO `survey_surveylist_done_target` VALUES (41,66,'stu01'),(44,66,'stu02'),(47,66,'stu03'),(50,66,'stu05'),(53,66,'stu06'),(56,66,'stu07'),(59,66,'stu08'),(62,79,'stu01'),(71,79,'stu02'),(65,82,'stu01'),(66,83,'stu01'),(113,89,'consultant_stu'),(88,95,'stu01'),(91,101,'stu01'),(80,101,'stu02'),(75,101,'stu03'),(77,101,'stu05'),(82,101,'stu06'),(84,101,'stu07'),(86,101,'stu08'),(109,134,'onefourone'),(111,134,'onefourtwo'),(95,134,'stu01'),(97,134,'stu02'),(99,134,'stu03'),(101,134,'stu05'),(103,134,'stu06'),(105,134,'stu07'),(107,134,'stu08'),(93,135,'stu01');
/*!40000 ALTER TABLE `survey_surveylist_done_target` ENABLE KEYS */;
UNLOCK TABLES;
/*!40103 SET TIME_ZONE=@OLD_TIME_ZONE */;

/*!40101 SET SQL_MODE=@OLD_SQL_MODE */;
/*!40014 SET FOREIGN_KEY_CHECKS=@OLD_FOREIGN_KEY_CHECKS */;
/*!40014 SET UNIQUE_CHECKS=@OLD_UNIQUE_CHECKS */;
/*!40101 SET CHARACTER_SET_CLIENT=@OLD_CHARACTER_SET_CLIENT */;
/*!40101 SET CHARACTER_SET_RESULTS=@OLD_CHARACTER_SET_RESULTS */;
/*!40101 SET COLLATION_CONNECTION=@OLD_COLLATION_CONNECTION */;
/*!40111 SET SQL_NOTES=@OLD_SQL_NOTES */;

-- Dump completed on 2022-08-19 10:03:08
-- MySQL dump 10.13  Distrib 8.0.28, for Win64 (x86_64)
--
-- Host: 3.36.69.192    Database: educolab
-- ------------------------------------------------------
-- Server version	8.0.30-0ubuntu0.20.04.2

/*!40101 SET @OLD_CHARACTER_SET_CLIENT=@@CHARACTER_SET_CLIENT */;
/*!40101 SET @OLD_CHARACTER_SET_RESULTS=@@CHARACTER_SET_RESULTS */;
/*!40101 SET @OLD_COLLATION_CONNECTION=@@COLLATION_CONNECTION */;
/*!50503 SET NAMES utf8 */;
/*!40103 SET @OLD_TIME_ZONE=@@TIME_ZONE */;
/*!40103 SET TIME_ZONE='+00:00' */;
/*!40014 SET @OLD_UNIQUE_CHECKS=@@UNIQUE_CHECKS, UNIQUE_CHECKS=0 */;
/*!40014 SET @OLD_FOREIGN_KEY_CHECKS=@@FOREIGN_KEY_CHECKS, FOREIGN_KEY_CHECKS=0 */;
/*!40101 SET @OLD_SQL_MODE=@@SQL_MODE, SQL_MODE='NO_AUTO_VALUE_ON_ZERO' */;
/*!40111 SET @OLD_SQL_NOTES=@@SQL_NOTES, SQL_NOTES=0 */;

--
-- Table structure for table `survey_surveylist`
--

DROP TABLE IF EXISTS `survey_surveylist`;
/*!40101 SET @saved_cs_client     = @@character_set_client */;
/*!50503 SET character_set_client = utf8mb4 */;
CREATE TABLE `survey_surveylist` (
  `id` bigint NOT NULL AUTO_INCREMENT,
  `title` varchar(45) NOT NULL,
  `created_at` datetime(6) NOT NULL,
  `updated_at` datetime(6) NOT NULL,
  `grade` int NOT NULL,
  `class_field` int NOT NULL,
  `teacher_id` varchar(20) NOT NULL,
  PRIMARY KEY (`id`),
  KEY `survey_surveylist_teacher_id_2498fad0_fk_accounts_` (`teacher_id`),
  CONSTRAINT `survey_surveylist_teacher_id_2498fad0_fk_accounts_` FOREIGN KEY (`teacher_id`) REFERENCES `accounts_userinfo` (`username`)
) ENGINE=InnoDB AUTO_INCREMENT=141 DEFAULT CHARSET=utf8mb4 COLLATE=utf8mb4_0900_ai_ci;
/*!40101 SET character_set_client = @saved_cs_client */;

--
-- Dumping data for table `survey_surveylist`
--

LOCK TABLES `survey_surveylist` WRITE;
/*!40000 ALTER TABLE `survey_surveylist` DISABLE KEYS */;
INSERT INTO `survey_surveylist` VALUES (50,'테스트 한번 해보겠습니다.','2022-08-15 17:37:45.398996','2022-08-16 04:01:01.215105',3,1,'teacher01'),(66,'영어 수업 만족도 조사','2022-08-17 06:19:31.782847','2022-08-17 06:19:31.782883',1,5,'teacher01'),(79,'수학 수업 만족도 설문조사','2022-08-17 19:12:08.484270','2022-08-18 02:14:06.851795',1,5,'teacher01'),(82,'시연용 설문조사 입니다.','2022-08-18 02:45:26.084664','2022-08-18 14:43:59.448216',1,5,'teacher01'),(83,'시연용 설문입니다. 3333','2022-08-18 03:00:01.435649','2022-08-18 14:55:03.922580',0,0,'teacher01'),(84,'시연용 설문입니다.ddd','2022-08-18 03:23:46.185201','2022-08-18 14:49:14.419530',0,0,'teacher01'),(88,'테스트','2022-08-18 05:32:08.547987','2022-08-18 14:43:16.334992',1,1,'teacher01'),(89,'희망 수학여행지 수요조사','2022-08-18 06:30:54.891992','2022-08-18 06:30:54.892031',1,5,'consultant_teach'),(91,'교육활동 전반 만족도 설문조사','2022-08-18 06:41:41.091330','2022-08-18 06:41:41.091366',1,5,'consultant_teach'),(92,'영어 수업 만족도 조사','2022-08-18 06:48:23.460429','2022-08-18 06:48:23.460464',1,5,'consultant_teach'),(93,'수학 기말고사 후 설문','2022-08-18 06:57:17.036796','2022-08-18 06:57:17.036831',0,0,'consultant_teach'),(94,'수학 수준 별 수업 만족도 설문조사','2022-08-18 07:00:49.982562','2022-08-18 07:00:49.982597',0,0,'consultant_teach'),(95,'1학년 5반 학급 체험 활동 설문조사','2022-08-18 07:08:47.723623','2022-08-18 07:08:47.723658',1,5,'consultant_teach'),(101,'오늘 점심에는 무엇을 드셨나요?','2022-08-18 13:43:01.337750','2022-08-18 14:39:11.372784',1,5,'teacher01'),(106,'설문조사입력','2022-08-18 14:56:29.398405','2022-08-18 14:56:29.398442',1,5,'teacher01'),(110,'테스트용 입니당','2022-08-18 15:17:54.091442','2022-08-18 17:37:56.619196',1,3,'teacher01'),(134,'오늘은 어떤 점심을 드셨나요???','2022-08-18 16:50:02.609491','2022-08-18 17:36:42.553120',0,0,'consultant_teach'),(135,'공통 프로젝트 만족하셨나요?','2022-08-18 16:57:36.750353','2022-08-18 17:38:26.544765',1,5,'teacher01');
/*!40000 ALTER TABLE `survey_surveylist` ENABLE KEYS */;
UNLOCK TABLES;
/*!40103 SET TIME_ZONE=@OLD_TIME_ZONE */;

/*!40101 SET SQL_MODE=@OLD_SQL_MODE */;
/*!40014 SET FOREIGN_KEY_CHECKS=@OLD_FOREIGN_KEY_CHECKS */;
/*!40014 SET UNIQUE_CHECKS=@OLD_UNIQUE_CHECKS */;
/*!40101 SET CHARACTER_SET_CLIENT=@OLD_CHARACTER_SET_CLIENT */;
/*!40101 SET CHARACTER_SET_RESULTS=@OLD_CHARACTER_SET_RESULTS */;
/*!40101 SET COLLATION_CONNECTION=@OLD_COLLATION_CONNECTION */;
/*!40111 SET SQL_NOTES=@OLD_SQL_NOTES */;

-- Dump completed on 2022-08-19 10:03:07
-- MySQL dump 10.13  Distrib 8.0.28, for Win64 (x86_64)
--
-- Host: 3.36.69.192    Database: educolab
-- ------------------------------------------------------
-- Server version	8.0.30-0ubuntu0.20.04.2

/*!40101 SET @OLD_CHARACTER_SET_CLIENT=@@CHARACTER_SET_CLIENT */;
/*!40101 SET @OLD_CHARACTER_SET_RESULTS=@@CHARACTER_SET_RESULTS */;
/*!40101 SET @OLD_COLLATION_CONNECTION=@@COLLATION_CONNECTION */;
/*!50503 SET NAMES utf8 */;
/*!40103 SET @OLD_TIME_ZONE=@@TIME_ZONE */;
/*!40103 SET TIME_ZONE='+00:00' */;
/*!40014 SET @OLD_UNIQUE_CHECKS=@@UNIQUE_CHECKS, UNIQUE_CHECKS=0 */;
/*!40014 SET @OLD_FOREIGN_KEY_CHECKS=@@FOREIGN_KEY_CHECKS, FOREIGN_KEY_CHECKS=0 */;
/*!40101 SET @OLD_SQL_MODE=@@SQL_MODE, SQL_MODE='NO_AUTO_VALUE_ON_ZERO' */;
/*!40111 SET @OLD_SQL_NOTES=@@SQL_NOTES, SQL_NOTES=0 */;

--
-- Table structure for table `survey_surveylist_target`
--

DROP TABLE IF EXISTS `survey_surveylist_target`;
/*!40101 SET @saved_cs_client     = @@character_set_client */;
/*!50503 SET character_set_client = utf8mb4 */;
CREATE TABLE `survey_surveylist_target` (
  `id` bigint NOT NULL AUTO_INCREMENT,
  `surveylist_id` bigint NOT NULL,
  `userinfo_id` varchar(20) NOT NULL,
  PRIMARY KEY (`id`),
  UNIQUE KEY `survey_surveylist_target_surveylist_id_userinfo_id_7192a8f9_uniq` (`surveylist_id`,`userinfo_id`),
  KEY `survey_surveylist_ta_userinfo_id_8e1a2a03_fk_accounts_` (`userinfo_id`),
  CONSTRAINT `survey_surveylist_ta_surveylist_id_3043991e_fk_survey_su` FOREIGN KEY (`surveylist_id`) REFERENCES `survey_surveylist` (`id`),
  CONSTRAINT `survey_surveylist_ta_userinfo_id_8e1a2a03_fk_accounts_` FOREIGN KEY (`userinfo_id`) REFERENCES `accounts_userinfo` (`username`)
) ENGINE=InnoDB AUTO_INCREMENT=656 DEFAULT CHARSET=utf8mb4 COLLATE=utf8mb4_0900_ai_ci;
/*!40101 SET character_set_client = @saved_cs_client */;

--
-- Dumping data for table `survey_surveylist_target`
--

LOCK TABLES `survey_surveylist_target` WRITE;
/*!40000 ALTER TABLE `survey_surveylist_target` DISABLE KEYS */;
INSERT INTO `survey_surveylist_target` VALUES (89,66,'stu01'),(94,66,'stu02'),(88,66,'stu03'),(90,66,'stu05'),(91,66,'stu06'),(93,66,'stu07'),(92,66,'stu08'),(182,79,'Ejddb2252'),(177,79,'stu01'),(176,79,'stu02'),(183,79,'stu03'),(179,79,'stu05'),(180,79,'stu06'),(178,79,'stu07'),(181,79,'stu08'),(376,82,'coach_stu'),(375,82,'consultant_stu'),(202,82,'Ejddb2252'),(206,82,'stu01'),(203,82,'stu02'),(204,82,'stu03'),(205,82,'stu05'),(200,82,'stu06'),(207,82,'stu07'),(201,82,'stu08'),(378,83,'coach_stu'),(377,83,'consultant_stu'),(210,83,'Ejddb2252'),(394,83,'onefourone'),(393,83,'onefourtwo'),(391,83,'onethreeone'),(392,83,'onethreeth'),(395,83,'onethreetwo'),(214,83,'stu01'),(211,83,'stu02'),(212,83,'stu03'),(213,83,'stu05'),(208,83,'stu06'),(215,83,'stu07'),(209,83,'stu08'),(380,84,'coach_stu'),(379,84,'consultant_stu'),(218,84,'Ejddb2252'),(384,84,'onefourone'),(385,84,'onefourtwo'),(381,84,'onethreeone'),(382,84,'onethreeth'),(383,84,'onethreetwo'),(222,84,'stu01'),(219,84,'stu02'),(220,84,'stu03'),(221,84,'stu05'),(216,84,'stu06'),(223,84,'stu07'),(217,84,'stu08'),(246,89,'coach_stu'),(240,89,'consultant_stu'),(242,89,'Ejddb2252'),(247,89,'stu01'),(249,89,'stu02'),(248,89,'stu03'),(245,89,'stu05'),(241,89,'stu06'),(243,89,'stu07'),(244,89,'stu08'),(266,91,'coach_stu'),(260,91,'consultant_stu'),(262,91,'Ejddb2252'),(267,91,'stu01'),(269,91,'stu02'),(268,91,'stu03'),(265,91,'stu05'),(261,91,'stu06'),(263,91,'stu07'),(264,91,'stu08'),(279,92,'coach_stu'),(274,92,'consultant_stu'),(276,92,'Ejddb2252'),(272,92,'stu01'),(278,92,'stu02'),(270,92,'stu03'),(277,92,'stu05'),(271,92,'stu06'),(275,92,'stu07'),(273,92,'stu08'),(294,93,'coach_stu'),(284,93,'consultant_stu'),(291,93,'Ejddb2252'),(285,93,'onefourone'),(286,93,'onefourtwo'),(290,93,'onethreeone'),(287,93,'onethreeth'),(289,93,'onethreetwo'),(282,93,'stu01'),(293,93,'stu02'),(280,93,'stu03'),(292,93,'stu05'),(281,93,'stu06'),(288,93,'stu07'),(283,93,'stu08'),(309,94,'coach_stu'),(299,94,'consultant_stu'),(306,94,'Ejddb2252'),(300,94,'onefourone'),(301,94,'onefourtwo'),(305,94,'onethreeone'),(302,94,'onethreeth'),(304,94,'onethreetwo'),(297,94,'stu01'),(308,94,'stu02'),(295,94,'stu03'),(307,94,'stu05'),(296,94,'stu06'),(303,94,'stu07'),(298,94,'stu08'),(319,95,'coach_stu'),(314,95,'consultant_stu'),(316,95,'Ejddb2252'),(312,95,'stu01'),(318,95,'stu02'),(310,95,'stu03'),(317,95,'stu05'),(311,95,'stu06'),(315,95,'stu07'),(313,95,'stu08'),(339,101,'coach_stu'),(344,101,'consultant_stu'),(341,101,'Ejddb2252'),(343,101,'stu01'),(340,101,'stu02'),(338,101,'stu03'),(335,101,'stu05'),(337,101,'stu06'),(342,101,'stu07'),(336,101,'stu08'),(402,106,'coach_stu'),(406,106,'consultant_stu'),(408,106,'Ejddb2252'),(403,106,'stu01'),(401,106,'stu02'),(400,106,'stu03'),(404,106,'stu05'),(399,106,'stu06'),(405,106,'stu07'),(407,106,'stu08'),(418,110,'onethreeone'),(420,110,'onethreeth'),(419,110,'onethreetwo'),(572,134,'coach_stu'),(570,134,'consultant_stu'),(576,134,'Ejddb2252'),(581,134,'onefourone'),(569,134,'onefourtwo'),(578,134,'onethreeone'),(583,134,'onethreeth'),(582,134,'onethreetwo'),(574,134,'stu01'),(577,134,'stu02'),(579,134,'stu03'),(575,134,'stu05'),(580,134,'stu06'),(573,134,'stu07'),(571,134,'stu08'),(586,135,'coach_stu'),(584,135,'consultant_stu'),(590,135,'Ejddb2252'),(588,135,'stu01'),(591,135,'stu02'),(593,135,'stu03'),(589,135,'stu05'),(592,135,'stu06'),(587,135,'stu07'),(585,135,'stu08');
/*!40000 ALTER TABLE `survey_surveylist_target` ENABLE KEYS */;
UNLOCK TABLES;
/*!40103 SET TIME_ZONE=@OLD_TIME_ZONE */;

/*!40101 SET SQL_MODE=@OLD_SQL_MODE */;
/*!40014 SET FOREIGN_KEY_CHECKS=@OLD_FOREIGN_KEY_CHECKS */;
/*!40014 SET UNIQUE_CHECKS=@OLD_UNIQUE_CHECKS */;
/*!40101 SET CHARACTER_SET_CLIENT=@OLD_CHARACTER_SET_CLIENT */;
/*!40101 SET CHARACTER_SET_RESULTS=@OLD_CHARACTER_SET_RESULTS */;
/*!40101 SET COLLATION_CONNECTION=@OLD_COLLATION_CONNECTION */;
/*!40111 SET SQL_NOTES=@OLD_SQL_NOTES */;

-- Dump completed on 2022-08-19 10:03:13
-- MySQL dump 10.13  Distrib 8.0.28, for Win64 (x86_64)
--
-- Host: 3.36.69.192    Database: educolab
-- ------------------------------------------------------
-- Server version	8.0.30-0ubuntu0.20.04.2

/*!40101 SET @OLD_CHARACTER_SET_CLIENT=@@CHARACTER_SET_CLIENT */;
/*!40101 SET @OLD_CHARACTER_SET_RESULTS=@@CHARACTER_SET_RESULTS */;
/*!40101 SET @OLD_COLLATION_CONNECTION=@@COLLATION_CONNECTION */;
/*!50503 SET NAMES utf8 */;
/*!40103 SET @OLD_TIME_ZONE=@@TIME_ZONE */;
/*!40103 SET TIME_ZONE='+00:00' */;
/*!40014 SET @OLD_UNIQUE_CHECKS=@@UNIQUE_CHECKS, UNIQUE_CHECKS=0 */;
/*!40014 SET @OLD_FOREIGN_KEY_CHECKS=@@FOREIGN_KEY_CHECKS, FOREIGN_KEY_CHECKS=0 */;
/*!40101 SET @OLD_SQL_MODE=@@SQL_MODE, SQL_MODE='NO_AUTO_VALUE_ON_ZERO' */;
/*!40111 SET @OLD_SQL_NOTES=@@SQL_NOTES, SQL_NOTES=0 */;

--
-- Table structure for table `survey_surveyquestions`
--

DROP TABLE IF EXISTS `survey_surveyquestions`;
/*!40101 SET @saved_cs_client     = @@character_set_client */;
/*!50503 SET character_set_client = utf8mb4 */;
CREATE TABLE `survey_surveyquestions` (
  `id` bigint NOT NULL AUTO_INCREMENT,
  `question_number` int NOT NULL,
  `survey_question` varchar(500) NOT NULL,
  `multiple_bogi` varchar(500) DEFAULT NULL,
  `num1` int NOT NULL,
  `num2` int NOT NULL,
  `num3` int NOT NULL,
  `num4` int NOT NULL,
  `num5` int NOT NULL,
  `survey_id` bigint NOT NULL,
  PRIMARY KEY (`id`),
  KEY `survey_surveyquestio_survey_id_0ec6ed0d_fk_survey_su` (`survey_id`),
  CONSTRAINT `survey_surveyquestio_survey_id_0ec6ed0d_fk_survey_su` FOREIGN KEY (`survey_id`) REFERENCES `survey_surveylist` (`id`)
) ENGINE=InnoDB AUTO_INCREMENT=328 DEFAULT CHARSET=utf8mb4 COLLATE=utf8mb4_0900_ai_ci;
/*!40101 SET character_set_client = @saved_cs_client */;

--
-- Dumping data for table `survey_surveyquestions`
--

LOCK TABLES `survey_surveyquestions` WRITE;
/*!40000 ALTER TABLE `survey_surveyquestions` DISABLE KEYS */;
INSERT INTO `survey_surveyquestions` VALUES (133,1,'1234','1/2/3/4/',0,0,0,0,0,50),(134,2,'1234',NULL,0,0,0,0,0,50),(145,1,'영어 수업은 학생들의 흥미를 이끄는 요소가 충분하다고 생각하십니까?','매우 만족/만족/보통/불만족/매우 불만족',0,0,1,2,4,66),(146,2,'영어 수업을 들을 때 집중이 잘 되십니까?','매우 잘 됨/잘 됨/보통/안 됨/매우 안됨',0,0,1,3,3,66),(147,3,'영어 수업에 대해 전달하고 싶은 의견이 있다면 적어주시기 바랍니다.',NULL,0,0,0,0,0,66),(166,1,'수학 수업의 난이도는 적합하다고 생각하십니까?','매우 만족/만족/보통/불만족/매우 불만족만족',0,1,0,0,0,79),(178,1,'가고싶은 수항여행지에 투표해주세요','경주/서울/일본/중국/제주도',0,1,0,0,0,89),(179,2,'그 외 가고 싶은 수학 여행지가 있다면 자유롭게 적어주세요',NULL,0,0,0,0,0,89),(183,1,'우리 학교에서 이루어지는 교육 전반적으로 만족스러우신가요?','매우만족/만족/보통/불만족/매우 불만족',0,0,0,0,0,91),(184,2,'수련활동, 행사 등에 대해서 만족스러우신가요?','매우 만족/만족/보통/불만족/매우 불만족',0,0,0,0,0,91),(185,3,'학교 교육 전반적으로 하고싶은 말이 있다면 자유롭게 적어주세요',NULL,0,0,0,0,0,91),(186,1,'수학 수업은 학생들의 흥미를 이끄는 요소가 충분하다고 생각하십니까?','매우 만족/만족/보통/불만족/매우 불만족',0,0,0,0,0,92),(187,2,'수학 수업을 들을 때 집중이 잘 되십니까?','매우 잘 됨/잘 됨/보통/안 됨/매우 안 됨',0,0,0,0,0,92),(188,3,'수학 수업에 대해 전달하고 싶은 의견이 있다면 적어주시기 바랍니다.',NULL,0,0,0,0,0,92),(189,1,'기말고사 수학과목의 난이도는 적절했나요?','매우 만족/만족/보통/불만족/매우 불만족',0,0,0,0,0,93),(190,2,'이번 기말고사 수학 과목에 대해 하고 싶은 말이 있다면 자유롭게 적어주세요',NULL,0,0,0,0,0,93),(191,3,'수학 수업에 대해 전달하고 싶은 의견이 있다면 적어주시기 바랍니다.',NULL,0,0,0,0,0,93),(192,1,'수준 별 수업을 통해 자신에게 알맞은 수업을 들을 수 있었나요?','매우 만족/만족/보통/불만족/매우 불만족',0,0,0,0,0,94),(193,2,'수준 별 수업이 도움이 되었거나 되지 않았다면 그 이유를 적어주세요',NULL,0,0,0,0,0,94),(194,3,'그 외 수학 수업에 대해 하고 싶은 말을 자유롭게 적어주세요.',NULL,0,0,0,0,0,94),(195,1,'원하는 체험 활동을 선택해주세요.','영화 시청/박물관 견학/익스트림 스포츠 : 클라이밍/뮤지컬 관람/직업 체험관 견학',0,1,0,0,0,95),(196,2,'수준 별 수업이 도움이 되었거나 되지 않았다면 그 이유를 적어주세요',NULL,0,0,0,0,0,95),(197,3,'그 외 수학 수업에 대해 하고 싶은 말을 자유롭게 적어주세요.',NULL,0,0,0,0,0,95),(223,1,'어떤 메뉴를 드셨나요?',NULL,0,0,0,0,0,101),(224,2,'점심 메뉴에 대한 만족도는 어떠신가요?','매우 맛있음/맛있음/보통/맛없음/매우 맛없음',3,3,2,0,0,101),(225,3,'삭제할 것',NULL,0,0,0,0,0,88),(226,1,'만족도를 입력해주세요','매우 만족/만족/보통/불만족/매우 불만족',0,0,0,0,0,82),(230,1,'s','s/s/s/s/s',0,0,0,0,0,84),(231,2,'수정 시도','up/d/a/t/e',0,0,0,0,0,84),(238,1,'시연 만족도는 어느정도 입니까?','매우 만족/만족/보통/불만족/매우 불만족',0,0,0,0,0,83),(239,2,'시연에 대해 더 할말이 있나요?',NULL,0,0,0,0,0,83),(240,3,'dfsdf','df/d/f/f/s',0,0,0,0,0,83),(244,1,'시연 만족도는 어느정도 입니까?','매우 만족/만족/보통/불만족/매우 불만족',0,0,0,0,0,106),(245,2,'시연에 대해 더 할말이 있나요?',NULL,0,0,0,0,0,106),(246,3,'dfsdf','df/d/f/f/s',0,0,0,0,0,106),(314,1,'어떤 점심을 드셨나요?',NULL,0,0,0,0,0,134),(315,2,'맛있게 드셨나요?','매우 만족/만족/보통/불만족/매우 불만족',4,3,2,0,0,134),(317,1,'ㅁㄴㅇㄹ','1/2/3/4/5',0,0,0,0,0,110),(318,1,'공통프로젝트에 관해서 의견을 제시해 주세요',NULL,0,0,0,0,0,135);
/*!40000 ALTER TABLE `survey_surveyquestions` ENABLE KEYS */;
UNLOCK TABLES;
/*!40103 SET TIME_ZONE=@OLD_TIME_ZONE */;

/*!40101 SET SQL_MODE=@OLD_SQL_MODE */;
/*!40014 SET FOREIGN_KEY_CHECKS=@OLD_FOREIGN_KEY_CHECKS */;
/*!40014 SET UNIQUE_CHECKS=@OLD_UNIQUE_CHECKS */;
/*!40101 SET CHARACTER_SET_CLIENT=@OLD_CHARACTER_SET_CLIENT */;
/*!40101 SET CHARACTER_SET_RESULTS=@OLD_CHARACTER_SET_RESULTS */;
/*!40101 SET COLLATION_CONNECTION=@OLD_COLLATION_CONNECTION */;
/*!40111 SET SQL_NOTES=@OLD_SQL_NOTES */;

-- Dump completed on 2022-08-19 10:03:20
-- MySQL dump 10.13  Distrib 8.0.28, for Win64 (x86_64)
--
-- Host: 3.36.69.192    Database: educolab
-- ------------------------------------------------------
-- Server version	8.0.30-0ubuntu0.20.04.2

/*!40101 SET @OLD_CHARACTER_SET_CLIENT=@@CHARACTER_SET_CLIENT */;
/*!40101 SET @OLD_CHARACTER_SET_RESULTS=@@CHARACTER_SET_RESULTS */;
/*!40101 SET @OLD_COLLATION_CONNECTION=@@COLLATION_CONNECTION */;
/*!50503 SET NAMES utf8 */;
/*!40103 SET @OLD_TIME_ZONE=@@TIME_ZONE */;
/*!40103 SET TIME_ZONE='+00:00' */;
/*!40014 SET @OLD_UNIQUE_CHECKS=@@UNIQUE_CHECKS, UNIQUE_CHECKS=0 */;
/*!40014 SET @OLD_FOREIGN_KEY_CHECKS=@@FOREIGN_KEY_CHECKS, FOREIGN_KEY_CHECKS=0 */;
/*!40101 SET @OLD_SQL_MODE=@@SQL_MODE, SQL_MODE='NO_AUTO_VALUE_ON_ZERO' */;
/*!40111 SET @OLD_SQL_NOTES=@@SQL_NOTES, SQL_NOTES=0 */;

--
-- Table structure for table `survey_surveyquestionsanswer`
--

DROP TABLE IF EXISTS `survey_surveyquestionsanswer`;
/*!40101 SET @saved_cs_client     = @@character_set_client */;
/*!50503 SET character_set_client = utf8mb4 */;
CREATE TABLE `survey_surveyquestionsanswer` (
  `id` bigint NOT NULL AUTO_INCREMENT,
  `content` longtext NOT NULL,
  `question_id` bigint DEFAULT NULL,
  PRIMARY KEY (`id`),
  KEY `survey_surveyquestio_question_id_4f1a0d3d_fk_survey_su` (`question_id`),
  CONSTRAINT `survey_surveyquestio_question_id_4f1a0d3d_fk_survey_su` FOREIGN KEY (`question_id`) REFERENCES `survey_surveyquestions` (`id`)
) ENGINE=InnoDB AUTO_INCREMENT=48 DEFAULT CHARSET=utf8mb4 COLLATE=utf8mb4_0900_ai_ci;
/*!40101 SET character_set_client = @saved_cs_client */;

--
-- Dumping data for table `survey_surveyquestionsanswer`
--

LOCK TABLES `survey_surveyquestionsanswer` WRITE;
/*!40000 ALTER TABLE `survey_surveyquestionsanswer` DISABLE KEYS */;
INSERT INTO `survey_surveyquestionsanswer` VALUES (16,'영어 수업이 너무 지루해요',147),(17,'너무 중구난방으로 수업해서 잘 못따라가겠어요!',147),(18,'이 문제좀 가르쳐주세요. I\'m the top class ...',147),(19,'차라리 혼자 공부하는 게 낫겠어요...',147),(20,'너무 졸려서 저도 모르게 잠들었어요',147),(21,'싸피만세',147),(22,'조동사 배우는데 교과서에 나오는 민수의 조동아리를 꿰메고 싶어요',147),(27,'미역국에 밥 말아먹었어요',223),(28,'햄버거',223),(29,'육전 시래기국ㅎ',223),(30,'밥을먹었는데요?',223),(31,'라면이요',223),(32,'피자',223),(33,'간장계란밥',223),(34,'fgtrtyg',196),(35,'44rsdyuu',197),(36,'rtji',223),(38,'햄버거요',314),(39,'피자용',314),(40,'맛있는미역국',314),(41,'삼겹살',314),(42,'초밥',314),(43,'카레라이스',314),(44,'짜장면',314),(45,'국밥',314),(46,'랍스타',314),(47,'순천만정원박람회가그렇게이쁘다던데',179);
/*!40000 ALTER TABLE `survey_surveyquestionsanswer` ENABLE KEYS */;
UNLOCK TABLES;
/*!40103 SET TIME_ZONE=@OLD_TIME_ZONE */;

/*!40101 SET SQL_MODE=@OLD_SQL_MODE */;
/*!40014 SET FOREIGN_KEY_CHECKS=@OLD_FOREIGN_KEY_CHECKS */;
/*!40014 SET UNIQUE_CHECKS=@OLD_UNIQUE_CHECKS */;
/*!40101 SET CHARACTER_SET_CLIENT=@OLD_CHARACTER_SET_CLIENT */;
/*!40101 SET CHARACTER_SET_RESULTS=@OLD_CHARACTER_SET_RESULTS */;
/*!40101 SET COLLATION_CONNECTION=@OLD_COLLATION_CONNECTION */;
/*!40111 SET SQL_NOTES=@OLD_SQL_NOTES */;

-- Dump completed on 2022-08-19 10:03:13
